timestamp,asset_id,mode,temperature_c,pressure_bar,flow_lpm,level_pct,heater_power_pct,vibration_mm_s,energy_kwh,product_quality_pct,status
2026-01-01T08:00:00,tank01,normal,79.13,2.02,45.74,67.35,69.26,1.26,12.44,94.86,NORMAL
2026-01-01T08:00:05,tank01,normal,78.82,2.04,46.19,67.23,72.31,1.59,12.68,94.91,NORMAL
2026-01-01T08:00:10,tank01,normal,78.92,2.03,45.05,65.07,74.68,1.62,12.89,95.12,NORMAL
2026-01-01T08:00:15,tank01,high_temp,93.67,2.08,47.64,66.35,81.14,1.68,13.84,83.17,CRITICAL
2026-01-01T08:00:20,tank01,overpressure,79.19,3.02,47.08,65.55,74.61,1.64,13.45,89.51,CRITICAL
2026-01-01T08:00:25,tank01,normal,81.26,2.02,48.29,66.19,73.58,1.64,12.81,92.62,NORMAL
2026-01-01T08:00:30,tank01,normal,80.99,2.12,47.8,68.3,73.84,1.91,12.89,92.47,NORMAL
2026-01-01T08:00:35,tank01,normal,80.99,2.13,47.69,70.89,73.43,1.54,12.87,92.42,NORMAL
2026-01-01T08:00:40,tank01,normal,81.55,2.09,46.02,70.9,73.83,1.55,12.92,92.65,NORMAL
2026-01-01T08:00:45,tank01,high_temp,96.56,2.05,48.02,69.0,82.9,1.79,14.04,81.06,CRITICAL
2026-01-01T08:00:50,tank01,normal,83.46,2.1,47.38,70.58,73.0,1.86,12.89,90.83,NORMAL
2026-01-01T08:00:55,tank01,normal,81.93,2.18,47.08,68.85,73.07,1.47,12.9,91.64,NORMAL
2026-01-01T08:01:00,tank01,normal,82.53,2.31,47.09,69.39,76.64,1.62,13.29,90.51,NORMAL
2026-01-01T08:01:05,tank01,normal,82.15,2.1,47.98,70.05,77.84,1.56,13.23,91.65,NORMAL
2026-01-01T08:01:10,tank01,low_quality,89.89,2.14,38.55,67.96,84.82,1.5,14.19,84.75,WARNING
2026-01-01T08:01:15,tank01,normal,82.29,2.18,44.23,70.71,76.71,1.41,13.25,91.67,NORMAL
2026-01-01T08:01:20,tank01,normal,82.17,2.25,46.43,69.21,74.38,1.29,13.07,91.28,NORMAL
2026-01-01T08:01:25,tank01,normal,81.19,2.08,45.62,68.54,76.78,1.41,13.14,93.03,NORMAL
2026-01-01T08:01:30,tank01,normal,82.26,2.1,45.3,69.1,78.02,1.49,13.29,92.24,NORMAL
2026-01-01T08:01:35,tank01,high_vibration,81.19,2.17,45.81,70.83,74.85,4.27,13.04,83.5,CRITICAL
2026-01-01T08:01:40,tank01,normal,79.38,2.12,44.6,69.02,74.78,1.51,12.97,94.28,NORMAL
2026-01-01T08:01:45,tank01,high_temp,93.74,2.16,44.8,69.78,80.18,1.38,13.85,83.34,CRITICAL
2026-01-01T08:01:50,tank01,normal,79.17,2.16,42.53,69.25,73.43,1.36,12.91,93.72,NORMAL
2026-01-01T08:01:55,tank01,normal,78.79,2.21,42.95,69.19,72.91,1.52,12.88,93.85,NORMAL
2026-01-01T08:02:00,tank01,normal,79.33,2.18,41.52,68.77,72.72,1.04,12.88,93.25,NORMAL
2026-01-01T08:02:05,tank01,normal,78.26,2.11,41.32,69.76,71.21,1.1,12.69,94.34,NORMAL
2026-01-01T08:02:10,tank01,low_quality,85.74,2.09,33.11,70.91,80.85,1.44,13.8,86.76,WARNING
2026-01-01T08:02:15,tank01,normal,76.03,2.07,42.01,71.33,67.39,1.48,12.28,93.42,NORMAL
2026-01-01T08:02:20,tank01,normal,79.03,2.1,43.24,65.6,72.13,1.28,12.75,94.31,NORMAL
2026-01-01T08:02:25,tank01,normal,75.16,2.02,41.87,68.24,65.7,1.74,12.1,92.97,NORMAL
2026-01-01T08:02:30,tank01,normal,75.51,1.95,40.3,69.05,70.12,1.48,12.44,92.72,NORMAL
2026-01-01T08:02:35,tank01,high_temp,89.35,2.03,43.72,66.98,73.18,1.46,13.09,87.04,WARNING
2026-01-01T08:02:40,tank01,normal,73.85,1.95,43.2,66.35,67.59,1.55,12.14,92.17,NORMAL
2026-01-01T08:02:45,tank01,normal,73.43,1.92,43.31,67.12,67.31,1.53,12.09,91.75,NORMAL
2026-01-01T08:02:50,tank01,normal,73.62,1.91,42.75,65.38,66.85,1.59,12.06,91.71,NORMAL
2026-01-01T08:02:55,tank01,high_temp,88.15,1.98,43.8,64.81,72.45,1.89,12.97,88.01,WARNING
2026-01-01T08:03:00,tank01,normal,71.24,1.97,45.0,65.28,65.32,1.79,11.87,90.76,NORMAL
2026-01-01T08:03:05,tank01,high_vibration,75.21,1.84,44.79,65.39,65.88,4.49,11.96,83.08,CRITICAL
2026-01-01T08:03:10,tank01,normal,75.21,1.89,47.3,64.57,63.75,1.91,11.78,92.79,NORMAL
2026-01-01T08:03:15,tank01,high_vibration,74.43,1.9,47.02,65.0,63.93,4.9,11.78,80.74,CRITICAL
2026-01-01T08:03:20,tank01,high_temp,88.66,1.95,46.48,65.03,74.48,1.53,13.09,87.36,WARNING
2026-01-01T08:03:25,tank01,normal,73.99,1.89,48.52,63.29,63.24,1.58,11.68,91.56,NORMAL
2026-01-01T08:03:30,tank01,high_temp,88.05,1.85,47.67,62.89,74.42,1.43,12.99,87.03,WARNING
2026-01-01T08:03:35,tank01,normal,75.71,1.8,47.88,63.0,62.94,1.92,11.67,92.57,NORMAL
2026-01-01T08:03:40,tank01,low_flow,76.65,2.02,32.98,63.02,66.33,1.74,12.32,91.88,WARNING
2026-01-01T08:03:45,tank01,overpressure,75.04,2.89,49.12,64.09,67.18,1.24,12.62,88.3,CRITICAL
2026-01-01T08:03:50,tank01,low_flow,76.54,2.09,32.93,60.43,67.21,1.39,12.43,91.43,WARNING
2026-01-01T08:03:55,tank01,overpressure,77.12,2.81,48.07,60.66,67.18,1.25,12.66,90.5,CRITICAL
2026-01-01T08:04:00,tank01,normal,77.73,1.8,47.31,62.97,65.58,1.46,11.95,94.23,NORMAL
2026-01-01T08:04:05,tank01,normal,77.11,1.94,48.37,60.53,65.05,1.27,11.96,94.21,NORMAL
2026-01-01T08:04:10,tank01,low_quality,84.52,1.83,41.18,62.64,78.2,1.71,13.27,89.33,NORMAL
2026-01-01T08:04:15,tank01,normal,79.52,1.9,46.96,59.32,65.68,1.22,12.08,93.87,NORMAL
2026-01-01T08:04:20,tank01,normal,78.8,1.86,46.66,60.15,69.36,1.23,12.33,94.27,NORMAL
2026-01-01T08:04:25,tank01,high_temp,93.74,1.81,46.01,60.46,75.63,1.19,13.26,82.99,CRITICAL
2026-01-01T08:04:30,tank01,normal,80.97,1.83,45.53,61.02,67.7,1.38,12.26,92.79,NORMAL
2026-01-01T08:04:35,tank01,normal,81.21,1.94,46.53,59.34,71.33,1.19,12.61,92.92,NORMAL
2026-01-01T08:04:40,tank01,normal,80.96,1.92,44.56,61.24,68.38,1.21,12.38,93.25,NORMAL
2026-01-01T08:04:45,tank01,normal,80.77,1.94,42.37,60.47,71.22,1.25,12.65,92.98,NORMAL
2026-01-01T08:04:50,tank01,normal,80.42,1.94,42.96,62.01,71.63,1.14,12.66,93.36,NORMAL
2026-01-01T08:04:55,tank01,normal,81.81,1.97,43.4,61.57,72.59,1.35,12.79,92.59,NORMAL
2026-01-01T08:05:00,tank01,normal,81.53,1.95,42.63,59.02,72.93,1.65,12.81,92.5,NORMAL
2026-01-01T08:05:05,tank01,normal,81.99,1.9,43.38,61.29,75.11,1.8,12.96,92.11,NORMAL
2026-01-01T08:05:10,tank01,normal,82.57,2.01,42.94,59.63,74.65,1.3,13.01,91.98,NORMAL
2026-01-01T08:05:15,tank01,low_quality,88.34,1.95,35.12,59.89,84.08,1.37,14.02,85.52,WARNING
2026-01-01T08:05:20,tank01,low_flow,80.22,2.25,27.0,59.83,74.78,1.7,13.33,88.58,CRITICAL
2026-01-01T08:05:25,tank01,normal,81.79,1.99,41.5,60.78,76.29,1.68,13.13,92.22,NORMAL
2026-01-01T08:05:30,tank01,normal,81.05,2.12,42.46,62.44,74.69,1.43,13.04,92.5,NORMAL
2026-01-01T08:05:35,tank01,normal,80.36,2.11,41.64,62.52,72.88,1.83,12.88,92.85,NORMAL
2026-01-01T08:05:40,tank01,normal,80.34,1.99,42.46,61.29,77.29,1.69,13.15,93.58,NORMAL
2026-01-01T08:05:45,tank01,high_temp,95.7,2.0,41.35,63.8,82.03,1.64,14.01,81.81,CRITICAL
2026-01-01T08:05:50,tank01,normal,80.25,2.16,43.79,63.41,75.34,1.56,13.07,93.2,NORMAL
2026-01-01T08:05:55,tank01,normal,79.24,2.12,43.24,63.41,74.42,1.81,12.96,94.01,NORMAL
2026-01-01T08:06:00,tank01,normal,78.91,2.11,43.55,64.1,75.05,1.75,12.98,94.42,NORMAL
2026-01-01T08:06:05,tank01,normal,78.75,2.09,44.33,62.15,75.59,1.72,13.0,94.84,NORMAL
2026-01-01T08:06:10,tank01,normal,74.86,2.09,44.03,66.24,75.75,1.42,12.9,92.96,NORMAL
2026-01-01T08:06:15,tank01,high_temp,92.21,2.13,45.81,65.34,84.55,1.76,14.12,84.47,CRITICAL
2026-01-01T08:06:20,tank01,normal,77.45,2.22,45.85,64.94,72.64,1.41,12.78,94.26,NORMAL
2026-01-01T08:06:25,tank01,normal,77.59,2.03,46.42,66.25,73.27,1.73,12.71,95.18,NORMAL
2026-01-01T08:06:30,tank01,low_quality,83.25,2.2,39.92,67.32,83.13,1.43,13.87,89.8,NORMAL
2026-01-01T08:06:35,tank01,low_flow,76.46,2.34,33.95,69.25,73.35,1.31,13.06,90.37,WARNING
2026-01-01T08:06:40,tank01,normal,74.77,2.19,46.46,69.21,72.78,1.34,12.68,92.27,NORMAL
2026-01-01T08:06:45,tank01,low_quality,82.07,2.07,39.42,66.38,81.46,0.99,13.63,91.2,NORMAL
2026-01-01T08:06:50,tank01,normal,75.1,2.08,46.91,68.09,71.07,1.23,12.48,92.96,NORMAL
2026-01-01T08:06:55,tank01,overpressure,74.65,3.11,48.47,67.68,68.54,1.37,12.86,87.07,CRITICAL
2026-01-01T08:07:00,tank01,normal,75.81,2.14,48.26,69.34,70.29,1.18,12.46,92.85,NORMAL
2026-01-01T08:07:05,tank01,overpressure,73.93,3.07,50.13,69.05,71.27,1.42,13.01,86.3,CRITICAL
2026-01-01T08:07:10,tank01,normal,74.09,2.02,47.17,68.01,68.74,1.24,12.23,92.41,NORMAL
2026-01-01T08:07:15,tank01,normal,73.76,2.05,46.7,68.67,66.38,1.28,12.05,92.15,NORMAL
2026-01-01T08:07:20,tank01,high_temp,87.43,2.14,47.21,70.43,76.03,1.39,13.28,87.66,WARNING
2026-01-01T08:07:25,tank01,normal,72.81,2.04,47.2,70.46,64.34,1.37,11.85,91.34,NORMAL
2026-01-01T08:07:30,tank01,low_quality,81.64,2.04,39.02,70.28,76.33,1.47,13.2,91.57,NORMAL
2026-01-01T08:07:35,tank01,normal,73.87,2.02,47.23,69.67,65.45,1.34,11.96,92.22,NORMAL
2026-01-01T08:07:40,tank01,overpressure,73.14,3.02,44.71,69.37,64.38,1.49,12.49,87.16,CRITICAL
2026-01-01T08:07:45,tank01,normal,75.94,1.98,45.52,68.91,66.78,1.58,12.13,94.24,NORMAL
2026-01-01T08:07:50,tank01,normal,76.06,2.04,43.67,73.61,66.45,1.7,12.17,94.01,NORMAL
2026-01-01T08:07:55,tank01,normal,76.0,1.94,43.16,69.76,61.54,1.67,11.72,93.74,NORMAL
2026-01-01T08:08:00,tank01,low_quality,83.91,2.02,34.53,68.62,75.11,1.57,13.22,88.83,WARNING
2026-01-01T08:08:05,tank01,normal,76.51,1.92,43.41,70.18,65.68,1.64,12.05,94.08,NORMAL
2026-01-01T08:08:10,tank01,normal,77.09,1.97,42.49,67.81,61.81,1.73,11.8,94.52,NORMAL
2026-01-01T08:08:15,tank01,high_vibration,78.0,1.85,41.43,67.07,62.36,4.77,11.82,83.29,CRITICAL
2026-01-01T08:08:20,tank01,normal,79.49,1.86,42.78,69.54,63.27,1.93,11.92,93.6,NORMAL
2026-01-01T08:08:25,tank01,normal,78.63,1.92,41.59,67.27,65.99,1.64,12.17,94.27,NORMAL
2026-01-01T08:08:30,tank01,normal,79.41,1.89,41.3,69.17,64.59,1.76,12.07,93.47,NORMAL
2026-01-01T08:08:35,tank01,low_quality,88.22,1.82,37.38,67.0,74.36,1.58,13.13,85.53,WARNING
2026-01-01T08:08:40,tank01,normal,80.16,1.81,40.91,65.95,66.13,1.85,12.17,92.42,NORMAL
2026-01-01T08:08:45,tank01,normal,80.18,1.86,41.75,68.67,64.32,1.38,12.04,92.87,NORMAL
2026-01-01T08:08:50,tank01,normal,80.66,1.82,44.0,66.69,64.67,1.56,12.02,92.84,NORMAL
2026-01-01T08:08:55,tank01,normal,80.27,1.97,41.86,67.88,68.97,1.56,12.48,93.37,NORMAL
2026-01-01T08:09:00,tank01,normal,81.05,1.87,42.13,68.21,65.57,1.36,12.17,92.34,NORMAL
2026-01-01T08:09:05,tank01,normal,79.96,1.82,42.23,66.98,70.89,1.78,12.53,92.92,NORMAL
2026-01-01T08:09:10,tank01,normal,81.89,1.88,42.89,65.39,72.51,1.72,12.74,91.95,NORMAL
2026-01-01T08:09:15,tank01,high_vibration,81.57,1.86,44.98,64.23,68.9,4.25,12.4,83.63,CRITICAL
2026-01-01T08:09:20,tank01,normal,83.14,1.74,45.0,66.56,67.41,1.61,12.25,90.83,NORMAL
2026-01-01T08:09:25,tank01,normal,83.13,1.79,45.19,66.72,67.59,1.53,12.3,91.07,NORMAL
2026-01-01T08:09:30,tank01,normal,82.17,1.83,45.58,65.73,73.0,1.33,12.72,91.89,NORMAL
2026-01-01T08:09:35,tank01,normal,81.03,1.87,45.33,63.32,70.63,1.35,12.52,92.98,NORMAL
2026-01-01T08:09:40,tank01,normal,81.2,1.82,46.98,65.47,74.91,1.37,12.82,92.23,NORMAL
2026-01-01T08:09:45,tank01,high_temp,95.57,1.85,46.33,61.11,82.85,1.28,13.91,81.74,CRITICAL
2026-01-01T08:09:50,tank01,normal,79.89,1.91,48.75,60.85,71.95,1.37,12.57,93.18,NORMAL
2026-01-01T08:09:55,tank01,normal,80.46,1.87,47.45,61.71,70.28,1.39,12.45,92.89,NORMAL
2026-01-01T08:10:00,tank01,normal,79.79,1.86,48.95,60.06,75.55,1.23,12.82,92.99,NORMAL
2026-01-01T08:10:05,tank01,normal,79.5,1.86,48.16,61.39,76.94,1.45,12.94,93.4,NORMAL
2026-01-01T08:10:10,tank01,high_vibration,80.63,1.96,47.62,61.55,73.32,4.17,12.75,84.48,CRITICAL
2026-01-01T08:10:15,tank01,normal,78.23,1.87,49.45,61.67,75.23,1.57,12.75,94.08,NORMAL
2026-01-01T08:10:20,tank01,normal,77.32,1.98,47.89,60.11,78.48,1.62,13.07,94.65,NORMAL
2026-01-01T08:10:25,tank01,normal,77.93,2.12,48.13,61.65,75.91,1.63,12.96,94.59,NORMAL
2026-01-01T08:10:30,tank01,normal,77.91,1.92,46.97,59.79,74.71,1.6,12.76,95.04,NORMAL
2026-01-01T08:10:35,tank01,normal,76.31,1.99,46.83,62.59,76.44,1.73,12.9,94.25,NORMAL
2026-01-01T08:10:40,tank01,normal,76.46,2.11,43.9,58.45,74.72,2.02,12.88,93.92,NORMAL
2026-01-01T08:10:45,tank01,normal,75.78,2.13,45.37,58.24,77.67,1.71,13.08,93.61,NORMAL
2026-01-01T08:10:50,tank01,normal,76.07,2.05,45.84,58.45,74.2,1.85,12.76,94.07,NORMAL
2026-01-01T08:10:55,tank01,normal,74.59,2.02,44.05,58.07,72.93,1.46,12.62,93.12,NORMAL
2026-01-01T08:11:00,tank01,normal,74.51,2.15,43.19,59.09,75.87,1.77,12.95,92.18,NORMAL
2026-01-01T08:11:05,tank01,high_temp,88.74,2.13,41.67,59.29,79.13,1.64,13.65,86.44,WARNING
2026-01-01T08:11:10,tank01,low_flow,74.26,2.46,26.92,60.41,73.87,1.55,13.21,86.35,CRITICAL
2026-01-01T08:11:15,tank01,normal,74.58,2.12,44.87,59.79,72.7,1.26,12.65,92.79,NORMAL
2026-01-01T08:11:20,tank01,low_quality,82.3,2.09,34.8,60.24,81.19,1.62,13.7,89.77,WARNING
2026-01-01T08:11:25,tank01,normal,73.5,2.08,43.4,58.06,73.05,1.69,12.65,91.81,NORMAL
2026-01-01T08:11:30,tank01,normal,74.79,2.1,42.78,60.41,74.14,1.7,12.79,92.52,NORMAL
2026-01-01T08:11:35,tank01,high_vibration,73.83,2.2,43.47,63.32,70.33,4.72,12.51,80.63,CRITICAL
2026-01-01T08:11:40,tank01,normal,74.57,2.13,40.72,61.87,70.09,1.15,12.51,91.69,NORMAL
2026-01-01T08:11:45,tank01,normal,74.41,2.12,41.66,61.93,68.05,1.49,12.32,91.87,NORMAL
2026-01-01T08:11:50,tank01,low_quality,83.44,2.16,32.04,63.0,79.34,1.38,13.66,87.89,WARNING
2026-01-01T08:11:55,tank01,high_temp,86.87,2.11,41.71,63.26,76.56,1.47,13.37,87.99,WARNING
2026-01-01T08:12:00,tank01,overpressure,74.22,3.16,41.77,61.42,70.26,1.4,13.12,86.55,CRITICAL
2026-01-01T08:12:05,tank01,normal,76.47,2.18,44.24,63.91,67.33,1.44,12.32,93.76,NORMAL
2026-01-01T08:12:10,tank01,overpressure,75.96,3.15,43.28,63.39,67.02,1.25,12.88,88.28,CRITICAL
2026-01-01T08:12:15,tank01,normal,76.63,2.15,43.54,63.61,68.61,1.33,12.42,93.86,NORMAL
2026-01-01T08:12:20,tank01,normal,76.89,2.14,45.52,64.89,63.05,1.26,11.95,94.36,NORMAL
2026-01-01T08:12:25,tank01,normal,77.77,2.04,45.43,65.57,65.51,1.29,12.12,95.53,NORMAL
2026-01-01T08:12:30,tank01,low_flow,78.75,2.29,27.86,65.89,66.33,1.38,12.63,89.7,CRITICAL
2026-01-01T08:12:35,tank01,normal,78.24,2.02,45.89,65.25,66.24,1.43,12.17,95.5,NORMAL
2026-01-01T08:12:40,tank01,normal,78.91,2.13,45.32,65.59,66.08,1.35,12.25,94.59,NORMAL
2026-01-01T08:12:45,tank01,normal,79.27,2.03,46.0,64.08,62.59,1.18,11.91,94.64,NORMAL
2026-01-01T08:12:50,tank01,high_temp,94.2,2.08,47.04,67.8,70.52,1.46,13.01,82.92,CRITICAL
2026-01-01T08:12:55,tank01,normal,79.36,2.05,46.92,67.59,64.5,1.43,12.07,94.25,NORMAL
2026-01-01T08:13:00,tank01,low_flow,81.1,2.26,32.46,65.28,62.21,1.43,12.28,89.22,WARNING
2026-01-01T08:13:05,tank01,normal,80.94,2.01,46.99,69.24,64.23,1.23,12.07,93.26,NORMAL
2026-01-01T08:13:10,tank01,high_temp,96.48,1.96,47.23,69.42,72.95,1.79,13.2,81.37,CRITICAL
2026-01-01T08:13:15,tank01,normal,82.85,2.02,46.97,69.97,62.3,1.49,11.98,91.78,NORMAL
2026-01-01T08:13:20,tank01,overpressure,83.29,2.93,47.0,67.63,68.49,1.7,13.03,86.9,CRITICAL
2026-01-01T08:13:25,tank01,low_flow,81.89,2.21,32.64,68.03,65.41,1.68,12.53,88.94,WARNING
2026-01-01T08:13:30,tank01,overpressure,81.26,2.9,48.48,70.57,68.4,1.73,12.92,88.21,CRITICAL
2026-01-01T08:13:35,tank01,normal,81.35,1.93,46.44,70.86,66.8,1.51,12.24,92.76,NORMAL
2026-01-01T08:13:40,tank01,normal,82.36,1.9,46.1,68.42,66.73,1.92,12.26,91.97,NORMAL
2026-01-01T08:13:45,tank01,normal,81.19,1.9,46.73,69.18,66.53,1.75,12.2,92.67,NORMAL
2026-01-01T08:13:50,tank01,normal,80.41,1.88,47.15,70.22,68.11,1.67,12.28,93.06,NORMAL
2026-01-01T08:13:55,tank01,normal,81.45,1.89,45.78,71.02,71.39,1.68,12.6,92.68,NORMAL
2026-01-01T08:14:00,tank01,normal,80.14,1.91,43.62,69.99,69.77,1.58,12.48,93.62,NORMAL
2026-01-01T08:14:05,tank01,overpressure,80.85,2.86,46.4,68.86,68.5,1.52,12.92,89.22,CRITICAL
2026-01-01T08:14:10,tank01,high_temp,93.97,1.86,45.12,70.11,79.56,1.37,13.63,83.32,CRITICAL
2026-01-01T08:14:15,tank01,low_flow,80.19,2.09,29.23,69.16,70.0,1.43,12.82,89.97,CRITICAL
2026-01-01T08:14:20,tank01,normal,79.16,1.89,43.14,70.44,71.45,1.49,12.58,94.12,NORMAL
2026-01-01T08:14:25,tank01,normal,79.57,1.83,42.77,67.48,73.23,1.35,12.7,93.39,NORMAL
2026-01-01T08:14:30,tank01,normal,78.82,1.92,42.75,67.76,74.5,1.65,12.83,94.41,NORMAL
2026-01-01T08:14:35,tank01,normal,78.0,1.77,40.44,70.18,71.93,1.3,12.55,93.73,NORMAL
2026-01-01T08:14:40,tank01,normal,78.21,1.81,42.37,69.46,73.18,1.4,12.65,94.24,NORMAL
2026-01-01T08:14:45,tank01,normal,77.87,1.89,41.68,70.06,77.46,1.43,13.04,94.52,NORMAL
2026-01-01T08:14:50,tank01,normal,77.54,1.8,41.2,67.61,73.32,1.35,12.66,93.72,NORMAL
2026-01-01T08:14:55,tank01,low_flow,76.75,2.1,27.52,66.63,74.74,1.46,13.13,90.17,CRITICAL
2026-01-01T08:15:00,tank01,normal,75.98,1.91,42.82,67.27,75.32,1.13,12.81,93.47,NORMAL
2026-01-01T08:15:05,tank01,normal,75.26,1.96,41.33,68.12,76.67,1.43,12.95,92.84,NORMAL
2026-01-01T08:15:10,tank01,normal,74.3,1.95,41.32,65.99,75.64,1.28,12.83,92.03,NORMAL
2026-01-01T08:15:15,tank01,normal,74.33,1.9,42.74,65.1,78.53,1.17,13.01,92.17,NORMAL
2026-01-01T08:15:20,tank01,normal,73.99,1.93,41.97,68.98,75.47,1.23,12.79,91.91,NORMAL
2026-01-01T08:15:25,tank01,normal,74.83,1.95,42.65,67.52,76.68,1.2,12.91,92.77,NORMAL
2026-01-01T08:15:30,tank01,low_flow,73.98,2.15,27.98,65.34,74.36,1.51,13.04,87.97,CRITICAL
2026-01-01T08:15:35,tank01,normal,74.24,2.02,45.74,64.76,75.47,1.56,12.79,92.88,NORMAL
2026-01-01T08:15:40,tank01,normal,74.21,1.99,45.48,62.53,75.33,1.49,12.76,92.98,NORMAL
2026-01-01T08:15:45,tank01,normal,74.11,2.0,45.36,64.87,75.88,1.33,12.81,92.98,NORMAL
2026-01-01T08:15:50,tank01,low_flow,74.63,2.33,30.07,64.92,74.3,1.76,13.13,88.07,CRITICAL
2026-01-01T08:15:55,tank01,normal,74.37,2.0,45.9,63.34,74.28,1.47,12.68,93.04,NORMAL
2026-01-01T08:16:00,tank01,low_flow,73.31,2.4,33.04,63.04,72.83,1.8,12.97,87.47,WARNING
2026-01-01T08:16:05,tank01,normal,76.35,2.06,47.54,62.16,72.53,1.89,12.62,93.83,NORMAL
2026-01-01T08:16:10,tank01,overpressure,74.9,3.08,48.65,60.49,71.36,1.94,13.08,87.35,CRITICAL
2026-01-01T08:16:15,tank01,normal,76.01,2.09,45.84,63.18,71.56,1.86,12.57,93.87,NORMAL
2026-01-01T08:16:20,tank01,normal,76.32,2.12,47.3,61.73,72.07,1.69,12.61,93.58,NORMAL
2026-01-01T08:16:25,tank01,normal,77.89,2.08,47.06,59.72,70.75,1.78,12.54,95.0,NORMAL
2026-01-01T08:16:30,tank01,low_flow,76.84,2.35,32.68,59.9,69.89,1.67,12.82,90.27,WARNING
2026-01-01T08:16:35,tank01,normal,77.98,2.08,47.66,59.45,69.57,1.73,12.44,94.91,NORMAL
2026-01-01T08:16:40,tank01,normal,78.77,2.16,47.88,59.41,70.48,1.83,12.58,93.92,NORMAL
2026-01-01T08:16:45,tank01,normal,79.43,2.15,47.36,61.16,65.5,1.67,12.2,93.58,NORMAL
2026-01-01T08:16:50,tank01,normal,77.94,2.19,49.08,61.99,68.46,1.62,12.39,94.0,NORMAL
2026-01-01T08:16:55,tank01,normal,80.45,2.15,45.8,61.05,63.47,1.19,12.09,93.23,NORMAL
2026-01-01T08:17:00,tank01,normal,81.29,2.16,45.32,61.71,63.97,1.28,12.17,92.66,NORMAL
2026-01-01T08:17:05,tank01,high_temp,94.2,2.16,44.09,59.4,74.49,1.66,13.42,82.82,CRITICAL
2026-01-01T08:17:10,tank01,normal,80.32,2.08,45.29,59.6,65.19,1.23,12.19,93.8,NORMAL
2026-01-01T08:17:15,tank01,normal,81.56,2.15,46.7,60.73,60.11,1.32,11.84,92.16,NORMAL
2026-01-01T08:17:20,tank01,normal,81.32,2.22,44.49,61.1,64.92,1.04,12.3,92.3,NORMAL
2026-01-01T08:17:25,tank01,normal,82.14,2.16,44.86,58.86,65.33,1.23,12.31,92.06,NORMAL
2026-01-01T08:17:30,tank01,low_quality,88.85,2.12,36.25,59.57,74.8,1.08,13.38,85.09,WARNING
2026-01-01T08:17:35,tank01,normal,80.73,2.05,42.14,60.07,65.93,1.41,12.29,92.98,NORMAL
2026-01-01T08:17:40,tank01,normal,81.31,2.06,42.26,59.51,66.96,1.38,12.4,92.51,NORMAL
2026-01-01T08:17:45,tank01,normal,82.64,2.08,44.48,60.38,66.04,1.41,12.35,91.98,NORMAL
2026-01-01T08:17:50,tank01,normal,82.32,2.0,42.61,60.79,62.28,1.17,12.01,92.16,NORMAL
2026-01-01T08:17:55,tank01,normal,83.09,2.09,41.43,62.12,62.7,1.28,12.14,90.83,NORMAL
2026-01-01T08:18:00,tank01,normal,82.38,2.03,42.1,59.97,63.4,1.36,12.13,91.85,NORMAL
2026-01-01T08:18:05,tank01,normal,81.42,2.05,41.97,60.44,63.8,1.55,12.15,92.41,NORMAL
2026-01-01T08:18:10,tank01,normal,81.08,2.07,42.94,62.16,67.21,1.38,12.41,92.84,NORMAL
2026-01-01T08:18:15,tank01,normal,81.33,1.95,43.21,61.76,68.12,1.62,12.41,92.83,NORMAL
2026-01-01T08:18:20,tank01,overpressure,80.11,3.03,43.75,63.5,69.0,1.36,13.08,88.98,CRITICAL
2026-01-01T08:18:25,tank01,high_temp,95.03,1.94,43.36,61.91,76.03,1.65,13.45,82.51,CRITICAL
2026-01-01T08:18:30,tank01,normal,79.6,1.94,42.66,63.3,68.54,1.44,12.4,93.93,NORMAL
2026-01-01T08:18:35,tank01,normal,79.67,1.96,45.36,64.09,66.02,1.6,12.17,94.47,NORMAL
2026-01-01T08:18:40,tank01,low_flow,80.51,2.24,28.79,63.48,68.62,1.55,12.82,88.88,CRITICAL
2026-01-01T08:18:45,tank01,overpressure,78.31,2.84,45.87,67.76,66.86,1.82,12.72,91.33,CRITICAL
2026-01-01T08:18:50,tank01,normal,77.93,1.92,45.81,66.25,70.19,1.56,12.42,95.36,NORMAL
2026-01-01T08:18:55,tank01,high_vibration,78.33,1.83,45.88,67.45,70.46,4.68,12.4,83.99,CRITICAL
2026-01-01T08:19:00,tank01,normal,75.7,1.87,47.4,68.65,73.09,1.88,12.53,93.02,NORMAL
2026-01-01T08:19:05,tank01,high_temp,88.95,1.81,45.23,65.69,80.91,1.69,13.55,86.8,WARNING
2026-01-01T08:19:10,tank01,normal,74.71,1.83,47.25,65.71,71.92,1.52,12.39,92.13,NORMAL
2026-01-01T08:19:15,tank01,normal,74.85,1.98,45.85,67.56,73.11,1.52,12.59,93.33,NORMAL
2026-01-01T08:19:20,tank01,normal,75.79,1.87,47.11,67.77,73.1,1.52,12.54,93.19,NORMAL
2026-01-01T08:19:25,tank01,high_temp,88.53,1.75,48.36,67.93,81.25,1.7,13.48,86.03,WARNING
2026-01-01T08:19:30,tank01,normal,73.82,1.86,47.99,68.89,74.61,1.67,12.58,91.41,NORMAL
2026-01-01T08:19:35,tank01,normal,74.25,1.95,48.42,69.55,74.17,1.42,12.61,92.08,NORMAL
2026-01-01T08:19:40,tank01,low_flow,73.13,2.1,32.15,68.93,79.17,1.5,13.31,88.63,WARNING
2026-01-01T08:19:45,tank01,normal,74.56,1.85,47.59,69.47,72.7,1.42,12.45,92.01,NORMAL
2026-01-01T08:19:50,tank01,normal,73.03,1.87,48.08,68.34,77.72,1.21,12.81,90.85,NORMAL
2026-01-01T08:19:55,tank01,low_flow,73.51,2.15,31.7,69.23,75.44,1.33,13.06,88.55,CRITICAL
2026-01-01T08:20:00,tank01,normal,74.21,1.83,48.23,69.59,78.98,1.6,12.92,91.51,NORMAL
2026-01-01T08:20:05,tank01,normal,74.53,1.84,47.86,69.09,76.46,1.48,12.74,91.86,NORMAL
2026-01-01T08:20:10,tank01,normal,74.97,1.9,45.49,71.11,73.76,1.36,12.61,93.08,NORMAL
2026-01-01T08:20:15,tank01,normal,74.31,1.96,46.96,73.11,75.42,1.17,12.74,92.54,NORMAL
2026-01-01T08:20:20,tank01,normal,75.62,1.86,44.83,69.02,75.79,1.18,12.77,93.46,NORMAL
2026-01-01T08:20:25,tank01,normal,76.58,1.92,44.94,68.14,74.72,1.29,12.75,94.5,NORMAL
2026-01-01T08:20:30,tank01,normal,77.31,1.92,44.23,68.38,74.07,1.15,12.73,94.89,NORMAL
2026-01-01T08:20:35,tank01,normal,75.62,1.9,43.86,69.28,73.79,1.34,12.65,93.43,NORMAL
2026-01-01T08:20:40,tank01,high_vibration,76.97,1.97,42.96,70.36,72.86,4.27,12.68,85.51,CRITICAL
2026-01-01T08:20:45,tank01,low_flow,78.77,2.18,27.77,69.15,73.52,1.53,13.14,90.21,CRITICAL
2026-01-01T08:20:50,tank01,normal,77.32,1.94,42.27,70.08,73.42,1.41,12.73,94.53,NORMAL
2026-01-01T08:20:55,tank01,normal,78.51,1.93,41.39,67.74,70.87,1.46,12.56,94.37,NORMAL
2026-01-01T08:21:00,tank01,normal,78.3,2.01,42.84,68.77,70.73,1.66,12.57,95.17,NORMAL
2026-01-01T08:21:05,tank01,high_temp,93.01,2.08,43.48,67.81,78.2,1.68,13.64,83.95,CRITICAL
2026-01-01T08:21:10,tank01,normal,78.14,2.15,42.94,65.66,70.06,1.52,12.6,94.63,NORMAL
2026-01-01T08:21:15,tank01,normal,80.04,2.02,41.45,68.38,67.99,1.67,12.43,93.47,NORMAL
2026-01-01T08:21:20,tank01,normal,81.73,2.05,43.07,68.98,67.38,1.62,12.43,92.47,NORMAL
2026-01-01T08:21:25,tank01,normal,79.84,2.08,43.38,67.76,67.57,1.63,12.4,93.82,NORMAL
2026-01-01T08:21:30,tank01,low_flow,82.29,2.36,28.65,66.45,69.93,1.58,13.05,86.92,CRITICAL
2026-01-01T08:21:35,tank01,normal,82.18,2.24,42.63,68.15,67.08,1.66,12.53,91.09,NORMAL
2026-01-01T08:21:40,tank01,normal,80.49,2.11,45.44,65.17,67.43,1.96,12.39,93.49,NORMAL
2026-01-01T08:21:45,tank01,normal,84.29,2.05,43.23,66.63,69.08,1.52,12.64,90.6,NORMAL
2026-01-01T08:21:50,tank01,high_vibration,82.05,2.13,44.16,65.14,66.35,4.63,12.39,81.56,CRITICAL
2026-01-01T08:21:55,tank01,low_quality,89.1,2.13,38.68,64.07,73.81,1.63,13.27,85.46,WARNING
2026-01-01T08:22:00,tank01,normal,82.43,2.19,45.52,65.31,64.25,1.31,12.25,91.58,NORMAL
2026-01-01T08:22:05,tank01,normal,81.88,2.12,47.22,62.12,65.09,1.38,12.23,91.94,NORMAL
2026-01-01T08:22:10,tank01,normal,81.45,2.12,46.99,64.54,64.11,1.62,12.14,92.3,NORMAL
2026-01-01T08:22:15,tank01,normal,81.53,2.03,46.43,65.14,66.19,1.48,12.26,92.87,NORMAL
2026-01-01T08:22:20,tank01,high_temp,95.58,2.16,46.94,64.08,68.82,1.42,12.96,81.55,CRITICAL
2026-01-01T08:22:25,tank01,high_temp,94.74,2.17,48.2,62.06,71.28,1.32,13.12,81.81,CRITICAL
2026-01-01T08:22:30,tank01,normal,81.28,2.21,47.04,61.44,62.6,1.31,12.06,92.0,NORMAL
2026-01-01T08:22:35,tank01,normal,79.83,2.1,47.95,63.89,64.85,1.29,12.13,93.38,NORMAL
2026-01-01T08:22:40,tank01,normal,79.58,2.1,47.7,61.39,63.0,1.26,11.97,93.61,NORMAL
2026-01-01T08:22:45,tank01,normal,79.63,2.15,47.54,61.19,65.59,1.49,12.21,93.39,NORMAL
2026-01-01T08:22:50,tank01,normal,77.27,2.1,46.85,61.42,64.95,1.31,12.07,94.5,NORMAL
2026-01-01T08:22:55,tank01,normal,78.68,2.02,46.39,62.11,65.86,1.11,12.14,95.05,NORMAL
2026-01-01T08:23:00,tank01,normal,77.57,2.1,49.55,60.46,69.6,1.46,12.41,94.05,NORMAL
2026-01-01T08:23:05,tank01,normal,76.08,2.11,47.38,57.08,66.03,1.21,12.12,93.39,NORMAL
2026-01-01T08:23:10,tank01,low_quality,83.56,2.12,39.48,59.6,76.67,1.16,13.32,89.84,NORMAL
2026-01-01T08:23:15,tank01,normal,75.87,2.0,46.81,61.47,65.82,1.35,12.04,93.93,NORMAL
2026-01-01T08:23:20,tank01,normal,76.02,2.03,45.46,61.77,67.07,1.38,12.18,94.27,NORMAL
2026-01-01T08:23:25,tank01,low_flow,75.46,2.31,30.03,62.8,69.39,1.4,12.75,88.81,CRITICAL
2026-01-01T08:23:30,tank01,low_flow,73.89,2.29,29.99,59.86,70.36,1.58,12.77,87.73,CRITICAL
2026-01-01T08:23:35,tank01,normal,73.74,1.94,45.79,60.62,69.94,1.61,12.28,92.29,NORMAL
2026-01-01T08:23:40,tank01,normal,74.67,1.95,43.15,60.06,72.47,1.36,12.56,92.81,NORMAL
2026-01-01T08:23:45,tank01,normal,73.31,1.91,43.12,61.1,73.49,1.79,12.58,91.56,NORMAL
2026-01-01T08:23:50,tank01,normal,74.04,1.95,44.8,59.53,74.52,1.54,12.68,92.75,NORMAL
2026-01-01T08:23:55,tank01,normal,71.89,1.93,43.95,59.83,73.6,1.55,12.54,90.8,NORMAL
2026-01-01T08:24:00,tank01,normal,74.46,1.95,42.44,59.31,74.58,1.59,12.73,92.46,NORMAL
2026-01-01T08:24:05,tank01,high_temp,88.64,1.8,40.01,59.69,81.58,1.67,13.66,85.76,WARNING
2026-01-01T08:24:10,tank01,normal,74.45,1.96,43.6,60.05,76.78,1.83,12.9,92.78,NORMAL
2026-01-01T08:24:15,tank01,normal,74.13,1.95,40.54,59.94,76.1,1.93,12.88,91.76,NORMAL
2026-01-01T08:24:20,tank01,high_temp,87.63,1.85,42.58,60.93,83.71,1.67,13.8,87.43,WARNING
2026-01-01T08:24:25,tank01,high_vibration,75.14,1.86,43.17,62.04,75.79,4.86,12.79,81.25,CRITICAL
2026-01-01T08:24:30,tank01,normal,75.94,1.83,42.47,61.23,74.49,1.6,12.7,92.95,NORMAL
2026-01-01T08:24:35,tank01,normal,74.49,1.85,44.66,64.72,73.15,1.65,12.53,92.53,NORMAL
2026-01-01T08:24:40,tank01,high_vibration,75.26,1.89,42.33,62.81,76.71,4.65,12.89,82.12,CRITICAL
2026-01-01T08:24:45,tank01,high_vibration,75.53,1.83,43.77,64.4,73.89,4.71,12.62,82.12,CRITICAL
2026-01-01T08:24:50,tank01,normal,76.04,1.79,43.67,66.15,77.94,1.43,12.93,93.13,NORMAL
2026-01-01T08:24:55,tank01,normal,77.91,1.93,44.91,66.01,72.31,1.46,12.61,95.56,NORMAL
2026-01-01T08:25:00,tank01,normal,77.53,1.84,46.41,65.24,77.48,1.33,12.93,94.5,NORMAL
2026-01-01T08:25:05,tank01,low_flow,76.89,2.16,30.37,67.04,76.83,1.38,13.29,90.71,CRITICAL
2026-01-01T08:25:10,tank01,normal,77.82,1.82,44.93,64.66,74.49,1.34,12.71,94.93,NORMAL
2026-01-01T08:25:15,tank01,normal,80.17,1.88,45.79,69.26,76.95,1.35,13.0,93.56,NORMAL
2026-01-01T08:25:20,tank01,normal,80.26,1.78,46.93,66.74,74.3,1.39,12.71,92.71,NORMAL
2026-01-01T08:25:25,tank01,normal,80.35,1.85,46.32,67.5,71.57,1.41,12.55,93.18,NORMAL
2026-01-01T08:25:30,tank01,low_quality,88.69,1.98,40.11,65.75,84.18,1.1,13.98,86.65,WARNING
2026-01-01T08:25:35,tank01,normal,80.14,1.96,47.74,67.6,72.81,1.47,12.69,93.5,NORMAL
2026-01-01T08:25:40,tank01,normal,81.42,1.86,48.08,67.48,70.9,1.32,12.51,91.98,NORMAL
2026-01-01T08:25:45,tank01,normal,82.6,1.86,47.68,68.28,73.73,1.51,12.78,91.19,NORMAL
2026-01-01T08:25:50,tank01,overpressure,81.5,2.95,48.71,68.08,71.95,1.33,13.24,87.71,CRITICAL
2026-01-01T08:25:55,tank01,high_temp,95.67,1.92,48.43,69.14,77.52,1.7,13.5,81.48,CRITICAL
2026-01-01T08:26:00,tank01,normal,82.53,1.96,47.86,68.41,71.09,1.44,12.62,91.67,NORMAL
2026-01-01T08:26:05,tank01,normal,82.26,1.99,46.05,70.18,66.66,1.71,12.31,92.52,NORMAL
2026-01-01T08:26:10,tank01,low_quality,88.88,2.06,40.07,69.67,79.17,1.53,13.64,86.28,WARNING
2026-01-01T08:26:15,tank01,normal,82.69,2.01,46.46,68.07,68.63,1.68,12.48,92.08,NORMAL
2026-01-01T08:26:20,tank01,low_flow,81.67,2.27,32.43,71.36,64.66,1.42,12.5,88.74,WARNING
2026-01-01T08:26:25,tank01,normal,81.61,2.06,45.88,70.96,65.7,1.72,12.25,92.77,NORMAL
2026-01-01T08:26:30,tank01,normal,80.32,2.09,45.54,70.12,64.95,1.72,12.18,93.67,NORMAL
2026-01-01T08:26:35,tank01,normal,80.62,2.13,44.99,71.14,67.74,1.85,12.44,93.4,NORMAL
2026-01-01T08:26:40,tank01,high_vibration,81.66,2.09,45.15,71.02,65.44,4.79,12.26,81.62,CRITICAL
2026-01-01T08:26:45,tank01,normal,81.02,2.13,43.32,70.61,65.38,1.75,12.29,92.69,NORMAL
2026-01-01T08:26:50,tank01,normal,79.04,2.07,43.9,70.42,62.94,2.04,11.99,94.44,NORMAL
2026-01-01T08:26:55,tank01,normal,78.28,2.06,42.93,70.73,65.24,1.41,12.16,94.95,NORMAL
2026-01-01T08:27:00,tank01,low_quality,87.32,2.17,35.5,69.38,72.48,2.02,13.18,85.72,WARNING
2026-01-01T08:27:05,tank01,low_quality,86.04,2.21,33.42,69.56,74.1,1.79,13.34,86.01,WARNING
2026-01-01T08:27:10,tank01,low_flow,77.56,2.41,26.23,68.64,61.95,1.54,12.33,88.93,CRITICAL
2026-01-01T08:27:15,tank01,normal,78.22,2.13,41.89,67.8,63.71,1.8,12.09,94.4,NORMAL
2026-01-01T08:27:20,tank01,low_flow,77.11,2.35,25.76,68.79,64.65,1.75,12.51,88.77,CRITICAL
2026-01-01T08:27:25,tank01,high_temp,90.48,2.13,43.03,68.42,71.4,1.6,13.06,85.49,CRITICAL
2026-01-01T08:27:30,tank01,high_vibration,75.6,2.09,42.27,67.09,66.7,4.34,12.22,83.7,CRITICAL
2026-01-01T08:27:35,tank01,normal,76.73,2.19,41.73,66.92,65.38,1.38,12.22,93.28,NORMAL
2026-01-01T08:27:40,tank01,low_quality,82.82,2.1,34.44,64.39,75.94,1.39,13.3,89.26,WARNING
2026-01-01T08:27:45,tank01,normal,73.88,2.13,41.65,66.37,65.26,1.4,12.09,91.41,NORMAL
2026-01-01T08:27:50,tank01,low_flow,73.76,2.35,27.92,66.97,68.48,1.42,12.68,86.8,CRITICAL
2026-01-01T08:27:55,tank01,low_quality,83.75,2.2,35.93,67.16,76.87,1.34,13.44,88.41,WARNING
2026-01-01T08:28:00,tank01,normal,73.31,2.12,43.62,64.96,67.64,1.56,12.23,91.53,NORMAL
2026-01-01T08:28:05,tank01,normal,74.73,2.04,44.12,64.89,70.26,1.29,12.43,93.1,NORMAL
2026-01-01T08:28:10,tank01,normal,74.55,2.15,45.49,64.9,69.01,1.36,12.36,92.56,NORMAL
2026-01-01T08:28:15,tank01,normal,73.84,2.08,44.9,64.18,69.23,1.24,12.33,92.43,NORMAL
2026-01-01T08:28:20,tank01,high_temp,88.46,2.15,45.96,63.89,81.57,1.52,13.78,87.18,WARNING
2026-01-01T08:28:25,tank01,normal,73.82,2.1,46.17,66.27,69.67,1.33,12.36,92.06,NORMAL
2026-01-01T08:28:30,tank01,normal,73.61,2.0,45.73,65.37,70.37,1.22,12.35,92.5,NORMAL
2026-01-01T08:28:35,tank01,high_temp,88.35,2.09,47.54,63.42,81.94,1.52,13.75,87.16,WARNING
2026-01-01T08:28:40,tank01,normal,74.64,1.95,47.02,63.03,72.84,1.54,12.53,92.74,NORMAL
2026-01-01T08:28:45,tank01,normal,74.92,1.93,48.84,62.35,73.25,1.52,12.53,92.36,NORMAL
2026-01-01T08:28:50,tank01,normal,75.46,1.98,47.8,62.13,76.34,1.76,12.84,93.32,NORMAL
2026-01-01T08:28:55,tank01,low_quality,83.21,1.96,39.61,60.54,85.87,1.45,13.95,90.55,NORMAL
2026-01-01T08:29:00,tank01,normal,77.93,1.97,47.81,62.31,74.4,1.61,12.75,95.07,NORMAL
2026-01-01T08:29:05,tank01,normal,77.02,1.85,47.51,60.93,77.52,1.83,12.91,93.89,NORMAL
2026-01-01T08:29:10,tank01,low_flow,76.57,2.24,34.17,61.35,71.43,1.55,12.84,91.02,WARNING
2026-01-01T08:29:15,tank01,normal,78.71,1.84,46.55,65.02,74.6,1.74,12.73,94.26,NORMAL
2026-01-01T08:29:20,tank01,low_flow,76.2,2.21,32.37,59.58,76.74,1.51,13.26,90.45,WARNING
2026-01-01T08:29:25,tank01,normal,78.78,1.82,47.16,60.86,76.26,1.8,12.85,93.97,NORMAL
2026-01-01T08:29:30,tank01,normal,79.15,1.91,45.73,59.91,75.56,1.57,12.88,94.52,NORMAL
2026-01-01T08:29:35,tank01,normal,81.44,1.76,45.88,59.59,78.32,1.61,13.07,91.99,NORMAL
2026-01-01T08:29:40,tank01,high_vibration,82.0,1.86,46.83,61.74,75.54,4.89,12.92,80.28,CRITICAL
2026-01-01T08:29:45,tank01,low_flow,80.86,2.03,28.89,60.1,75.06,1.78,13.22,89.66,CRITICAL
2026-01-01T08:29:50,tank01,normal,80.01,1.78,45.48,60.81,74.27,1.93,12.73,93.26,NORMAL
2026-01-01T08:29:55,tank01,normal,82.08,1.84,45.64,60.09,74.21,1.31,12.82,91.97,NORMAL
2026-01-01T08:30:00,tank01,normal,81.25,1.81,44.65,60.72,74.32,1.67,12.8,92.52,NORMAL
2026-01-01T08:30:05,tank01,normal,81.64,1.94,42.58,61.6,71.9,1.4,12.73,92.38,NORMAL
2026-01-01T08:30:10,tank01,normal,81.83,1.84,44.1,61.63,72.17,1.45,12.67,92.09,NORMAL
2026-01-01T08:30:15,tank01,overpressure,81.97,2.86,43.1,60.37,72.02,1.32,13.29,88.27,CRITICAL
2026-01-01T08:30:20,tank01,normal,83.0,1.96,42.07,62.52,71.68,1.51,12.77,91.31,NORMAL
2026-01-01T08:30:25,tank01,high_vibration,82.33,1.91,41.62,62.78,71.26,4.56,12.69,81.23,CRITICAL
2026-01-01T08:30:30,tank01,high_temp,96.71,1.87,42.45,61.94,78.29,1.3,13.65,80.7,CRITICAL
2026-01-01T08:30:35,tank01,high_temp,96.58,1.75,41.58,61.89,79.04,1.37,13.65,79.94,CRITICAL
2026-01-01T08:30:40,tank01,high_temp,95.92,1.92,42.44,61.47,77.42,1.05,13.59,81.51,CRITICAL
2026-01-01T08:30:45,tank01,normal,81.51,1.9,42.13,62.22,67.45,1.17,12.35,92.16,NORMAL
2026-01-01T08:30:50,tank01,high_temp,94.41,1.89,41.31,63.57,76.17,1.26,13.44,82.25,CRITICAL
2026-01-01T08:30:55,tank01,normal,80.35,1.86,41.06,65.03,66.84,1.41,12.26,92.56,NORMAL
2026-01-01T08:31:00,tank01,normal,80.79,1.97,42.15,62.4,67.01,1.13,12.34,93.06,NORMAL
2026-01-01T08:31:05,tank01,overpressure,79.09,2.92,42.5,63.61,66.05,1.26,12.77,89.95,CRITICAL
2026-01-01T08:31:10,tank01,normal,80.58,1.9,43.58,64.19,63.57,1.42,11.99,93.19,NORMAL
2026-01-01T08:31:15,tank01,normal,80.83,1.96,44.94,64.33,66.41,1.31,12.24,93.69,NORMAL
2026-01-01T08:31:20,tank01,normal,77.44,1.92,46.49,64.42,65.36,1.51,12.01,94.82,NORMAL
2026-01-01T08:31:25,tank01,normal,77.77,2.02,45.76,64.04,63.28,1.41,11.92,95.54,NORMAL
2026-01-01T08:31:30,tank01,normal,76.91,2.01,44.77,65.46,64.05,1.71,11.97,95.07,NORMAL
2026-01-01T08:31:35,tank01,normal,76.95,2.13,45.57,65.97,62.22,1.4,11.88,94.41,NORMAL
2026-01-01T08:31:40,tank01,high_temp,91.21,2.09,46.64,64.33,72.61,1.67,13.1,85.23,CRITICAL
2026-01-01T08:31:45,tank01,normal,74.61,2.09,46.68,68.87,63.96,1.59,11.91,92.57,NORMAL
2026-01-01T08:31:50,tank01,high_temp,89.13,2.06,48.57,66.98,72.56,1.45,12.98,86.48,WARNING
2026-01-01T08:31:55,tank01,normal,75.9,2.16,47.54,70.24,64.24,1.66,12.0,93.0,NORMAL
2026-01-01T08:32:00,tank01,low_flow,74.59,2.38,32.64,66.57,65.86,1.78,12.44,88.48,WARNING
2026-01-01T08:32:05,tank01,normal,73.35,2.12,47.53,69.09,66.23,1.81,12.06,91.3,NORMAL
2026-01-01T08:32:10,tank01,high_temp,88.33,2.19,49.71,69.36,73.07,1.85,13.06,86.15,WARNING
2026-01-01T08:32:15,tank01,normal,75.16,2.23,48.61,67.78,67.52,1.53,12.26,91.83,NORMAL
2026-01-01T08:32:20,tank01,normal,73.65,2.19,47.59,68.27,67.14,1.7,12.18,91.15,NORMAL
2026-01-01T08:32:25,tank01,normal,74.42,2.13,48.33,66.23,66.92,1.59,12.14,91.85,NORMAL
2026-01-01T08:32:30,tank01,normal,73.75,2.24,46.63,70.95,67.93,1.57,12.29,91.19,NORMAL
2026-01-01T08:32:35,tank01,normal,73.81,2.22,45.62,70.11,64.94,1.54,12.05,91.63,NORMAL
2026-01-01T08:32:40,tank01,normal,75.46,2.1,46.37,70.0,67.21,1.55,12.21,93.25,NORMAL
2026-01-01T08:32:45,tank01,normal,75.48,2.06,45.95,69.92,67.18,1.2,12.19,93.56,NORMAL
2026-01-01T08:32:50,tank01,high_temp,89.67,2.18,45.5,71.38,82.19,1.6,13.89,86.21,WARNING
2026-01-01T08:32:55,tank01,high_temp,90.73,2.2,45.79,69.13,77.67,1.24,13.57,85.23,CRITICAL
2026-01-01T08:33:00,tank01,low_quality,83.92,2.15,37.54,71.63,82.5,1.44,13.84,88.96,WARNING
2026-01-01T08:33:05,tank01,normal,76.6,2.12,43.89,70.96,72.16,1.1,12.69,94.07,NORMAL
2026-01-01T08:33:10,tank01,high_temp,90.21,2.16,44.03,70.19,80.44,1.11,13.78,85.81,CRITICAL
2026-01-01T08:33:15,tank01,normal,77.41,2.16,42.15,70.53,73.67,1.28,12.88,94.05,NORMAL
2026-01-01T08:33:20,tank01,normal,77.4,2.13,43.48,71.07,74.32,1.1,12.89,94.54,NORMAL
2026-01-01T08:33:25,tank01,normal,78.3,2.05,43.0,69.85,72.68,1.45,12.75,95.02,NORMAL
2026-01-01T08:33:30,tank01,normal,78.28,2.23,43.11,69.37,71.91,1.4,12.79,94.17,NORMAL
2026-01-01T08:33:35,tank01,normal,77.53,2.09,42.16,69.03,76.79,0.97,13.09,94.51,NORMAL
2026-01-01T08:33:40,tank01,normal,79.75,2.01,41.12,67.35,74.1,1.32,12.91,93.68,NORMAL
2026-01-01T08:33:45,tank01,low_flow,80.15,2.29,27.82,67.57,77.67,1.64,13.57,88.65,CRITICAL
2026-01-01T08:33:50,tank01,low_flow,80.17,2.28,26.59,68.17,73.18,1.32,13.23,88.35,CRITICAL
2026-01-01T08:33:55,tank01,normal,81.87,2.02,42.6,68.38,76.32,1.6,13.14,92.39,NORMAL
2026-01-01T08:34:00,tank01,overpressure,82.12,3.01,42.58,68.29,74.35,1.62,13.58,87.28,CRITICAL
2026-01-01T08:34:05,tank01,normal,81.25,2.0,43.47,69.27,73.91,1.53,12.9,93.16,NORMAL
2026-01-01T08:34:10,tank01,low_flow,82.25,2.07,28.44,65.4,74.3,1.55,13.23,88.34,CRITICAL
2026-01-01T08:34:15,tank01,high_vibration,80.98,1.95,44.04,67.06,76.47,4.94,13.05,81.48,CRITICAL
2026-01-01T08:34:20,tank01,low_flow,84.22,2.24,27.66,65.33,79.72,1.66,13.83,85.81,CRITICAL
2026-01-01T08:34:25,tank01,normal,81.64,1.89,45.47,62.84,80.13,1.85,13.31,92.59,NORMAL
2026-01-01T08:34:30,tank01,normal,82.81,1.83,44.1,66.69,75.62,1.62,12.97,91.34,NORMAL
2026-01-01T08:34:35,tank01,normal,82.37,1.82,45.83,64.31,73.59,1.35,12.77,91.63,NORMAL
2026-01-01T08:34:40,tank01,normal,81.36,1.87,47.98,63.86,72.98,1.7,12.68,92.11,NORMAL
2026-01-01T08:34:45,tank01,normal,82.15,1.9,46.79,65.08,77.12,1.69,13.07,91.92,NORMAL
2026-01-01T08:34:50,tank01,normal,82.3,1.93,48.49,62.11,73.09,1.7,12.75,91.54,NORMAL
2026-01-01T08:34:55,tank01,normal,82.35,1.82,48.34,60.9,74.06,1.61,12.76,91.0,NORMAL
2026-01-01T08:35:00,tank01,high_vibration,80.53,1.87,47.45,63.11,74.04,4.92,12.75,81.16,CRITICAL
2026-01-01T08:35:05,tank01,low_flow,81.57,2.09,33.9,64.95,70.2,1.26,12.81,90.12,WARNING
2026-01-01T08:35:10,tank01,low_flow,80.21,2.17,33.3,62.72,70.45,1.47,12.84,90.58,WARNING
2026-01-01T08:35:15,tank01,high_temp,95.43,1.81,45.75,63.93,78.45,1.5,13.54,81.79,CRITICAL
2026-01-01T08:35:20,tank01,normal,80.96,1.79,48.18,62.74,70.17,1.43,12.39,91.93,NORMAL
2026-01-01T08:35:25,tank01,high_temp,92.8,1.99,48.78,63.13,78.75,1.55,13.55,83.93,CRITICAL
2026-01-01T08:35:30,tank01,normal,78.79,1.82,47.59,61.63,69.16,1.44,12.28,93.86,NORMAL
2026-01-01T08:35:35,tank01,normal,78.42,1.86,47.13,57.38,68.8,1.24,12.27,94.46,NORMAL
2026-01-01T08:35:40,tank01,normal,76.78,1.86,45.28,60.66,65.57,1.15,11.99,94.32,NORMAL
2026-01-01T08:35:45,tank01,normal,78.04,1.92,46.45,61.23,66.91,1.3,12.15,95.2,NORMAL
2026-01-01T08:35:50,tank01,normal,75.28,1.94,44.39,59.36,67.52,1.41,12.16,93.51,NORMAL
2026-01-01T08:35:55,tank01,normal,75.57,1.9,46.27,59.79,66.07,1.24,12.0,93.34,NORMAL
2026-01-01T08:36:00,tank01,normal,75.51,1.94,44.8,58.19,64.85,1.19,11.94,93.77,NORMAL
2026-01-01T08:36:05,tank01,normal,75.03,1.93,43.22,59.0,65.47,1.43,12.0,93.0,NORMAL
2026-01-01T08:36:10,tank01,normal,74.38,2.0,43.79,59.57,65.29,1.35,12.0,92.98,NORMAL
2026-01-01T08:36:15,tank01,normal,75.79,1.99,43.48,61.23,61.99,1.38,11.78,93.92,NORMAL
2026-01-01T08:36:20,tank01,normal,73.75,1.95,44.01,59.45,62.95,1.43,11.76,92.32,NORMAL
2026-01-01T08:36:25,tank01,normal,74.2,2.01,44.36,61.1,63.69,1.37,11.86,92.93,NORMAL
2026-01-01T08:36:30,tank01,normal,71.97,1.95,41.67,59.69,65.52,1.23,11.95,90.41,NORMAL
2026-01-01T08:36:35,tank01,normal,72.43,1.98,40.52,61.1,63.51,1.52,11.83,90.61,NORMAL
2026-01-01T08:36:40,tank01,high_vibration,73.83,1.96,43.47,59.67,63.36,4.36,11.81,82.86,CRITICAL
2026-01-01T08:36:45,tank01,normal,74.17,2.0,44.44,60.88,64.79,1.51,11.94,92.98,NORMAL
2026-01-01T08:36:50,tank01,normal,75.16,2.04,43.26,61.45,65.4,1.52,12.06,93.22,NORMAL
2026-01-01T08:36:55,tank01,high_vibration,74.79,2.05,41.35,62.56,64.63,4.76,12.02,81.4,CRITICAL
2026-01-01T08:37:00,tank01,normal,75.79,2.01,41.39,61.09,64.25,1.75,12.0,93.38,NORMAL
2026-01-01T08:37:05,tank01,normal,73.99,2.04,44.28,61.45,65.45,1.66,12.02,92.6,NORMAL
2026-01-01T08:37:10,tank01,normal,74.79,2.09,41.9,63.46,64.57,1.72,12.03,92.38,NORMAL
2026-01-01T08:37:15,tank01,normal,75.84,2.14,41.92,62.05,70.24,1.78,12.55,92.93,NORMAL
2026-01-01T08:37:20,tank01,normal,76.46,2.2,45.08,62.39,70.54,1.73,12.58,93.82,NORMAL
2026-01-01T08:37:25,tank01,normal,76.65,2.18,43.7,63.5,68.97,1.62,12.47,93.74,NORMAL
2026-01-01T08:37:30,tank01,low_quality,83.91,2.17,36.2,65.66,78.49,1.58,13.55,88.53,WARNING
2026-01-01T08:37:35,tank01,normal,78.39,2.07,44.91,62.43,70.52,1.47,12.56,95.35,NORMAL
2026-01-01T08:37:40,tank01,normal,77.95,2.2,46.46,67.02,70.67,1.57,12.62,94.59,NORMAL
2026-01-01T08:37:45,tank01,normal,79.56,2.07,45.8,66.99,73.11,1.44,12.79,94.3,NORMAL
2026-01-01T08:37:50,tank01,normal,79.71,2.1,45.96,65.62,73.14,1.55,12.81,94.0,NORMAL
2026-01-01T08:37:55,tank01,normal,80.46,2.24,45.98,65.9,73.99,1.75,12.99,92.71,NORMAL
2026-01-01T08:38:00,tank01,high_temp,93.93,2.11,46.68,67.34,77.45,1.27,13.58,83.08,CRITICAL
2026-01-01T08:38:05,tank01,overpressure,79.86,3.09,47.3,68.48,76.09,1.44,13.62,88.6,CRITICAL
2026-01-01T08:38:10,tank01,low_flow,82.7,2.4,31.94,66.32,75.16,1.38,13.45,87.22,CRITICAL
2026-01-01T08:38:15,tank01,low_flow,80.54,2.51,32.27,66.98,73.5,1.44,13.32,88.37,WARNING
2026-01-01T08:38:20,tank01,normal,80.34,2.14,48.38,67.21,76.34,1.43,13.08,92.68,NORMAL
2026-01-01T08:38:25,tank01,normal,82.16,2.08,47.26,67.28,75.04,1.38,13.01,91.92,NORMAL
2026-01-01T08:38:30,tank01,normal,83.02,2.1,48.39,68.15,74.78,0.99,13.01,90.86,NORMAL
2026-01-01T08:38:35,tank01,normal,82.77,2.17,49.12,67.84,76.42,1.11,13.16,90.55,NORMAL
2026-01-01T08:38:40,tank01,normal,81.46,2.02,45.84,65.9,75.82,1.47,13.03,93.12,NORMAL
2026-01-01T08:38:45,tank01,normal,83.19,2.09,46.77,69.19,75.83,1.22,13.12,91.2,NORMAL
2026-01-01T08:38:50,tank01,normal,82.25,1.96,46.44,68.43,77.61,1.11,13.15,92.23,NORMAL
2026-01-01T08:38:55,tank01,overpressure,81.87,3.07,47.03,70.49,76.83,1.14,13.74,87.25,CRITICAL
2026-01-01T08:39:00,tank01,normal,81.19,1.99,46.81,70.51,75.73,1.29,12.99,93.12,NORMAL
2026-01-01T08:39:05,tank01,low_flow,80.93,2.3,30.13,72.23,72.6,1.51,13.17,88.58,CRITICAL
2026-01-01T08:39:10,tank01,normal,81.2,2.0,45.93,69.09,76.26,1.38,13.05,93.35,NORMAL
2026-01-01T08:39:15,tank01,normal,82.03,2.02,45.01,70.6,73.29,1.64,12.86,92.87,NORMAL
2026-01-01T08:39:20,tank01,high_vibration,79.47,1.99,43.8,67.91,72.4,4.59,12.71,84.18,CRITICAL
2026-01-01T08:39:25,tank01,normal,79.65,1.96,43.44,71.88,75.3,1.83,12.93,94.15,NORMAL
2026-01-01T08:39:30,tank01,normal,79.27,1.92,42.28,68.64,70.34,1.86,12.52,93.99,NORMAL
2026-01-01T08:39:35,tank01,normal,79.28,1.94,42.76,69.76,71.73,1.92,12.64,94.18,NORMAL
2026-01-01T08:39:40,tank01,normal,77.76,1.86,42.55,71.28,71.94,1.75,12.56,94.49,NORMAL
2026-01-01T08:39:45,tank01,normal,77.35,1.89,42.63,68.32,71.14,1.93,12.51,94.37,NORMAL
2026-01-01T08:39:50,tank01,normal,76.39,1.98,42.94,68.96,72.25,1.62,12.62,94.2,NORMAL
2026-01-01T08:39:55,tank01,normal,78.48,1.85,41.49,69.22,70.33,1.62,12.47,94.01,NORMAL
2026-01-01T08:40:00,tank01,high_temp,89.9,1.86,41.13,69.73,80.76,1.76,13.66,85.4,WARNING
2026-01-01T08:40:05,tank01,normal,75.63,1.86,43.4,68.06,68.94,1.64,12.25,93.14,NORMAL
2026-01-01T08:40:10,tank01,high_temp,88.79,1.89,41.25,67.39,77.78,1.83,13.4,86.4,WARNING
2026-01-01T08:40:15,tank01,normal,74.73,1.93,42.08,66.62,67.18,1.56,12.14,92.45,NORMAL
2026-01-01T08:40:20,tank01,low_flow,75.79,2.15,28.08,67.46,68.0,1.64,12.58,89.35,CRITICAL
2026-01-01T08:40:25,tank01,normal,74.43,1.91,43.53,68.46,66.53,1.58,12.05,92.51,NORMAL
2026-01-01T08:40:30,tank01,normal,74.78,1.96,43.49,66.35,64.57,1.21,11.93,93.02,NORMAL
2026-01-01T08:40:35,tank01,low_flow,73.91,2.08,29.89,66.64,65.52,1.39,12.26,88.78,CRITICAL
2026-01-01T08:40:40,tank01,normal,74.32,2.0,44.17,66.74,65.96,1.47,12.04,93.02,NORMAL
2026-01-01T08:40:45,tank01,normal,73.64,1.94,44.39,66.85,66.92,1.53,12.06,92.3,NORMAL
2026-01-01T08:40:50,tank01,normal,74.73,1.8,45.86,65.61,62.59,1.43,11.64,92.35,NORMAL
2026-01-01T08:40:55,tank01,overpressure,75.34,2.92,46.31,65.31,65.45,1.3,12.55,89.08,CRITICAL
2026-01-01T08:41:00,tank01,normal,75.11,1.8,45.45,62.07,65.88,1.46,11.92,92.74,NORMAL
2026-01-01T08:41:05,tank01,normal,74.91,1.88,45.78,64.21,64.75,1.09,11.87,92.86,NORMAL
2026-01-01T08:41:10,tank01,normal,74.18,1.93,48.54,63.34,66.14,0.96,11.95,91.89,NORMAL
2026-01-01T08:41:15,tank01,normal,75.39,1.9,47.27,62.83,63.96,1.44,11.81,92.95,NORMAL
2026-01-01T08:41:20,tank01,high_temp,88.8,1.84,46.71,61.56,74.39,1.29,13.02,86.68,WARNING
2026-01-01T08:41:25,tank01,normal,74.57,1.92,49.0,62.93,64.39,1.48,11.81,92.04,NORMAL
2026-01-01T08:41:30,tank01,normal,75.09,2.01,45.49,60.34,66.67,1.44,12.11,93.65,NORMAL
2026-01-01T08:41:35,tank01,normal,77.61,1.88,48.23,60.98,63.86,1.4,11.84,94.3,NORMAL
2026-01-01T08:41:40,tank01,low_quality,85.72,1.99,39.34,60.1,75.52,1.6,13.22,88.73,WARNING
2026-01-01T08:41:45,tank01,low_flow,76.18,2.27,32.32,61.01,63.64,1.48,12.25,90.11,WARNING
2026-01-01T08:41:50,tank01,normal,77.3,2.04,47.9,60.6,64.67,1.39,12.0,94.56,NORMAL
2026-01-01T08:41:55,tank01,normal,78.13,2.02,46.15,57.83,66.54,1.59,12.19,95.53,NORMAL
2026-01-01T08:42:00,tank01,normal,78.17,2.05,46.09,59.34,66.15,1.39,12.18,95.33,NORMAL
2026-01-01T08:42:05,tank01,normal,79.66,2.01,45.49,62.05,69.29,1.6,12.46,94.56,NORMAL
2026-01-01T08:42:10,tank01,normal,79.99,2.05,46.21,60.63,68.22,1.42,12.39,93.96,NORMAL
2026-01-01T08:42:15,tank01,normal,80.08,2.06,46.28,59.51,66.85,1.75,12.29,93.84,NORMAL
2026-01-01T08:42:20,tank01,high_temp,95.5,2.12,46.51,58.98,75.85,1.55,13.51,81.9,CRITICAL
2026-01-01T08:42:25,tank01,normal,80.09,2.0,45.17,61.08,70.24,1.69,12.54,94.37,NORMAL
2026-01-01T08:42:30,tank01,high_vibration,81.94,2.06,41.96,59.93,72.23,4.88,12.84,80.47,CRITICAL
2026-01-01T08:42:35,tank01,high_temp,96.23,2.16,42.03,58.69,78.52,1.69,13.83,80.8,CRITICAL
2026-01-01T08:42:40,tank01,low_quality,91.02,2.09,34.78,63.34,84.24,1.65,14.2,83.25,CRITICAL
2026-01-01T08:42:45,tank01,normal,80.89,2.18,42.75,59.43,72.31,1.37,12.88,92.39,NORMAL
2026-01-01T08:42:50,tank01,high_temp,97.04,2.11,42.84,62.22,81.39,1.76,14.05,80.61,CRITICAL
2026-01-01T08:42:55,tank01,normal,83.13,2.14,43.26,60.47,73.79,1.47,13.03,91.03,NORMAL
2026-01-01T08:43:00,tank01,normal,81.35,2.19,40.87,60.32,72.52,1.68,12.95,91.48,NORMAL
2026-01-01T08:43:05,tank01,overpressure,81.41,3.24,42.4,60.0,75.9,1.53,13.83,86.57,CRITICAL
2026-01-01T08:43:10,tank01,normal,81.97,2.23,42.41,62.49,75.39,1.76,13.19,91.23,NORMAL
2026-01-01T08:43:15,tank01,high_temp,94.93,2.23,43.73,62.42,86.07,1.62,14.41,81.84,CRITICAL
2026-01-01T08:43:20,tank01,high_temp,95.87,2.08,41.67,61.99,84.42,1.14,14.25,81.35,CRITICAL
2026-01-01T08:43:25,tank01,normal,79.71,2.04,40.82,64.63,77.24,1.35,13.18,93.46,NORMAL
2026-01-01T08:43:30,tank01,normal,80.86,2.14,41.71,61.62,77.93,1.13,13.32,92.35,NORMAL
2026-01-01T08:43:35,tank01,high_vibration,79.5,2.06,43.27,61.94,73.9,4.16,12.88,85.51,CRITICAL
2026-01-01T08:43:40,tank01,low_quality,87.23,2.15,35.42,63.14,86.69,1.47,14.31,85.94,WARNING
2026-01-01T08:43:45,tank01,normal,77.97,2.14,44.93,65.42,75.64,1.43,13.0,95.28,NORMAL
2026-01-01T08:43:50,tank01,high_temp,92.65,2.12,44.48,65.02,85.33,1.22,14.21,84.27,CRITICAL
2026-01-01T08:43:55,tank01,normal,76.85,2.09,44.12,66.72,74.69,1.41,12.87,94.47,NORMAL
2026-01-01T08:44:00,tank01,normal,78.26,2.1,44.64,66.25,75.63,1.39,12.99,95.23,NORMAL
2026-01-01T08:44:05,tank01,normal,76.54,2.1,46.38,67.88,69.34,1.26,12.41,94.05,NORMAL
2026-01-01T08:44:10,tank01,low_flow,76.54,2.29,31.05,65.18,75.53,1.27,13.25,89.95,CRITICAL
2026-01-01T08:44:15,tank01,normal,77.16,2.01,46.07,69.13,74.68,1.37,12.8,95.05,NORMAL
2026-01-01T08:44:20,tank01,normal,75.21,2.12,47.67,66.06,73.24,1.3,12.67,92.62,NORMAL
2026-01-01T08:44:25,tank01,normal,75.62,1.98,45.4,67.22,73.96,1.82,12.69,94.02,NORMAL
2026-01-01T08:44:30,tank01,normal,75.16,1.99,47.05,66.01,72.5,1.42,12.54,93.29,NORMAL
2026-01-01T08:44:35,tank01,normal,73.37,1.95,49.48,67.85,68.65,1.29,12.12,91.17,NORMAL
2026-01-01T08:44:40,tank01,high_temp,88.85,2.0,47.81,68.92,80.66,1.7,13.6,87.15,WARNING
2026-01-01T08:44:45,tank01,normal,73.66,1.93,47.93,69.95,68.38,1.52,12.12,91.64,NORMAL
2026-01-01T08:44:50,tank01,normal,73.6,1.87,47.08,67.73,68.89,1.47,12.14,91.55,NORMAL
2026-01-01T08:44:55,tank01,high_temp,89.65,1.97,48.93,70.56,75.97,1.75,13.21,86.11,WARNING
2026-01-01T08:45:00,tank01,low_flow,73.27,2.17,31.88,68.31,66.75,1.68,12.36,88.31,CRITICAL
2026-01-01T08:45:05,tank01,normal,74.38,1.83,47.58,69.47,65.49,1.4,11.86,91.81,NORMAL
2026-01-01T08:45:10,tank01,low_flow,74.12,2.09,32.8,69.3,65.68,1.67,12.24,89.61,WARNING
2026-01-01T08:45:15,tank01,normal,73.59,1.84,47.0,69.55,65.86,1.36,11.87,91.39,NORMAL
2026-01-01T08:45:20,tank01,normal,73.67,1.9,45.28,69.9,65.95,1.94,11.95,92.21,NORMAL
2026-01-01T08:45:25,tank01,normal,75.56,1.94,46.37,68.12,69.42,1.44,12.29,93.53,NORMAL
2026-01-01T08:45:30,tank01,normal,74.67,1.84,45.19,70.22,64.42,1.43,11.82,92.67,NORMAL
2026-01-01T08:45:35,tank01,normal,76.5,1.91,45.34,70.95,65.47,1.49,12.0,94.32,NORMAL
2026-01-01T08:45:40,tank01,normal,75.61,1.82,42.85,69.12,63.34,1.63,11.79,92.78,NORMAL
2026-01-01T08:45:45,tank01,normal,77.17,1.85,43.67,71.74,61.42,1.6,11.68,94.3,NORMAL
2026-01-01T08:45:50,tank01,normal,76.87,1.75,42.18,69.93,63.36,1.63,11.79,93.2,NORMAL
2026-01-01T08:45:55,tank01,normal,76.34,1.79,42.97,69.0,62.88,1.39,11.75,93.22,NORMAL
2026-01-01T08:46:00,tank01,overpressure,78.32,2.87,43.45,69.48,66.04,1.42,12.7,91.04,CRITICAL
2026-01-01T08:46:05,tank01,normal,77.07,1.8,41.11,68.61,65.95,1.35,12.05,93.35,NORMAL
2026-01-01T08:46:10,tank01,low_flow,78.65,2.15,27.25,66.9,64.06,1.49,12.36,90.34,CRITICAL
2026-01-01T08:46:15,tank01,normal,78.75,1.91,41.09,66.57,65.5,1.12,12.13,94.03,NORMAL
2026-01-01T08:46:20,tank01,normal,79.09,1.88,42.98,70.89,63.03,0.97,11.9,94.09,NORMAL
2026-01-01T08:46:25,tank01,high_temp,93.62,1.9,42.36,69.28,74.89,1.36,13.31,83.14,CRITICAL
2026-01-01T08:46:30,tank01,normal,81.22,2.01,41.7,68.61,65.6,1.32,12.27,92.68,NORMAL
2026-01-01T08:46:35,tank01,low_quality,88.54,1.99,32.95,66.91,77.16,1.22,13.53,85.04,WARNING
2026-01-01T08:46:40,tank01,normal,81.92,2.0,42.09,68.13,68.06,1.19,12.47,92.33,NORMAL
2026-01-01T08:46:45,tank01,normal,82.43,1.92,42.26,68.36,66.02,1.39,12.27,91.57,NORMAL
2026-01-01T08:46:50,tank01,normal,81.37,1.96,43.97,66.44,67.72,1.32,12.38,93.03,NORMAL
2026-01-01T08:46:55,tank01,normal,81.11,2.04,44.74,66.21,69.91,1.22,12.58,93.41,NORMAL
2026-01-01T08:47:00,tank01,normal,81.45,2.0,45.66,67.13,70.12,1.49,12.57,93.24,NORMAL
2026-01-01T08:47:05,tank01,normal,82.59,2.07,46.39,65.17,71.43,1.56,12.74,91.87,NORMAL
2026-01-01T08:47:10,tank01,normal,82.97,2.01,45.59,64.28,70.58,1.34,12.66,92.1,NORMAL
2026-01-01T08:47:15,tank01,normal,82.55,2.07,48.03,63.85,73.01,1.84,12.84,91.5,NORMAL
2026-01-01T08:47:20,tank01,normal,82.03,1.96,47.21,65.16,72.06,1.87,12.7,92.24,NORMAL
2026-01-01T08:47:25,tank01,normal,80.36,2.08,47.16,64.34,73.67,1.72,12.85,93.27,NORMAL
2026-01-01T08:47:30,tank01,overpressure,80.25,3.08,47.62,63.22,71.4,1.71,13.25,88.27,CRITICAL
2026-01-01T08:47:35,tank01,normal,80.95,2.03,48.42,63.34,75.37,1.84,12.95,92.77,NORMAL
2026-01-01T08:47:40,tank01,low_flow,81.46,2.3,32.2,60.89,74.14,1.73,13.27,88.7,WARNING
2026-01-01T08:47:45,tank01,normal,80.13,2.2,48.18,60.6,72.78,1.57,12.82,92.6,NORMAL
2026-01-01T08:47:50,tank01,low_flow,79.37,2.35,33.68,62.46,75.55,1.98,13.33,90.39,WARNING
2026-01-01T08:47:55,tank01,normal,79.6,2.09,48.48,62.91,76.0,1.48,13.0,93.46,NORMAL
2026-01-01T08:48:00,tank01,normal,79.69,2.14,47.52,59.94,75.18,1.72,12.98,93.4,NORMAL
2026-01-01T08:48:05,tank01,normal,77.99,2.24,46.85,61.21,75.54,1.84,13.02,94.33,NORMAL
2026-01-01T08:48:10,tank01,high_temp,90.33,2.19,46.47,60.61,82.91,1.55,13.96,85.43,CRITICAL
2026-01-01T08:48:15,tank01,normal,76.34,2.21,46.83,57.97,74.65,1.34,12.89,93.23,NORMAL
2026-01-01T08:48:20,tank01,normal,76.41,2.12,46.79,61.38,74.93,1.67,12.86,93.75,NORMAL
2026-01-01T08:48:25,tank01,high_temp,89.98,2.12,46.23,60.07,84.5,1.51,14.04,86.1,WARNING
2026-01-01T08:48:30,tank01,high_vibration,75.41,2.15,45.73,60.51,77.02,4.46,13.03,83.25,CRITICAL
2026-01-01T08:48:35,tank01,low_quality,82.56,2.1,36.88,58.43,87.92,1.3,14.22,90.03,WARNING
2026-01-01T08:48:40,tank01,normal,74.45,2.15,43.77,58.2,74.87,1.4,12.86,92.27,NORMAL
2026-01-01T08:48:45,tank01,normal,74.07,2.13,44.3,60.33,74.56,1.34,12.8,92.23,NORMAL
2026-01-01T08:48:50,tank01,normal,75.79,2.12,43.17,61.08,72.54,1.22,12.7,93.27,NORMAL
2026-01-01T08:48:55,tank01,high_temp,88.53,2.13,42.92,62.44,82.78,1.23,13.91,86.95,WARNING
2026-01-01T08:49:00,tank01,low_quality,81.9,2.17,35.6,62.97,81.99,1.25,13.79,89.86,WARNING
2026-01-01T08:49:05,tank01,normal,74.26,2.11,41.97,63.34,73.66,0.95,12.76,91.9,NORMAL
2026-01-01T08:49:10,tank01,overpressure,74.41,3.02,41.51,57.82,69.44,1.22,12.98,87.32,CRITICAL
2026-01-01T08:49:15,tank01,high_temp,88.92,2.06,40.97,61.38,79.9,1.35,13.68,86.52,WARNING
2026-01-01T08:49:20,tank01,normal,72.46,1.94,41.74,60.47,69.01,1.7,12.23,90.72,NORMAL
2026-01-01T08:49:25,tank01,normal,75.86,2.05,42.01,62.07,68.56,1.14,12.36,93.4,NORMAL
2026-01-01T08:49:30,tank01,normal,75.41,2.0,40.91,63.87,68.74,1.79,12.35,93.01,NORMAL
2026-01-01T08:49:35,tank01,high_temp,89.67,1.98,42.66,64.04,77.23,1.39,13.42,86.58,WARNING
2026-01-01T08:49:40,tank01,normal,75.21,2.07,42.66,63.01,69.86,1.4,12.45,92.98,NORMAL
2026-01-01T08:49:45,tank01,normal,74.56,1.93,42.46,62.82,65.2,1.57,11.97,92.42,NORMAL
2026-01-01T08:49:50,tank01,normal,77.7,1.96,43.78,62.27,70.02,1.55,12.45,95.27,NORMAL
2026-01-01T08:49:55,tank01,normal,76.63,2.02,45.0,64.41,64.31,1.64,11.98,94.88,NORMAL
2026-01-01T08:50:00,tank01,normal,75.96,1.99,45.05,67.02,65.15,1.49,12.01,94.4,NORMAL
2026-01-01T08:50:05,tank01,high_temp,91.96,1.93,43.71,63.99,72.36,1.59,13.05,84.86,CRITICAL
2026-01-01T08:50:10,tank01,normal,77.98,1.97,44.26,64.18,63.84,1.69,11.96,95.65,NORMAL
2026-01-01T08:50:15,tank01,high_temp,91.31,1.97,45.3,66.08,73.89,1.84,13.15,85.8,CRITICAL
2026-01-01T08:50:20,tank01,normal,79.41,1.91,45.98,67.02,63.69,1.76,11.94,94.27,NORMAL
2026-01-01T08:50:25,tank01,low_quality,88.23,1.95,38.83,67.43,77.05,1.69,13.4,86.56,WARNING
2026-01-01T08:50:30,tank01,normal,79.58,1.79,46.42,68.03,62.65,1.62,11.78,93.39,NORMAL
2026-01-01T08:50:35,tank01,high_temp,95.63,1.9,45.9,67.2,70.71,1.7,12.98,82.05,CRITICAL
2026-01-01T08:50:40,tank01,normal,78.94,1.82,47.46,67.57,66.23,1.84,12.04,93.77,NORMAL
2026-01-01T08:50:45,tank01,low_quality,89.34,1.92,39.39,67.09,74.43,1.46,13.19,85.68,WARNING
2026-01-01T08:50:50,tank01,normal,80.01,1.86,48.57,67.28,63.87,1.77,11.9,92.89,NORMAL
2026-01-01T08:50:55,tank01,normal,82.29,1.93,47.32,69.8,61.99,1.4,11.88,91.85,NORMAL
2026-01-01T08:51:00,tank01,normal,82.07,1.88,47.69,69.56,64.7,1.7,12.05,91.68,NORMAL
2026-01-01T08:51:05,tank01,normal,80.4,1.89,47.14,70.13,66.84,1.41,12.18,93.09,NORMAL
2026-01-01T08:51:10,tank01,normal,83.26,1.87,46.64,66.74,65.59,1.35,12.16,90.97,NORMAL
2026-01-01T08:51:15,tank01,normal,82.23,1.87,48.35,68.34,67.76,1.4,12.28,91.34,NORMAL
2026-01-01T08:51:20,tank01,low_flow,82.49,2.13,32.97,71.02,67.79,1.26,12.68,88.95,WARNING
2026-01-01T08:51:25,tank01,normal,81.6,1.94,48.04,71.4,69.58,1.36,12.46,92.24,NORMAL
2026-01-01T08:51:30,tank01,overpressure,81.26,2.93,47.56,69.61,67.79,1.47,12.91,88.26,CRITICAL
2026-01-01T08:51:35,tank01,low_quality,89.29,1.86,36.96,68.95,77.38,1.16,13.43,84.82,WARNING
2026-01-01T08:51:40,tank01,normal,80.73,1.87,44.87,71.21,69.86,1.15,12.46,93.25,NORMAL
2026-01-01T08:51:45,tank01,normal,80.8,1.95,46.67,70.0,70.77,1.2,12.56,93.25,NORMAL
2026-01-01T08:51:50,tank01,normal,82.27,1.93,45.49,69.54,72.23,1.33,12.72,92.32,NORMAL
2026-01-01T08:51:55,tank01,normal,80.07,1.94,43.39,70.81,69.9,1.29,12.51,93.76,NORMAL
2026-01-01T08:52:00,tank01,normal,79.55,1.9,43.07,70.5,70.96,1.43,12.56,93.86,NORMAL
2026-01-01T08:52:05,tank01,low_flow,80.37,2.17,27.86,68.83,72.44,1.14,13.09,89.1,CRITICAL
2026-01-01T08:52:10,tank01,normal,78.96,1.96,42.48,71.23,72.26,1.37,12.69,94.42,NORMAL
2026-01-01T08:52:15,tank01,normal,78.22,2.0,43.55,69.85,73.96,1.55,12.81,95.45,NORMAL
2026-01-01T08:52:20,tank01,normal,77.38,1.93,42.3,69.86,72.82,1.53,12.67,94.52,NORMAL
2026-01-01T08:52:25,tank01,normal,78.03,1.86,40.54,69.42,73.25,1.82,12.71,94.15,NORMAL
2026-01-01T08:52:30,tank01,low_quality,85.98,2.07,34.92,69.25,86.06,1.87,14.18,87.15,WARNING
2026-01-01T08:52:35,tank01,low_flow,76.42,2.28,27.09,67.47,75.58,1.47,13.3,88.93,CRITICAL
2026-01-01T08:52:40,tank01,high_temp,90.66,2.08,42.24,66.61,85.32,1.64,14.16,85.42,CRITICAL
2026-01-01T08:52:45,tank01,high_temp,89.12,2.12,42.08,67.46,85.51,1.61,14.16,86.32,WARNING
2026-01-01T08:52:50,tank01,normal,74.69,2.07,43.87,65.8,76.1,1.77,12.91,92.9,NORMAL
2026-01-01T08:52:55,tank01,normal,74.5,2.13,42.74,67.58,76.05,1.68,12.96,92.16,NORMAL
2026-01-01T08:53:00,tank01,normal,74.65,2.06,42.48,65.93,76.72,1.74,12.98,92.56,NORMAL
2026-01-01T08:53:05,tank01,normal,72.9,2.05,44.87,66.16,77.88,1.77,12.97,91.92,NORMAL
2026-01-01T08:53:10,tank01,high_temp,88.22,2.11,44.35,69.16,84.31,1.42,13.99,87.64,WARNING
2026-01-01T08:53:15,tank01,low_flow,73.54,2.4,29.24,64.32,77.59,1.88,13.42,86.71,CRITICAL
2026-01-01T08:53:20,tank01,normal,73.38,2.16,44.87,64.22,75.69,1.74,12.88,91.71,NORMAL
2026-01-01T08:53:25,tank01,high_temp,87.8,2.24,46.54,63.75,83.58,1.62,13.97,87.07,WARNING
2026-01-01T08:53:30,tank01,normal,74.07,2.2,47.32,64.13,73.66,1.61,12.72,91.49,NORMAL
2026-01-01T08:53:35,tank01,normal,75.16,2.08,46.59,65.63,72.85,1.34,12.63,93.06,NORMAL
2026-01-01T08:53:40,tank01,normal,73.59,2.14,45.72,62.79,72.39,1.65,12.6,91.81,NORMAL
2026-01-01T08:53:45,tank01,normal,74.5,2.14,47.5,62.39,73.47,1.35,12.69,92.02,NORMAL
2026-01-01T08:53:50,tank01,normal,75.96,2.18,48.24,61.06,69.86,1.35,12.45,92.75,NORMAL
2026-01-01T08:53:55,tank01,normal,74.75,2.19,49.65,63.4,71.97,1.53,12.57,91.45,NORMAL
2026-01-01T08:54:00,tank01,overpressure,77.15,3.18,49.0,62.44,72.31,1.27,13.27,88.49,CRITICAL
2026-01-01T08:54:05,tank01,normal,75.94,2.03,47.97,61.9,71.36,1.37,12.49,93.54,NORMAL
2026-01-01T08:54:10,tank01,high_vibration,77.14,2.11,47.81,59.81,70.22,4.47,12.48,84.22,CRITICAL
2026-01-01T08:54:15,tank01,normal,76.92,2.08,47.88,59.76,70.57,1.43,12.48,94.06,NORMAL
2026-01-01T08:54:20,tank01,normal,76.63,2.11,48.11,60.28,68.88,1.44,12.35,93.63,NORMAL
2026-01-01T08:54:25,tank01,normal,79.84,2.23,46.66,60.95,65.77,1.74,12.3,93.04,NORMAL
2026-01-01T08:54:30,tank01,normal,77.83,2.13,45.82,61.2,65.51,1.22,12.17,95.02,NORMAL
2026-01-01T08:54:35,tank01,normal,79.43,1.94,46.69,63.3,65.03,1.41,12.05,94.21,NORMAL
2026-01-01T08:54:40,tank01,high_temp,94.79,2.03,43.49,59.71,73.53,1.52,13.29,82.86,CRITICAL
2026-01-01T08:54:45,tank01,normal,80.26,2.02,46.46,58.4,65.17,1.62,12.13,93.85,NORMAL
2026-01-01T08:54:50,tank01,normal,80.97,2.0,46.19,60.27,65.99,1.58,12.21,93.46,NORMAL
2026-01-01T08:54:55,tank01,normal,81.08,2.09,45.63,60.66,66.84,1.39,12.35,93.1,NORMAL
2026-01-01T08:55:00,tank01,high_temp,95.37,1.95,45.0,58.4,69.53,1.4,12.92,82.73,CRITICAL
2026-01-01T08:55:05,tank01,normal,81.1,2.04,43.57,59.87,66.64,1.68,12.34,93.1,NORMAL
2026-01-01T08:55:10,tank01,normal,82.06,1.9,44.67,58.4,64.4,1.84,12.09,92.4,NORMAL
2026-01-01T08:55:15,tank01,normal,83.26,1.94,42.47,61.0,65.81,1.7,12.29,91.15,NORMAL
2026-01-01T08:55:20,tank01,normal,81.4,1.92,44.08,61.08,62.74,1.78,11.95,92.84,NORMAL
2026-01-01T08:55:25,tank01,normal,81.43,1.91,42.18,61.83,64.51,1.74,12.12,92.28,NORMAL
2026-01-01T08:55:30,tank01,normal,82.74,1.92,43.11,61.61,64.36,1.62,12.13,91.55,NORMAL
2026-01-01T08:55:35,tank01,normal,81.02,1.87,41.71,60.49,62.64,1.54,11.94,92.26,NORMAL
2026-01-01T08:55:40,tank01,normal,82.97,1.92,41.09,63.86,66.65,1.81,12.36,90.88,NORMAL
2026-01-01T08:55:45,tank01,normal,81.11,1.91,41.86,61.57,63.6,2.1,12.04,92.04,NORMAL
2026-01-01T08:55:50,tank01,normal,82.11,1.86,42.31,62.33,65.94,1.56,12.22,91.55,NORMAL
2026-01-01T08:55:55,tank01,normal,81.01,1.76,42.56,62.65,69.25,1.52,12.39,91.94,NORMAL
2026-01-01T08:56:00,tank01,overpressure,80.63,2.85,42.44,62.21,66.21,1.6,12.79,89.16,CRITICAL
2026-01-01T08:56:05,tank01,normal,79.64,1.84,42.24,63.0,64.66,1.58,12.03,93.29,NORMAL
2026-01-01T08:56:10,tank01,normal,79.68,1.84,42.16,62.65,68.56,1.54,12.35,93.23,NORMAL
2026-01-01T08:56:15,tank01,normal,79.54,1.78,44.99,64.5,69.79,1.49,12.36,93.76,NORMAL
2026-01-01T08:56:20,tank01,normal,79.49,1.79,44.33,64.16,70.41,1.28,12.43,93.68,NORMAL
2026-01-01T08:56:25,tank01,normal,76.69,1.95,45.34,65.37,70.85,1.26,12.46,94.67,NORMAL
2026-01-01T08:56:30,tank01,normal,76.91,1.86,45.38,65.06,70.31,1.55,12.37,94.38,NORMAL
2026-01-01T08:56:35,tank01,normal,76.93,1.88,45.22,66.51,70.16,1.26,12.37,94.56,NORMAL
2026-01-01T08:56:40,tank01,low_quality,83.35,1.87,36.88,64.25,83.72,1.15,13.77,89.32,WARNING
2026-01-01T08:56:45,tank01,normal,75.73,1.87,47.73,68.49,71.87,1.25,12.43,92.95,NORMAL
2026-01-01T08:56:50,tank01,normal,76.97,1.87,46.56,66.19,72.88,1.39,12.57,94.21,NORMAL
2026-01-01T08:56:55,tank01,low_quality,84.1,1.88,38.76,66.97,84.6,1.45,13.84,89.26,NORMAL
2026-01-01T08:57:00,tank01,low_flow,75.57,2.13,32.33,66.14,77.19,1.68,13.24,90.36,WARNING
2026-01-01T08:57:05,tank01,low_quality,83.94,2.02,40.52,67.38,80.98,1.2,13.6,90.33,NORMAL
2026-01-01T08:57:10,tank01,normal,73.85,2.03,47.74,66.2,75.96,1.25,12.8,92.04,NORMAL
2026-01-01T08:57:15,tank01,normal,72.56,1.99,49.65,66.81,74.8,1.64,12.61,90.73,NORMAL
2026-01-01T08:57:20,tank01,normal,74.68,2.05,47.42,68.2,74.5,1.37,12.72,92.68,NORMAL
2026-01-01T08:57:25,tank01,normal,73.75,1.94,47.45,67.81,73.68,1.45,12.56,91.9,NORMAL
2026-01-01T08:57:30,tank01,high_temp,86.9,2.07,47.15,69.33,84.02,1.53,13.86,88.45,WARNING
2026-01-01T08:57:35,tank01,low_flow,74.65,2.27,31.09,70.52,78.5,1.52,13.41,88.68,CRITICAL
2026-01-01T08:57:40,tank01,normal,76.2,1.96,47.72,68.63,75.24,1.72,12.77,93.78,NORMAL
2026-01-01T08:57:45,tank01,normal,74.06,2.05,46.54,68.63,75.15,1.8,12.77,92.41,NORMAL
2026-01-01T08:57:50,tank01,high_temp,87.64,2.02,47.31,68.41,82.18,1.62,13.71,88.08,WARNING
2026-01-01T08:57:55,tank01,low_flow,77.27,2.36,29.81,69.82,75.43,1.47,13.32,89.84,CRITICAL
2026-01-01T08:58:00,tank01,normal,74.85,2.07,44.98,71.17,74.39,1.95,12.76,93.28,NORMAL
2026-01-01T08:58:05,tank01,normal,74.4,2.13,45.74,70.48,76.77,1.92,12.96,92.48,NORMAL
2026-01-01T08:58:10,tank01,normal,75.71,2.08,44.61,67.17,74.33,1.62,12.8,93.77,NORMAL
2026-01-01T08:58:15,tank01,normal,75.73,2.13,42.56,68.87,74.63,1.85,12.88,93.06,NORMAL
2026-01-01T08:58:20,tank01,normal,76.04,2.02,43.73,67.95,74.16,1.74,12.77,94.1,NORMAL
2026-01-01T08:58:25,tank01,normal,76.51,2.18,41.74,71.06,69.43,1.64,12.53,93.18,NORMAL
2026-01-01T08:58:30,tank01,normal,76.64,2.2,43.59,68.66,72.03,1.57,12.73,93.64,NORMAL
2026-01-01T08:58:35,tank01,overpressure,78.69,3.22,41.66,69.77,72.06,1.45,13.43,88.57,CRITICAL
2026-01-01T08:58:40,tank01,normal,78.95,2.17,42.51,70.64,71.2,1.74,12.73,93.84,NORMAL
2026-01-01T08:58:45,tank01,overpressure,79.04,3.15,42.52,68.18,69.13,1.44,13.15,88.86,CRITICAL
2026-01-01T08:58:50,tank01,normal,80.55,2.18,42.04,70.0,68.51,1.36,12.58,92.44,NORMAL
2026-01-01T08:58:55,tank01,low_flow,80.47,2.41,26.91,67.91,70.59,1.28,13.1,87.59,CRITICAL
2026-01-01T08:59:00,tank01,low_flow,79.91,2.5,28.08,68.23,69.56,1.62,13.04,87.81,CRITICAL
2026-01-01T08:59:05,tank01,normal,80.44,2.08,42.53,66.77,66.05,1.44,12.31,93.15,NORMAL
2026-01-01T08:59:10,tank01,high_vibration,81.72,2.16,42.09,67.99,68.78,4.42,12.62,82.01,CRITICAL
2026-01-01T08:59:15,tank01,normal,81.33,2.16,42.79,65.84,64.95,1.3,12.29,92.17,NORMAL
2026-01-01T08:59:20,tank01,high_temp,95.37,2.11,43.28,64.67,75.94,1.3,13.55,82.0,CRITICAL
2026-01-01T08:59:25,tank01,high_temp,97.98,2.05,43.6,67.55,72.98,1.47,13.36,80.39,CRITICAL
2026-01-01T08:59:30,tank01,low_quality,89.69,2.12,35.36,64.98,74.1,1.17,13.36,84.2,WARNING
2026-01-01T08:59:35,tank01,normal,81.03,2.04,44.91,65.11,66.98,1.34,12.34,93.5,NORMAL
2026-01-01T08:59:40,tank01,normal,82.81,2.01,46.29,64.69,63.62,1.49,12.08,92.04,NORMAL
2026-01-01T08:59:45,tank01,normal,82.44,2.07,45.53,66.37,63.7,1.51,12.13,92.19,NORMAL
2026-01-01T08:59:50,tank01,normal,82.99,2.06,45.53,65.5,63.87,1.34,12.15,91.85,NORMAL
2026-01-01T08:59:55,tank01,normal,81.22,2.08,45.8,61.11,64.67,1.2,12.17,92.99,NORMAL
2026-01-01T09:00:00,tank01,normal,80.15,1.95,46.33,62.84,64.33,1.29,12.02,93.8,NORMAL
2026-01-01T09:00:05,tank01,high_temp,95.37,1.97,47.32,61.68,71.04,1.45,13.02,82.26,CRITICAL
2026-01-01T09:00:10,tank01,high_temp,95.18,1.89,46.26,64.87,72.08,1.55,13.06,82.27,CRITICAL
2026-01-01T09:00:15,tank01,low_quality,87.2,1.91,39.07,61.49,71.85,1.39,12.92,87.17,WARNING
2026-01-01T09:00:20,tank01,high_temp,93.66,1.92,48.89,61.92,71.48,1.6,12.95,82.89,CRITICAL
2026-01-01T09:00:25,tank01,normal,79.93,1.94,47.85,61.93,65.47,1.37,12.08,93.54,NORMAL
2026-01-01T09:00:30,tank01,high_vibration,78.75,1.94,46.88,61.26,66.53,4.97,12.15,82.78,CRITICAL
2026-01-01T09:00:35,tank01,high_temp,91.06,1.91,48.92,62.76,75.28,1.36,13.17,84.78,CRITICAL
2026-01-01T09:00:40,tank01,normal,78.79,1.97,46.18,61.12,66.09,1.69,12.14,94.96,NORMAL
2026-01-01T09:00:45,tank01,high_vibration,77.01,1.84,48.13,61.15,68.5,4.75,12.17,82.66,CRITICAL
2026-01-01T09:00:50,tank01,normal,76.54,1.95,46.18,62.64,66.92,1.79,12.13,94.35,NORMAL
2026-01-01T09:00:55,tank01,normal,76.1,1.93,46.87,60.63,67.91,1.72,12.17,93.75,NORMAL
2026-01-01T09:01:00,tank01,normal,75.47,1.87,45.58,60.93,70.07,1.86,12.31,93.3,NORMAL
2026-01-01T09:01:05,tank01,normal,75.61,1.88,44.94,59.31,68.5,1.68,12.2,93.61,NORMAL
2026-01-01T09:01:10,tank01,normal,75.05,1.84,45.96,60.42,70.78,1.8,12.33,92.73,NORMAL
2026-01-01T09:01:15,tank01,normal,75.52,1.79,43.99,59.32,71.55,1.37,12.4,92.83,NORMAL
2026-01-01T09:01:20,tank01,normal,72.48,1.82,44.12,58.72,73.09,1.75,12.45,90.76,NORMAL
2026-01-01T09:01:25,tank01,high_vibration,73.49,1.86,43.05,58.41,70.82,4.53,12.34,81.3,CRITICAL
2026-01-01T09:01:30,tank01,normal,74.89,1.8,43.96,59.63,71.81,1.26,12.41,92.4,NORMAL
2026-01-01T09:01:35,tank01,low_flow,74.71,2.07,28.83,60.66,72.1,1.57,12.82,89.17,CRITICAL
2026-01-01T09:01:40,tank01,normal,74.13,1.79,42.8,60.99,74.74,1.15,12.63,91.49,NORMAL
2026-01-01T09:01:45,tank01,normal,73.17,1.79,41.38,60.55,72.36,1.47,12.44,90.42,NORMAL
2026-01-01T09:01:50,tank01,normal,74.85,1.86,41.21,62.89,72.39,1.2,12.53,91.99,NORMAL
2026-01-01T09:01:55,tank01,normal,74.44,1.81,42.13,63.07,78.06,1.48,12.93,91.68,NORMAL
2026-01-01T09:02:00,tank01,normal,73.33,1.89,40.89,61.95,75.75,1.22,12.78,90.91,NORMAL
2026-01-01T09:02:05,tank01,low_quality,82.99,1.9,34.69,60.02,84.34,1.42,13.86,89.2,WARNING
2026-01-01T09:02:10,tank01,normal,76.18,1.95,43.72,60.56,75.79,1.3,12.86,94.08,NORMAL
2026-01-01T09:02:15,tank01,normal,75.86,1.97,41.57,63.61,76.7,1.53,12.97,93.37,NORMAL
2026-01-01T09:02:20,tank01,normal,74.07,1.88,42.06,65.69,72.08,1.5,12.49,91.72,NORMAL
2026-01-01T09:02:25,tank01,normal,76.18,1.95,44.06,63.27,76.85,1.45,12.94,94.12,NORMAL
2026-01-01T09:02:30,tank01,normal,76.29,1.95,43.09,61.64,74.0,1.62,12.73,93.99,NORMAL
2026-01-01T09:02:35,tank01,overpressure,77.13,3.05,43.41,64.83,74.64,1.52,13.46,89.71,CRITICAL
2026-01-01T09:02:40,tank01,normal,77.04,1.94,44.85,65.69,78.05,1.33,13.04,94.92,NORMAL
2026-01-01T09:02:45,tank01,normal,79.2,2.0,45.24,65.35,77.58,1.52,13.1,95.04,NORMAL
2026-01-01T09:02:50,tank01,normal,76.26,2.07,46.62,66.3,73.4,1.62,12.7,93.92,NORMAL
2026-01-01T09:02:55,tank01,low_flow,78.33,2.25,31.45,67.13,72.85,1.53,13.05,91.12,CRITICAL
2026-01-01T09:03:00,tank01,normal,79.9,2.11,44.91,65.15,74.07,1.79,12.91,94.01,NORMAL
2026-01-01T09:03:05,tank01,normal,79.19,2.04,48.02,66.43,73.19,1.57,12.74,94.13,NORMAL
2026-01-01T09:03:10,tank01,normal,80.19,2.05,46.92,63.61,75.41,1.64,12.96,93.65,NORMAL
2026-01-01T09:03:15,tank01,normal,82.21,2.13,48.39,68.12,72.02,1.31,12.78,91.32,NORMAL
2026-01-01T09:03:20,tank01,normal,80.12,2.03,47.65,68.13,70.14,1.91,12.52,93.6,NORMAL
2026-01-01T09:03:25,tank01,normal,80.47,2.1,47.82,66.85,73.54,1.63,12.84,92.92,NORMAL
2026-01-01T09:03:30,tank01,normal,83.38,2.14,47.99,66.48,69.78,1.67,12.65,90.51,NORMAL
2026-01-01T09:03:35,tank01,normal,81.93,2.14,49.62,68.57,68.73,1.59,12.5,91.2,NORMAL
2026-01-01T09:03:40,tank01,normal,80.36,2.13,47.81,69.6,68.37,1.95,12.44,92.87,NORMAL
2026-01-01T09:03:45,tank01,normal,82.37,2.16,47.29,68.84,65.72,1.72,12.32,91.35,NORMAL
2026-01-01T09:03:50,tank01,normal,81.71,2.09,48.02,67.15,67.32,1.66,12.37,92.01,NORMAL
2026-01-01T09:03:55,tank01,normal,82.36,2.14,44.3,69.7,67.21,1.46,12.46,91.88,NORMAL
2026-01-01T09:04:00,tank01,normal,81.46,2.12,46.71,68.65,64.93,1.33,12.21,92.36,NORMAL
2026-01-01T09:04:05,tank01,normal,82.03,2.19,45.89,71.75,66.02,1.3,12.37,91.78,NORMAL
2026-01-01T09:04:10,tank01,normal,81.15,2.09,47.02,71.86,68.94,1.47,12.5,92.67,NORMAL
2026-01-01T09:04:15,tank01,normal,80.22,2.03,45.31,69.67,66.96,1.31,12.3,94.1,NORMAL
2026-01-01T09:04:20,tank01,low_quality,87.14,2.19,37.43,69.16,74.68,1.44,13.34,86.31,WARNING
2026-01-01T09:04:25,tank01,normal,79.32,2.19,44.41,68.02,63.62,1.3,12.12,93.91,NORMAL
2026-01-01T09:04:30,tank01,normal,79.78,2.1,42.65,69.39,64.35,1.31,12.16,93.58,NORMAL
2026-01-01T09:04:35,tank01,normal,80.21,2.15,43.63,70.79,64.2,1.34,12.18,93.23,NORMAL
2026-01-01T09:04:40,tank01,normal,80.13,2.08,44.21,67.17,62.49,1.12,11.99,93.78,NORMAL
2026-01-01T09:04:45,tank01,normal,78.82,2.08,41.65,67.4,60.42,1.14,11.82,94.15,NORMAL
2026-01-01T09:04:50,tank01,overpressure,77.85,3.05,40.37,69.93,61.89,1.05,12.51,89.46,CRITICAL
2026-01-01T09:04:55,tank01,normal,76.01,2.12,42.31,68.08,64.53,1.37,12.08,93.21,NORMAL
2026-01-01T09:05:00,tank01,low_flow,76.53,2.34,29.15,69.99,64.29,1.51,12.41,89.22,CRITICAL
2026-01-01T09:05:05,tank01,normal,77.58,2.02,42.46,69.87,66.31,1.58,12.21,94.95,NORMAL
2026-01-01T09:05:10,tank01,normal,75.04,1.95,41.93,67.76,66.82,1.49,12.14,92.76,NORMAL
2026-01-01T09:05:15,tank01,normal,74.1,2.06,42.89,69.37,67.5,1.35,12.21,92.27,NORMAL
2026-01-01T09:05:20,tank01,normal,74.78,1.9,41.34,66.99,67.56,1.42,12.17,92.19,NORMAL
2026-01-01T09:05:25,tank01,normal,75.74,1.92,42.81,65.82,70.18,1.53,12.4,93.35,NORMAL
2026-01-01T09:05:30,tank01,low_flow,73.64,2.23,28.67,66.45,66.39,1.42,12.43,87.48,CRITICAL
2026-01-01T09:05:35,tank01,normal,74.75,1.96,41.03,65.85,69.07,1.68,12.33,92.35,NORMAL
2026-01-01T09:05:40,tank01,low_flow,73.92,2.17,29.56,66.4,69.08,1.85,12.6,88.22,CRITICAL
2026-01-01T09:05:45,tank01,overpressure,73.57,2.9,45.27,66.56,68.81,1.58,12.77,88.12,CRITICAL
2026-01-01T09:05:50,tank01,normal,73.81,1.85,44.34,65.31,68.3,1.65,12.13,91.97,NORMAL
2026-01-01T09:05:55,tank01,normal,74.44,1.86,45.41,64.86,72.69,1.78,12.48,92.54,NORMAL
2026-01-01T09:06:00,tank01,normal,75.12,1.96,45.16,63.3,69.54,1.42,12.31,93.59,NORMAL
2026-01-01T09:06:05,tank01,normal,72.57,1.83,46.61,64.19,70.57,1.56,12.22,90.68,NORMAL
2026-01-01T09:06:10,tank01,high_vibration,75.53,1.9,46.95,64.17,73.39,4.73,12.57,82.25,CRITICAL
2026-01-01T09:06:15,tank01,low_flow,74.1,2.13,30.58,62.04,74.15,1.78,12.97,88.83,CRITICAL
2026-01-01T09:06:20,tank01,low_flow,75.12,2.2,30.85,63.84,75.59,1.62,13.16,89.3,CRITICAL
2026-01-01T09:06:25,tank01,normal,76.22,1.85,48.72,64.22,74.56,1.37,12.63,92.97,NORMAL
2026-01-01T09:06:30,tank01,normal,75.35,1.88,48.41,63.1,73.73,1.4,12.56,92.54,NORMAL
2026-01-01T09:06:35,tank01,normal,76.18,1.84,49.36,63.17,72.81,1.38,12.48,92.77,NORMAL
2026-01-01T09:06:40,tank01,normal,76.33,1.85,48.17,61.96,73.35,1.25,12.55,93.21,NORMAL
2026-01-01T09:06:45,tank01,normal,77.38,1.77,47.75,60.45,74.3,1.32,12.61,93.7,NORMAL
2026-01-01T09:06:50,tank01,normal,78.4,1.83,48.4,61.13,72.03,1.43,12.48,93.99,NORMAL
2026-01-01T09:06:55,tank01,normal,78.03,1.81,48.32,60.75,77.24,1.51,12.88,94.21,NORMAL
2026-01-01T09:07:00,tank01,normal,77.5,1.93,46.78,60.31,76.26,1.14,12.88,94.81,NORMAL
2026-01-01T09:07:05,tank01,normal,79.36,1.95,46.12,57.45,75.08,1.35,12.87,94.45,NORMAL
2026-01-01T09:07:10,tank01,normal,80.46,1.89,46.46,61.47,74.58,1.55,12.82,93.27,NORMAL
2026-01-01T09:07:15,tank01,high_temp,95.07,1.91,46.73,59.77,84.21,1.14,14.03,82.29,CRITICAL
2026-01-01T09:07:20,tank01,normal,81.25,1.85,45.09,59.45,76.34,1.51,12.98,92.77,NORMAL
2026-01-01T09:07:25,tank01,normal,80.76,1.86,46.47,61.14,76.36,1.2,12.95,92.87,NORMAL
2026-01-01T09:07:30,tank01,normal,80.08,1.93,45.15,59.58,76.52,1.24,13.0,94.04,NORMAL
2026-01-01T09:07:35,tank01,normal,82.13,1.99,42.62,57.63,74.87,1.41,13.01,92.26,NORMAL
2026-01-01T09:07:40,tank01,high_temp,95.96,1.95,44.39,59.04,82.84,1.48,14.01,82.15,CRITICAL
2026-01-01T09:07:45,tank01,overpressure,80.63,2.9,42.56,58.95,75.6,1.74,13.57,88.89,CRITICAL
2026-01-01T09:07:50,tank01,overpressure,83.25,3.02,40.0,60.61,70.74,1.27,13.37,85.7,CRITICAL
2026-01-01T09:07:55,tank01,normal,81.82,1.91,42.65,61.58,69.78,1.32,12.54,92.08,NORMAL
2026-01-01T09:08:00,tank01,normal,82.62,2.06,44.88,60.82,73.57,1.55,12.92,92.23,NORMAL
2026-01-01T09:08:05,tank01,low_flow,82.92,2.28,25.56,61.22,72.01,1.4,13.23,86.05,CRITICAL
2026-01-01T09:08:10,tank01,normal,81.73,2.03,41.79,58.28,71.48,1.68,12.76,92.25,NORMAL
2026-01-01T09:08:15,tank01,normal,82.46,2.08,41.53,63.24,71.53,1.43,12.82,91.4,NORMAL
2026-01-01T09:08:20,tank01,normal,80.14,2.09,42.69,60.92,69.66,1.51,12.59,93.39,NORMAL
2026-01-01T09:08:25,tank01,normal,80.13,2.0,43.89,63.21,68.46,1.71,12.42,94.12,NORMAL
2026-01-01T09:08:30,tank01,normal,80.62,2.21,40.83,61.9,68.15,1.63,12.58,91.96,NORMAL
2026-01-01T09:08:35,tank01,overpressure,80.47,3.08,43.93,62.23,67.95,1.65,13.04,88.47,CRITICAL
2026-01-01T09:08:40,tank01,normal,79.52,2.08,43.52,64.58,68.96,1.8,12.5,94.1,NORMAL
2026-01-01T09:08:45,tank01,normal,80.23,2.11,44.17,64.51,68.1,1.62,12.46,93.55,NORMAL
2026-01-01T09:08:50,tank01,low_quality,87.5,2.21,35.97,65.12,75.52,1.9,13.45,85.58,WARNING
2026-01-01T09:08:55,tank01,normal,79.37,2.15,43.22,64.55,67.02,1.82,12.39,93.77,NORMAL
2026-01-01T09:09:00,tank01,normal,77.54,2.13,43.64,63.36,67.5,1.54,12.35,94.65,NORMAL
2026-01-01T09:09:05,tank01,high_vibration,79.24,2.19,44.95,65.39,65.6,4.52,12.26,84.03,CRITICAL
2026-01-01T09:09:10,tank01,low_quality,85.69,2.17,37.46,64.34,75.64,1.43,13.36,87.48,WARNING
2026-01-01T09:09:15,tank01,normal,76.15,2.28,45.81,65.92,63.23,1.65,12.02,93.02,NORMAL
2026-01-01T09:09:20,tank01,normal,76.18,2.17,47.16,65.86,66.09,1.41,12.17,93.26,NORMAL
2026-01-01T09:09:25,tank01,normal,75.18,2.21,46.53,68.31,63.06,1.17,11.93,92.46,NORMAL
2026-01-01T09:09:30,tank01,normal,75.27,2.17,47.55,66.54,63.92,1.58,11.96,92.46,NORMAL
2026-01-01T09:09:35,tank01,low_quality,83.09,2.13,39.08,68.68,75.84,1.67,13.25,90.08,NORMAL
2026-01-01T09:09:40,tank01,high_temp,88.27,2.27,48.6,66.4,71.88,1.27,13.03,86.07,WARNING
2026-01-01T09:09:45,tank01,normal,75.15,2.14,48.46,68.96,65.33,1.5,12.04,92.3,NORMAL
2026-01-01T09:09:50,tank01,normal,73.97,2.16,47.22,69.66,65.53,1.42,12.05,91.61,NORMAL
2026-01-01T09:09:55,tank01,high_vibration,73.34,2.14,48.55,69.92,65.19,4.31,11.97,81.65,CRITICAL
2026-01-01T09:10:00,tank01,high_temp,88.74,2.09,47.52,67.81,72.79,1.65,13.03,86.86,WARNING
2026-01-01T09:10:05,tank01,low_quality,81.6,2.07,37.79,68.3,74.03,1.39,13.05,91.12,WARNING
2026-01-01T09:10:10,tank01,high_temp,88.39,2.06,46.56,69.21,72.36,1.49,12.98,87.52,WARNING
2026-01-01T09:10:15,tank01,normal,74.36,2.07,46.19,68.46,67.89,1.7,12.21,92.61,NORMAL
2026-01-01T09:10:20,tank01,normal,75.27,2.06,45.27,70.42,69.42,1.47,12.37,93.6,NORMAL
2026-01-01T09:10:25,tank01,normal,74.05,2.1,47.93,69.0,67.98,1.48,12.2,91.83,NORMAL
2026-01-01T09:10:30,tank01,overpressure,74.24,3.05,45.43,71.06,72.21,1.41,13.15,87.81,CRITICAL
2026-01-01T09:10:35,tank01,normal,74.97,1.95,46.74,69.9,69.19,1.75,12.25,93.04,NORMAL
2026-01-01T09:10:40,tank01,low_quality,81.94,2.04,37.38,71.22,81.39,1.58,13.63,90.95,WARNING
2026-01-01T09:10:45,tank01,normal,77.44,1.86,46.22,71.17,71.2,1.5,12.44,94.6,NORMAL
2026-01-01T09:10:50,tank01,normal,77.01,1.93,42.33,69.22,71.84,1.52,12.58,94.25,NORMAL
2026-01-01T09:10:55,tank01,normal,76.02,1.99,44.86,70.34,73.09,1.53,12.65,94.42,NORMAL
2026-01-01T09:11:00,tank01,normal,77.07,1.93,43.56,69.62,75.77,1.59,12.88,94.61,NORMAL
2026-01-01T09:11:05,tank01,normal,76.78,1.83,41.63,70.13,73.16,1.58,12.63,93.4,NORMAL
2026-01-01T09:11:10,tank01,normal,77.81,2.06,43.65,70.03,72.41,1.6,12.71,95.19,NORMAL
2026-01-01T09:11:15,tank01,overpressure,78.11,2.85,41.96,68.42,72.6,1.68,13.23,90.89,CRITICAL
2026-01-01T09:11:20,tank01,overpressure,79.37,2.9,41.23,70.95,75.55,1.76,13.55,89.54,CRITICAL
2026-01-01T09:11:25,tank01,normal,78.15,1.93,41.54,69.21,71.85,1.62,12.63,94.67,NORMAL
2026-01-01T09:11:30,tank01,normal,80.18,1.84,43.32,69.24,72.65,1.58,12.67,93.13,NORMAL
2026-01-01T09:11:35,tank01,low_flow,80.26,2.07,26.68,66.1,77.42,1.75,13.45,89.36,CRITICAL
2026-01-01T09:11:40,tank01,low_flow,81.86,2.11,26.73,68.42,74.16,1.89,13.25,87.98,CRITICAL
2026-01-01T09:11:45,tank01,normal,81.54,1.88,43.48,69.42,73.85,1.39,12.83,92.37,NORMAL
2026-01-01T09:11:50,tank01,normal,80.5,1.84,43.13,66.08,75.41,1.55,12.9,92.85,NORMAL
2026-01-01T09:11:55,tank01,low_flow,82.52,2.07,28.2,67.32,77.19,1.21,13.47,88.05,CRITICAL
2026-01-01T09:12:00,tank01,normal,81.93,1.81,43.93,65.58,76.16,1.36,12.98,91.81,NORMAL
2026-01-01T09:12:05,tank01,overpressure,82.32,2.88,44.8,65.9,77.54,1.53,13.73,88.3,CRITICAL
2026-01-01T09:12:10,tank01,low_flow,83.22,2.15,29.97,64.68,77.3,1.55,13.52,87.59,CRITICAL
2026-01-01T09:12:15,tank01,normal,82.35,1.87,45.45,65.06,73.62,1.14,12.8,91.98,NORMAL
2026-01-01T09:12:20,tank01,low_flow,82.36,2.1,31.41,63.76,74.05,1.38,13.19,88.82,CRITICAL
2026-01-01T09:12:25,tank01,overpressure,83.56,2.83,46.1,64.38,71.55,1.31,13.24,87.39,CRITICAL
2026-01-01T09:12:30,tank01,normal,81.2,1.88,46.69,63.3,73.65,1.4,12.75,92.56,NORMAL
2026-01-01T09:12:35,tank01,normal,82.08,1.86,47.6,62.92,73.28,1.47,12.73,91.59,NORMAL
2026-01-01T09:12:40,tank01,high_temp,94.24,1.96,45.4,63.75,80.87,1.43,13.79,83.51,CRITICAL
2026-01-01T09:12:45,tank01,normal,80.72,1.95,49.72,64.53,72.17,1.37,12.62,92.55,NORMAL
2026-01-01T09:12:50,tank01,normal,80.29,1.85,47.66,61.81,70.65,1.41,12.46,92.89,NORMAL
2026-01-01T09:12:55,tank01,normal,79.2,1.92,48.95,61.42,69.16,1.33,12.33,93.72,NORMAL
2026-01-01T09:13:00,tank01,overpressure,79.41,2.98,48.54,60.18,69.26,1.31,12.98,89.16,CRITICAL
2026-01-01T09:13:05,tank01,low_quality,86.44,1.98,38.69,61.72,79.73,1.48,13.58,87.97,WARNING
2026-01-01T09:13:10,tank01,normal,78.01,1.98,49.96,59.31,72.1,1.64,12.55,94.64,NORMAL
2026-01-01T09:13:15,tank01,normal,75.8,1.92,48.74,62.19,67.54,1.39,12.1,93.01,NORMAL
2026-01-01T09:13:20,tank01,high_temp,90.77,2.0,47.51,58.74,73.75,1.65,13.11,85.79,CRITICAL
2026-01-01T09:13:25,tank01,normal,76.08,2.07,46.55,62.28,67.45,1.66,12.22,93.84,NORMAL
2026-01-01T09:13:30,tank01,normal,76.07,2.03,46.65,60.38,68.09,1.72,12.25,93.99,NORMAL
2026-01-01T09:13:35,tank01,low_quality,83.04,2.11,38.67,61.44,76.05,1.69,13.26,90.07,NORMAL
2026-01-01T09:13:40,tank01,high_temp,89.67,1.99,45.86,61.7,71.97,1.68,12.95,86.97,WARNING
2026-01-01T09:13:45,tank01,normal,75.79,2.04,45.18,59.91,61.76,1.83,11.76,94.09,NORMAL
2026-01-01T09:13:50,tank01,normal,74.51,2.15,44.24,60.1,61.69,1.6,11.79,92.47,NORMAL
2026-01-01T09:13:55,tank01,normal,74.29,2.06,44.93,61.5,63.54,1.7,11.87,92.92,NORMAL
2026-01-01T09:14:00,tank01,normal,73.67,2.06,42.61,59.56,65.19,1.55,12.02,91.87,NORMAL
2026-01-01T09:14:05,tank01,normal,72.03,2.13,42.49,59.53,65.32,1.66,12.03,90.23,NORMAL
2026-01-01T09:14:10,tank01,normal,75.51,2.16,41.89,62.05,67.12,1.71,12.3,92.54,NORMAL
2026-01-01T09:14:15,tank01,normal,74.6,2.17,41.93,61.5,63.47,1.53,11.99,91.85,NORMAL
2026-01-01T09:14:20,tank01,normal,72.55,2.09,42.93,61.25,64.05,1.62,11.91,90.97,NORMAL
2026-01-01T09:14:25,tank01,normal,72.55,2.17,40.31,60.02,64.17,1.78,12.01,89.88,NORMAL
2026-01-01T09:14:30,tank01,normal,75.02,2.15,41.1,62.36,64.94,1.45,12.12,92.06,NORMAL
2026-01-01T09:14:35,tank01,normal,73.95,2.2,42.09,60.57,63.96,1.38,12.02,91.24,NORMAL
2026-01-01T09:14:40,tank01,normal,73.14,2.15,42.51,59.74,64.23,1.41,11.99,90.99,NORMAL
2026-01-01T09:14:45,tank01,normal,75.81,2.14,42.51,64.28,68.32,1.56,12.39,93.02,NORMAL
2026-01-01T09:14:50,tank01,normal,75.2,2.16,42.86,61.39,67.08,1.63,12.27,92.58,NORMAL
2026-01-01T09:14:55,tank01,normal,75.29,2.22,41.83,63.67,67.43,1.48,12.36,92.08,NORMAL
2026-01-01T09:15:00,tank01,normal,74.88,2.15,43.31,63.66,66.69,1.03,12.22,92.48,NORMAL
2026-01-01T09:15:05,tank01,normal,77.11,2.24,43.61,62.51,69.88,1.23,12.6,93.77,NORMAL
2026-01-01T09:15:10,tank01,normal,77.22,2.06,42.97,63.58,67.41,1.28,12.3,94.63,NORMAL
2026-01-01T09:15:15,tank01,normal,78.32,2.16,44.31,65.9,68.3,1.56,12.44,94.79,NORMAL
2026-01-01T09:15:20,tank01,normal,78.35,2.13,45.69,63.54,70.07,1.52,12.55,94.89,NORMAL
2026-01-01T09:15:25,tank01,normal,79.0,2.09,45.65,67.76,68.94,1.37,12.46,94.61,NORMAL
2026-01-01T09:15:30,tank01,normal,78.96,2.05,46.35,66.47,71.32,1.63,12.61,94.7,NORMAL
2026-01-01T09:15:35,tank01,normal,80.27,2.13,47.55,66.01,75.05,1.42,12.98,93.0,NORMAL
2026-01-01T09:15:40,tank01,normal,78.72,1.97,47.69,66.01,71.28,1.59,12.53,94.64,NORMAL
2026-01-01T09:15:45,tank01,normal,81.63,1.99,47.57,67.56,72.95,1.11,12.76,92.57,NORMAL
2026-01-01T09:15:50,tank01,normal,81.74,1.89,48.21,67.1,74.65,1.42,12.84,91.86,NORMAL
2026-01-01T09:15:55,tank01,normal,81.39,1.94,47.03,67.23,74.3,1.43,12.85,92.67,NORMAL
2026-01-01T09:16:00,tank01,normal,81.73,2.0,48.89,67.92,74.7,1.78,12.89,92.21,NORMAL
2026-01-01T09:16:05,tank01,normal,80.28,2.04,47.61,69.63,73.55,1.26,12.8,93.42,NORMAL
2026-01-01T09:16:10,tank01,overpressure,82.53,2.92,47.62,66.59,79.32,1.69,13.86,87.33,CRITICAL
2026-01-01T09:16:15,tank01,normal,82.58,1.87,49.15,68.36,75.96,1.56,12.94,90.86,NORMAL
2026-01-01T09:16:20,tank01,normal,81.26,2.03,46.61,70.92,78.03,1.89,13.2,92.98,NORMAL
2026-01-01T09:16:25,tank01,overpressure,80.65,2.97,45.47,71.53,75.95,1.76,13.6,89.02,CRITICAL
2026-01-01T09:16:30,tank01,low_flow,81.96,2.18,33.64,67.93,73.91,1.47,13.17,89.3,WARNING
2026-01-01T09:16:35,tank01,low_flow,81.61,2.14,32.82,68.11,77.53,1.63,13.44,89.55,WARNING
2026-01-01T09:16:40,tank01,normal,82.28,1.81,47.46,68.33,76.89,1.48,12.99,91.21,NORMAL
2026-01-01T09:16:45,tank01,normal,80.69,1.92,46.38,68.14,75.31,1.67,12.9,93.24,NORMAL
2026-01-01T09:16:50,tank01,normal,80.33,1.81,45.44,69.37,73.68,1.76,12.71,93.17,NORMAL
2026-01-01T09:16:55,tank01,normal,81.1,1.87,42.45,69.67,76.3,1.38,13.02,92.39,NORMAL
2026-01-01T09:17:00,tank01,overpressure,79.75,2.77,43.89,71.21,74.57,1.45,13.36,90.56,WARNING
2026-01-01T09:17:05,tank01,high_temp,94.54,1.77,44.14,71.08,83.51,1.81,13.92,82.23,CRITICAL
2026-01-01T09:17:10,tank01,high_vibration,79.85,1.83,45.33,68.93,72.47,4.32,12.61,84.37,CRITICAL
2026-01-01T09:17:15,tank01,high_vibration,79.47,1.85,42.84,68.98,71.9,4.54,12.6,83.41,CRITICAL
2026-01-01T09:17:20,tank01,normal,79.1,1.88,43.08,69.31,72.3,1.26,12.64,94.09,NORMAL
2026-01-01T09:17:25,tank01,high_vibration,76.81,1.88,43.43,70.6,73.09,4.66,12.63,83.48,CRITICAL
2026-01-01T09:17:30,tank01,low_flow,77.24,2.17,28.39,70.81,67.39,1.06,12.58,90.42,CRITICAL
2026-01-01T09:17:35,tank01,normal,76.6,1.82,41.62,69.2,70.41,1.44,12.4,93.22,NORMAL
2026-01-01T09:17:40,tank01,normal,77.14,1.85,41.6,67.33,70.84,1.32,12.47,93.76,NORMAL
2026-01-01T09:17:45,tank01,normal,75.62,1.82,41.71,66.41,69.27,1.19,12.27,92.47,NORMAL
2026-01-01T09:17:50,tank01,normal,76.3,1.91,42.34,70.53,72.26,1.29,12.58,93.63,NORMAL
2026-01-01T09:17:55,tank01,low_quality,82.16,1.86,35.02,67.83,77.14,1.22,13.23,89.69,WARNING
2026-01-01T09:18:00,tank01,normal,73.46,2.02,41.52,66.63,67.34,1.5,12.18,91.64,NORMAL
2026-01-01T09:18:05,tank01,high_vibration,74.92,1.92,42.51,68.17,67.34,4.4,12.15,83.04,CRITICAL
2026-01-01T09:18:10,tank01,normal,75.5,2.02,44.12,64.71,67.41,1.32,12.21,93.79,NORMAL
2026-01-01T09:18:15,tank01,overpressure,73.16,2.91,43.73,67.06,66.84,1.32,12.63,87.51,CRITICAL
2026-01-01T09:18:20,tank01,low_quality,82.11,1.95,37.06,64.21,75.51,1.39,13.12,90.68,WARNING
2026-01-01T09:18:25,tank01,normal,74.03,2.01,44.67,67.07,60.45,1.67,11.59,92.91,NORMAL
2026-01-01T09:18:30,tank01,high_vibration,74.74,2.02,45.0,63.45,61.74,4.53,11.72,83.32,CRITICAL
2026-01-01T09:18:35,tank01,overpressure,74.33,3.04,46.14,63.81,65.25,1.72,12.58,87.77,CRITICAL
2026-01-01T09:18:40,tank01,normal,75.02,2.0,44.15,62.35,62.25,1.56,11.77,93.53,NORMAL
2026-01-01T09:18:45,tank01,normal,75.59,2.09,45.83,61.31,66.29,1.67,12.14,93.53,NORMAL
2026-01-01T09:18:50,tank01,high_temp,87.78,2.11,48.69,62.47,72.35,1.71,12.96,87.21,WARNING
2026-01-01T09:18:55,tank01,low_flow,74.44,2.28,33.55,62.33,67.99,1.69,12.54,89.06,WARNING
2026-01-01T09:19:00,tank01,normal,75.93,2.08,47.49,60.47,66.0,1.64,12.09,93.44,NORMAL
2026-01-01T09:19:05,tank01,normal,76.74,2.12,47.72,62.43,67.63,1.86,12.27,93.75,NORMAL
2026-01-01T09:19:10,tank01,normal,75.66,2.13,49.73,61.22,67.01,1.85,12.16,92.41,NORMAL
2026-01-01T09:19:15,tank01,normal,76.64,2.08,48.02,59.69,66.1,1.81,12.12,93.81,NORMAL
2026-01-01T09:19:20,tank01,normal,77.23,2.09,47.76,60.57,63.77,1.43,11.96,94.28,NORMAL
2026-01-01T09:19:25,tank01,normal,75.82,2.14,46.67,61.13,63.4,1.77,11.93,93.23,NORMAL
2026-01-01T09:19:30,tank01,low_flow,77.33,2.36,32.38,60.83,65.21,1.76,12.47,90.56,WARNING
2026-01-01T09:19:35,tank01,normal,78.3,2.12,46.06,60.53,65.42,1.57,12.16,94.91,NORMAL
2026-01-01T09:19:40,tank01,normal,79.73,2.12,47.26,60.83,69.58,1.38,12.52,93.55,NORMAL
2026-01-01T09:19:45,tank01,normal,79.37,2.16,46.82,60.36,69.06,1.61,12.5,93.69,NORMAL
2026-01-01T09:19:50,tank01,normal,79.35,2.09,46.12,61.01,70.01,1.55,12.55,94.24,NORMAL
2026-01-01T09:19:55,tank01,normal,80.06,2.12,46.03,61.12,71.78,1.58,12.73,93.6,NORMAL
2026-01-01T09:20:00,tank01,normal,79.96,2.12,44.56,58.53,69.41,1.78,12.55,93.84,NORMAL
2026-01-01T09:20:05,tank01,overpressure,81.25,3.17,44.64,58.37,70.94,1.31,13.34,87.63,CRITICAL
2026-01-01T09:20:10,tank01,normal,81.75,2.13,44.66,61.25,70.03,1.05,12.67,92.43,NORMAL
2026-01-01T09:20:15,tank01,low_quality,88.86,2.09,33.92,57.93,80.32,1.49,13.84,84.63,WARNING
2026-01-01T09:20:20,tank01,high_temp,95.25,2.14,43.38,60.37,80.59,1.32,13.94,81.94,CRITICAL
2026-01-01T09:20:25,tank01,low_quality,90.27,2.08,34.12,58.98,81.04,1.38,13.93,83.68,CRITICAL
2026-01-01T09:20:30,tank01,low_flow,82.23,2.38,26.57,60.86,74.43,1.32,13.45,86.29,CRITICAL
2026-01-01T09:20:35,tank01,normal,81.39,1.96,40.55,61.18,73.19,1.26,12.86,92.15,NORMAL
2026-01-01T09:20:40,tank01,normal,82.07,2.06,43.4,61.07,73.56,0.93,12.93,92.26,NORMAL
2026-01-01T09:20:45,tank01,overpressure,81.74,2.99,41.32,60.92,73.2,1.37,13.48,87.33,CRITICAL
2026-01-01T09:20:50,tank01,normal,80.72,1.99,42.43,60.27,74.87,1.21,12.97,93.28,NORMAL
2026-01-01T09:20:55,tank01,normal,81.3,2.04,42.8,61.07,73.83,1.46,12.93,92.75,NORMAL
2026-01-01T09:21:00,tank01,high_vibration,80.42,2.08,42.94,62.31,76.27,4.59,13.12,82.91,CRITICAL
2026-01-01T09:21:05,tank01,normal,81.12,2.11,41.78,63.92,77.13,1.32,13.24,92.32,NORMAL
2026-01-01T09:21:10,tank01,normal,80.07,2.06,44.37,62.34,74.86,1.33,12.96,93.99,NORMAL
2026-01-01T09:21:15,tank01,low_flow,80.47,2.13,27.55,62.62,75.98,1.36,13.36,89.15,CRITICAL
2026-01-01T09:21:20,tank01,normal,79.89,2.02,44.24,64.43,77.19,1.61,13.12,94.3,NORMAL
2026-01-01T09:21:25,tank01,normal,79.22,1.94,44.56,63.33,77.29,1.88,13.06,94.69,NORMAL
2026-01-01T09:21:30,tank01,overpressure,78.87,2.93,43.28,65.21,76.32,1.74,13.58,90.27,CRITICAL
2026-01-01T09:21:35,tank01,normal,77.69,1.95,46.68,65.64,75.16,1.77,12.82,95.11,NORMAL
2026-01-01T09:21:40,tank01,high_temp,90.4,1.89,44.85,62.7,81.37,1.76,13.69,86.14,CRITICAL
2026-01-01T09:21:45,tank01,overpressure,77.39,2.91,44.69,64.42,77.13,1.61,13.57,90.93,CRITICAL
2026-01-01T09:21:50,tank01,normal,77.51,1.92,47.72,64.25,74.7,1.8,12.74,94.57,NORMAL
2026-01-01T09:21:55,tank01,normal,74.86,1.87,47.84,67.58,73.08,1.75,12.5,92.29,NORMAL
2026-01-01T09:22:00,tank01,overpressure,74.96,2.88,47.24,66.06,73.43,1.53,13.15,88.74,CRITICAL
2026-01-01T09:22:05,tank01,normal,76.0,1.88,47.5,66.2,71.9,1.56,12.45,93.3,NORMAL
2026-01-01T09:22:10,tank01,high_temp,88.48,1.87,48.02,66.52,78.31,1.69,13.32,86.75,WARNING
2026-01-01T09:22:15,tank01,overpressure,74.89,2.81,48.39,68.16,73.77,1.58,13.11,88.79,CRITICAL
2026-01-01T09:22:20,tank01,high_vibration,75.03,1.87,48.52,68.27,72.75,4.62,12.47,81.78,CRITICAL
2026-01-01T09:22:25,tank01,normal,73.14,1.77,49.18,69.25,69.23,1.27,12.05,90.14,NORMAL
2026-01-01T09:22:30,tank01,normal,73.86,1.9,47.44,67.54,68.24,1.68,12.1,91.79,NORMAL
2026-01-01T09:22:35,tank01,high_vibration,74.66,1.86,45.77,68.7,67.92,4.25,12.1,83.58,CRITICAL
2026-01-01T09:22:40,tank01,normal,72.65,1.83,46.73,67.87,69.78,1.2,12.16,90.72,NORMAL
2026-01-01T09:22:45,tank01,normal,74.27,1.9,48.02,69.82,66.8,1.1,11.99,91.97,NORMAL
2026-01-01T09:22:50,tank01,normal,74.81,1.87,47.82,70.56,64.11,1.29,11.78,92.25,NORMAL
2026-01-01T09:22:55,tank01,normal,75.73,1.9,45.89,69.35,66.45,1.07,12.04,93.55,NORMAL
2026-01-01T09:23:00,tank01,low_quality,82.77,1.9,37.11,71.14,75.32,1.34,13.09,89.95,WARNING
2026-01-01T09:23:05,tank01,normal,75.31,1.93,45.43,68.67,67.88,1.27,12.17,93.52,NORMAL
2026-01-01T09:23:10,tank01,low_quality,81.61,1.87,36.24,68.93,73.66,1.23,12.92,90.45,WARNING
2026-01-01T09:23:15,tank01,normal,75.81,1.85,43.85,68.31,63.39,1.31,11.8,93.3,NORMAL
2026-01-01T09:23:20,tank01,normal,74.65,1.89,43.77,70.35,63.6,1.07,11.81,92.64,NORMAL
2026-01-01T09:23:25,tank01,normal,77.94,1.99,42.61,70.04,62.86,1.51,11.92,95.31,NORMAL
2026-01-01T09:23:30,tank01,normal,76.07,1.96,43.06,71.13,62.59,1.49,11.82,93.86,NORMAL
2026-01-01T09:23:35,tank01,high_vibration,75.2,1.99,43.01,68.98,65.65,4.62,12.06,82.88,CRITICAL
2026-01-01T09:23:40,tank01,normal,77.4,1.9,42.94,69.95,61.61,1.53,11.75,94.53,NORMAL
2026-01-01T09:23:45,tank01,high_vibration,77.0,2.1,41.51,68.45,65.61,4.66,12.2,83.23,CRITICAL
2026-01-01T09:23:50,tank01,normal,79.28,2.06,42.85,68.88,61.75,1.59,11.91,94.18,NORMAL
2026-01-01T09:23:55,tank01,normal,79.11,2.03,43.49,67.11,65.26,1.87,12.16,94.64,NORMAL
2026-01-01T09:24:00,tank01,normal,80.31,2.09,42.65,67.46,63.26,1.55,12.08,93.25,NORMAL
2026-01-01T09:24:05,tank01,high_vibration,80.39,2.01,41.87,66.44,65.53,4.48,12.23,83.43,CRITICAL
2026-01-01T09:24:10,tank01,normal,79.78,2.1,42.8,66.92,66.53,1.47,12.33,93.63,NORMAL
2026-01-01T09:24:15,tank01,normal,81.06,2.14,40.32,66.58,68.24,1.54,12.57,91.82,NORMAL
2026-01-01T09:24:20,tank01,normal,82.11,2.05,41.38,66.04,66.4,1.51,12.38,91.78,NORMAL
2026-01-01T09:24:25,tank01,normal,81.05,2.1,42.33,65.52,69.34,1.76,12.61,92.53,NORMAL
2026-01-01T09:24:30,tank01,normal,80.06,2.14,45.15,68.12,68.24,1.71,12.47,93.72,NORMAL
2026-01-01T09:24:35,tank01,low_flow,81.93,2.46,29.82,64.93,69.48,1.48,13.04,86.96,CRITICAL
2026-01-01T09:24:40,tank01,normal,83.5,2.17,45.52,65.55,66.86,1.8,12.47,90.91,NORMAL
2026-01-01T09:24:45,tank01,normal,81.98,2.17,45.51,65.37,70.79,1.7,12.74,92.05,NORMAL
2026-01-01T09:24:50,tank01,normal,81.67,2.19,46.16,65.98,70.59,1.61,12.72,91.98,NORMAL
2026-01-01T09:24:55,tank01,normal,81.32,2.18,45.36,64.67,69.41,1.74,12.62,92.53,NORMAL
2026-01-01T09:25:00,tank01,normal,82.09,2.23,45.59,62.99,72.06,1.35,12.88,91.63,NORMAL
2026-01-01T09:25:05,tank01,normal,82.31,2.17,46.04,64.08,71.74,1.52,12.82,91.66,NORMAL
2026-01-01T09:25:10,tank01,overpressure,80.96,3.27,46.95,62.12,70.76,1.33,13.35,86.92,CRITICAL
2026-01-01T09:25:15,tank01,normal,80.61,2.15,47.16,61.95,75.2,1.36,13.02,92.73,NORMAL
2026-01-01T09:25:20,tank01,low_quality,88.71,2.08,38.02,63.42,84.2,1.36,14.07,85.83,WARNING
2026-01-01T09:25:25,tank01,normal,80.42,2.1,47.96,61.86,76.28,1.26,13.05,92.96,NORMAL
2026-01-01T09:25:30,tank01,normal,80.09,2.08,47.24,62.92,73.55,1.22,12.83,93.46,NORMAL
2026-01-01T09:25:35,tank01,normal,79.13,2.05,47.7,62.41,76.0,1.36,12.97,94.22,NORMAL
2026-01-01T09:25:40,tank01,normal,78.56,2.16,46.14,59.07,74.72,1.51,12.94,94.51,NORMAL
2026-01-01T09:25:45,tank01,normal,78.13,2.18,47.05,61.03,77.21,1.29,13.12,94.51,NORMAL
2026-01-01T09:25:50,tank01,normal,77.61,2.08,46.98,58.94,77.67,1.32,13.08,94.83,NORMAL
2026-01-01T09:25:55,tank01,high_vibration,76.84,2.02,48.24,59.24,76.15,4.15,12.89,85.6,CRITICAL
2026-01-01T09:26:00,tank01,low_flow,76.55,2.29,33.41,60.68,74.9,1.17,13.16,90.58,WARNING
2026-01-01T09:26:05,tank01,normal,76.86,1.95,45.96,60.71,76.12,1.17,12.88,94.67,NORMAL
2026-01-01T09:26:10,tank01,normal,74.02,2.05,45.25,60.34,76.88,1.45,12.92,92.68,NORMAL
2026-01-01T09:26:15,tank01,high_vibration,75.22,2.03,44.78,59.34,75.2,4.36,12.82,84.27,CRITICAL
2026-01-01T09:26:20,tank01,normal,74.65,2.03,46.03,58.94,75.35,1.61,12.79,93.1,NORMAL
2026-01-01T09:26:25,tank01,low_flow,73.48,2.29,28.41,59.44,72.63,1.48,12.96,87.0,CRITICAL
2026-01-01T09:26:30,tank01,normal,74.07,1.91,44.32,60.34,75.35,1.63,12.73,92.42,NORMAL
2026-01-01T09:26:35,tank01,normal,74.41,2.01,43.56,59.42,71.75,1.2,12.53,92.89,NORMAL
2026-01-01T09:26:40,tank01,high_temp,87.53,1.93,42.12,59.83,83.23,1.57,13.81,87.78,WARNING
2026-01-01T09:26:45,tank01,high_vibration,75.82,1.96,40.01,62.08,72.33,4.9,12.64,81.34,CRITICAL
2026-01-01T09:26:50,tank01,normal,73.13,1.98,42.88,60.1,71.78,1.84,12.48,91.7,NORMAL
2026-01-01T09:26:55,tank01,normal,74.56,1.9,43.21,61.66,73.84,1.74,12.64,92.48,NORMAL
2026-01-01T09:27:00,tank01,low_quality,81.84,1.9,34.06,61.86,79.98,1.89,13.48,89.87,WARNING
2026-01-01T09:27:05,tank01,normal,72.83,1.89,40.95,60.5,69.52,1.79,12.27,90.57,NORMAL
2026-01-01T09:27:10,tank01,normal,74.54,1.92,42.79,62.09,70.42,1.33,12.38,92.44,NORMAL
2026-01-01T09:27:15,tank01,low_flow,73.76,2.06,26.31,60.93,69.23,1.68,12.59,87.86,CRITICAL
2026-01-01T09:27:20,tank01,normal,74.47,1.95,42.76,62.64,69.55,1.55,12.33,92.53,NORMAL
2026-01-01T09:27:25,tank01,normal,75.23,1.84,42.09,61.38,67.1,1.73,12.1,92.4,NORMAL
2026-01-01T09:27:30,tank01,normal,75.84,1.82,41.86,62.11,68.39,1.57,12.21,92.67,NORMAL
2026-01-01T09:27:35,tank01,low_flow,77.08,2.05,27.18,65.92,66.71,1.36,12.47,90.59,CRITICAL
2026-01-01T09:27:40,tank01,normal,76.87,1.87,43.47,63.68,66.1,1.38,12.07,94.13,NORMAL
2026-01-01T09:27:45,tank01,normal,76.82,1.82,42.95,65.26,64.35,1.48,11.9,93.71,NORMAL
2026-01-01T09:27:50,tank01,low_flow,78.35,2.12,27.61,65.95,65.04,1.27,12.41,90.78,CRITICAL
2026-01-01T09:27:55,tank01,overpressure,78.28,2.83,44.92,66.2,64.54,1.38,12.54,91.61,CRITICAL
2026-01-01T09:28:00,tank01,normal,78.59,1.85,44.0,65.49,65.39,1.22,12.04,94.56,NORMAL
2026-01-01T09:28:05,tank01,normal,79.73,1.98,46.36,64.93,63.05,1.12,11.93,94.25,NORMAL
2026-01-01T09:28:10,tank01,low_quality,87.08,1.85,36.58,64.95,72.9,1.2,13.01,86.36,WARNING
2026-01-01T09:28:15,tank01,normal,78.75,1.92,47.63,67.02,65.07,1.3,12.0,94.36,NORMAL
2026-01-01T09:28:20,tank01,normal,80.09,1.88,47.14,64.23,62.81,1.52,11.85,93.28,NORMAL
2026-01-01T09:28:25,tank01,normal,81.85,2.05,47.4,67.91,64.84,1.33,12.16,92.25,NORMAL
2026-01-01T09:28:30,tank01,normal,81.57,1.99,47.86,67.54,65.25,1.35,12.14,92.55,NORMAL
2026-01-01T09:28:35,tank01,normal,82.43,1.89,47.35,69.52,64.64,1.38,12.07,91.52,NORMAL
2026-01-01T09:28:40,tank01,overpressure,81.84,2.95,47.61,67.48,64.97,1.31,12.71,87.73,CRITICAL
2026-01-01T09:28:45,tank01,high_vibration,81.66,2.0,48.44,67.17,69.01,4.27,12.45,83.31,CRITICAL
2026-01-01T09:28:50,tank01,low_quality,91.17,1.91,40.3,69.34,77.97,1.33,13.52,84.52,CRITICAL
2026-01-01T09:28:55,tank01,normal,81.44,2.03,45.63,67.37,66.09,1.54,12.26,93.11,NORMAL
2026-01-01T09:29:00,tank01,normal,82.35,2.07,47.56,68.46,69.12,1.62,12.53,91.75,NORMAL
2026-01-01T09:29:05,tank01,overpressure,83.14,2.92,47.48,69.12,68.64,1.66,13.03,86.91,CRITICAL
2026-01-01T09:29:10,tank01,normal,82.62,2.07,46.63,68.07,66.01,1.6,12.3,91.8,NORMAL
2026-01-01T09:29:15,tank01,normal,81.21,2.1,45.69,68.11,67.22,1.64,12.39,92.92,NORMAL
2026-01-01T09:29:20,tank01,normal,82.22,2.04,46.32,70.16,69.92,1.95,12.59,92.31,NORMAL
2026-01-01T09:29:25,tank01,normal,80.4,2.18,43.31,68.78,68.38,1.82,12.54,92.87,NORMAL
2026-01-01T09:29:30,tank01,normal,81.37,2.12,44.0,71.27,68.34,1.74,12.52,92.61,NORMAL
2026-01-01T09:29:35,tank01,normal,79.42,2.12,44.49,68.97,70.35,1.76,12.61,94.23,NORMAL
2026-01-01T09:29:40,tank01,normal,79.33,2.08,45.26,71.03,69.55,1.68,12.51,94.55,NORMAL
2026-01-01T09:29:45,tank01,low_flow,79.65,2.36,28.54,69.93,72.63,1.78,13.19,88.82,CRITICAL
2026-01-01T09:29:50,tank01,normal,78.37,2.22,42.64,68.76,71.47,1.16,12.76,94.03,NORMAL
2026-01-01T09:29:55,tank01,low_quality,86.37,2.06,34.7,69.39,82.63,1.9,13.92,86.86,WARNING
2026-01-01T09:30:00,tank01,low_flow,77.18,2.42,26.18,68.42,72.23,1.64,13.16,88.57,CRITICAL
2026-01-01T09:30:05,tank01,low_flow,77.83,2.44,27.36,71.01,72.69,1.6,13.2,89.27,CRITICAL
2026-01-01T09:30:10,tank01,low_flow,76.93,2.32,25.48,69.29,74.52,1.62,13.28,88.72,CRITICAL
2026-01-01T09:30:15,tank01,low_flow,76.22,2.37,25.91,68.97,73.86,1.63,13.23,88.06,CRITICAL
2026-01-01T09:30:20,tank01,normal,76.06,2.15,42.69,66.07,74.7,1.59,12.91,93.23,NORMAL
2026-01-01T09:30:25,tank01,high_temp,88.4,2.2,41.41,67.6,86.36,1.45,14.26,86.32,WARNING
2026-01-01T09:30:30,tank01,high_vibration,76.29,2.24,41.79,68.98,74.27,4.26,12.95,83.66,CRITICAL
2026-01-01T09:30:35,tank01,overpressure,75.37,3.13,41.83,68.07,76.26,1.42,13.61,87.57,CRITICAL
2026-01-01T09:30:40,tank01,normal,72.94,2.16,43.39,67.05,75.63,1.32,12.89,90.99,NORMAL
2026-01-01T09:30:45,tank01,high_temp,87.82,2.12,45.54,67.65,83.69,1.42,13.92,87.88,WARNING
2026-01-01T09:30:50,tank01,normal,74.41,2.12,43.34,65.86,76.76,1.18,13.0,92.29,NORMAL
2026-01-01T09:30:55,tank01,normal,74.81,2.14,44.03,65.59,78.45,1.22,13.15,92.65,NORMAL
2026-01-01T09:31:00,tank01,normal,74.24,2.14,44.61,63.8,72.46,1.09,12.64,92.37,NORMAL
2026-01-01T09:31:05,tank01,normal,72.8,2.08,45.34,64.84,75.28,1.36,12.77,91.62,NORMAL
2026-01-01T09:31:10,tank01,normal,74.44,2.01,47.42,62.97,72.62,1.39,12.54,92.68,NORMAL
2026-01-01T09:31:15,tank01,high_temp,87.84,2.15,44.97,64.38,81.76,1.25,13.79,87.85,WARNING
2026-01-01T09:31:20,tank01,normal,74.61,2.01,46.76,66.05,73.38,1.24,12.61,92.97,NORMAL
2026-01-01T09:31:25,tank01,high_vibration,75.1,2.08,45.42,64.88,73.19,4.74,12.68,82.34,CRITICAL
2026-01-01T09:31:30,tank01,normal,74.52,1.98,48.65,61.77,72.22,1.37,12.47,92.37,NORMAL
2026-01-01T09:31:35,tank01,normal,76.35,1.99,48.06,62.33,73.79,1.67,12.67,93.95,NORMAL
2026-01-01T09:31:40,tank01,normal,75.14,1.99,46.88,61.95,73.2,1.66,12.6,93.34,NORMAL
2026-01-01T09:31:45,tank01,high_temp,89.18,2.02,48.54,60.73,79.2,1.6,13.5,86.63,WARNING
2026-01-01T09:31:50,tank01,high_vibration,75.99,2.02,47.66,61.42,68.73,4.59,12.28,83.34,CRITICAL
2026-01-01T09:31:55,tank01,low_quality,86.03,2.01,40.23,60.49,79.82,1.66,13.57,88.75,WARNING
2026-01-01T09:32:00,tank01,normal,76.8,1.91,49.13,61.81,68.1,1.6,12.16,93.63,NORMAL
2026-01-01T09:32:05,tank01,normal,78.12,1.92,47.27,59.89,66.91,1.42,12.14,94.95,NORMAL
2026-01-01T09:32:10,tank01,low_flow,77.77,2.09,32.98,59.73,67.06,1.75,12.46,92.39,WARNING
2026-01-01T09:32:15,tank01,normal,79.26,1.8,47.69,59.79,66.71,1.76,12.08,93.4,NORMAL
2026-01-01T09:32:20,tank01,normal,80.26,1.88,46.97,61.84,66.7,1.99,12.17,93.19,NORMAL
2026-01-01T09:32:25,tank01,low_flow,80.22,2.09,31.5,61.16,66.69,1.76,12.53,90.49,CRITICAL
2026-01-01T09:32:30,tank01,normal,80.61,1.9,43.5,59.29,65.97,1.72,12.18,93.15,NORMAL
2026-01-01T09:32:35,tank01,normal,81.16,1.9,44.7,61.09,64.31,1.64,12.05,93.07,NORMAL
2026-01-01T09:32:40,tank01,low_flow,80.67,2.07,30.14,60.36,63.89,1.78,12.32,89.96,CRITICAL
2026-01-01T09:32:45,tank01,low_quality,90.2,1.89,37.83,59.92,76.09,1.88,13.36,84.5,CRITICAL
2026-01-01T09:32:50,tank01,normal,82.87,1.84,42.56,57.25,63.66,1.38,12.04,90.94,NORMAL
2026-01-01T09:32:55,tank01,normal,82.34,1.82,43.81,59.15,62.98,1.65,11.94,91.55,NORMAL
2026-01-01T09:33:00,tank01,normal,81.09,1.9,42.95,61.99,65.09,1.42,12.14,92.67,NORMAL
2026-01-01T09:33:05,tank01,normal,82.54,1.83,42.39,58.57,63.67,1.36,12.03,91.09,NORMAL
2026-01-01T09:33:10,tank01,normal,81.86,1.89,42.34,61.12,65.97,1.27,12.23,91.88,NORMAL
2026-01-01T09:33:15,tank01,high_vibration,81.87,1.82,41.87,62.74,64.49,4.16,12.08,82.8,CRITICAL
2026-01-01T09:33:20,tank01,low_quality,89.4,1.84,35.74,61.65,74.08,1.42,13.18,84.34,WARNING
2026-01-01T09:33:25,tank01,normal,82.59,1.84,42.02,63.43,64.57,1.1,12.12,91.02,NORMAL
2026-01-01T09:33:30,tank01,normal,80.98,1.94,43.9,62.01,66.24,1.34,12.23,93.2,NORMAL
2026-01-01T09:33:35,tank01,normal,81.4,1.93,43.26,63.13,67.5,1.0,12.35,92.66,NORMAL
2026-01-01T09:33:40,tank01,normal,81.85,1.95,41.94,64.39,66.33,1.41,12.31,92.12,NORMAL
2026-01-01T09:33:45,tank01,normal,80.14,1.98,42.32,62.27,66.97,1.27,12.32,93.63,NORMAL
2026-01-01T09:33:50,tank01,low_quality,87.52,1.96,34.16,63.89,77.2,1.1,13.46,85.95,WARNING
2026-01-01T09:33:55,tank01,low_flow,79.5,2.2,27.28,65.37,68.24,1.05,12.75,89.46,CRITICAL
2026-01-01T09:34:00,tank01,normal,79.72,2.04,43.99,65.52,67.3,1.46,12.34,94.28,NORMAL
2026-01-01T09:34:05,tank01,normal,78.88,2.0,44.0,64.73,69.44,1.48,12.46,95.08,NORMAL
2026-01-01T09:34:10,tank01,normal,77.84,1.94,46.92,63.73,71.44,1.47,12.51,95.12,NORMAL
2026-01-01T09:34:15,tank01,normal,76.81,1.96,45.3,65.61,71.99,1.47,12.56,94.85,NORMAL
2026-01-01T09:34:20,tank01,normal,77.29,2.08,45.93,68.49,71.03,1.4,12.56,94.83,NORMAL
2026-01-01T09:34:25,tank01,normal,76.06,1.97,45.25,64.02,71.88,1.5,12.54,94.35,NORMAL
2026-01-01T09:34:30,tank01,normal,76.51,1.99,46.24,64.99,71.88,1.55,12.55,94.54,NORMAL
2026-01-01T09:34:35,tank01,normal,75.39,2.04,45.45,65.26,73.31,1.65,12.67,93.74,NORMAL
2026-01-01T09:34:40,tank01,low_flow,74.16,2.25,31.57,68.36,75.2,1.58,13.12,88.53,CRITICAL
2026-01-01T09:34:45,tank01,normal,73.59,2.14,47.75,68.78,76.38,1.65,12.89,91.3,NORMAL
2026-01-01T09:34:50,tank01,normal,74.33,2.16,48.95,66.74,76.48,1.81,12.91,91.48,NORMAL
2026-01-01T09:34:55,tank01,low_flow,74.14,2.39,32.98,65.65,74.03,1.77,13.09,88.14,WARNING
2026-01-01T09:35:00,tank01,low_quality,82.22,2.12,41.24,69.5,83.22,1.65,13.78,91.28,NORMAL
2026-01-01T09:35:05,tank01,high_temp,88.44,2.18,47.72,68.21,85.16,1.99,14.06,86.6,WARNING
2026-01-01T09:35:10,tank01,normal,74.21,2.11,48.26,69.49,75.9,1.52,12.84,91.79,NORMAL
2026-01-01T09:35:15,tank01,high_vibration,73.06,2.18,46.19,67.72,76.58,4.71,12.94,80.25,CRITICAL
2026-01-01T09:35:20,tank01,normal,73.94,2.19,46.28,68.9,75.68,1.5,12.89,91.67,NORMAL
2026-01-01T09:35:25,tank01,normal,74.19,2.14,44.47,67.99,77.47,1.63,13.04,92.29,NORMAL
2026-01-01T09:35:30,tank01,normal,72.49,2.06,46.51,67.09,74.53,1.51,12.68,91.18,NORMAL
2026-01-01T09:35:35,tank01,normal,73.45,2.22,47.56,69.93,77.76,1.37,13.05,90.82,NORMAL
2026-01-01T09:35:40,tank01,normal,75.6,2.16,45.21,70.47,73.21,1.47,12.74,93.33,NORMAL
2026-01-01T09:35:45,tank01,high_temp,89.57,2.12,43.46,68.55,82.71,1.61,13.93,86.32,WARNING
2026-01-01T09:35:50,tank01,low_flow,74.86,2.44,28.86,68.83,73.93,1.4,13.19,87.43,CRITICAL
2026-01-01T09:35:55,tank01,low_quality,85.45,2.11,36.78,70.04,86.94,1.4,14.23,87.83,WARNING
2026-01-01T09:36:00,tank01,normal,75.46,2.14,42.48,70.8,75.22,1.39,12.93,92.74,NORMAL
2026-01-01T09:36:05,tank01,high_vibration,79.1,2.05,44.29,67.66,73.18,4.18,12.79,86.05,CRITICAL
2026-01-01T09:36:10,tank01,normal,78.05,2.15,41.12,68.51,71.94,1.3,12.77,94.25,NORMAL
2026-01-01T09:36:15,tank01,low_flow,77.57,2.41,25.68,68.61,72.92,1.45,13.22,88.79,CRITICAL
2026-01-01T09:36:20,tank01,normal,78.14,2.05,42.57,71.08,71.13,1.27,12.62,95.06,NORMAL
2026-01-01T09:36:25,tank01,normal,78.84,2.03,43.82,67.77,70.94,1.24,12.6,94.9,NORMAL
2026-01-01T09:36:30,tank01,normal,77.73,2.07,42.35,69.06,67.81,1.32,12.36,94.8,NORMAL
2026-01-01T09:36:35,tank01,normal,79.29,1.94,43.42,67.46,67.76,1.28,12.31,94.34,NORMAL
2026-01-01T09:36:40,tank01,normal,80.03,1.94,41.18,69.15,66.11,1.33,12.24,93.22,NORMAL
2026-01-01T09:36:45,tank01,low_flow,80.75,2.28,27.64,67.91,67.98,1.13,12.81,88.19,CRITICAL
2026-01-01T09:36:50,tank01,high_temp,95.61,2.02,43.92,64.9,75.49,1.52,13.46,82.41,CRITICAL
2026-01-01T09:36:55,tank01,normal,79.83,1.95,43.68,66.77,65.48,1.73,12.15,94.07,NORMAL
2026-01-01T09:37:00,tank01,low_flow,80.51,2.2,28.43,67.69,64.8,1.56,12.49,88.96,CRITICAL
2026-01-01T09:37:05,tank01,normal,83.21,1.91,42.71,66.11,65.23,1.58,12.22,91.09,NORMAL
2026-01-01T09:37:10,tank01,normal,82.31,1.86,43.55,65.09,66.22,1.65,12.23,91.7,NORMAL
2026-01-01T09:37:15,tank01,low_quality,89.74,1.87,37.16,64.05,74.63,1.54,13.22,84.56,WARNING
2026-01-01T09:37:20,tank01,low_quality,89.25,1.99,37.52,66.75,75.56,1.48,13.35,85.64,WARNING
2026-01-01T09:37:25,tank01,normal,82.28,1.87,44.76,64.54,66.61,1.68,12.25,92.1,NORMAL
2026-01-01T09:37:30,tank01,overpressure,82.84,2.88,45.43,65.58,66.73,1.68,12.87,87.85,CRITICAL
2026-01-01T09:37:35,tank01,normal,81.02,1.87,46.38,62.89,65.0,1.57,12.06,92.74,NORMAL
2026-01-01T09:37:40,tank01,normal,81.44,1.8,47.58,61.04,63.59,1.51,11.9,91.79,NORMAL
2026-01-01T09:37:45,tank01,normal,81.95,1.92,47.2,63.5,64.51,1.89,12.06,92.1,NORMAL
2026-01-01T09:37:50,tank01,high_temp,96.1,1.86,46.4,61.66,72.94,1.61,13.14,81.38,CRITICAL
2026-01-01T09:37:55,tank01,low_quality,87.06,1.9,40.18,61.89,75.18,1.57,13.16,87.48,WARNING
2026-01-01T09:38:00,tank01,normal,81.17,1.84,45.97,60.04,63.41,1.43,11.92,92.59,NORMAL
2026-01-01T09:38:05,tank01,normal,79.63,1.91,47.15,58.73,63.94,1.38,11.94,93.78,NORMAL
2026-01-01T09:38:10,tank01,high_temp,93.43,1.78,48.28,58.84,72.42,1.37,12.94,82.51,CRITICAL
2026-01-01T09:38:15,tank01,normal,78.35,1.87,48.76,61.64,64.67,1.27,11.92,94.16,NORMAL
2026-01-01T09:38:20,tank01,normal,77.18,1.83,47.43,62.68,66.28,1.3,12.0,93.92,NORMAL
2026-01-01T09:38:25,tank01,normal,77.1,1.82,47.02,60.28,69.57,1.49,12.26,93.91,NORMAL
2026-01-01T09:38:30,tank01,low_flow,77.71,2.2,33.19,60.54,64.44,1.27,12.31,91.82,WARNING
2026-01-01T09:38:35,tank01,normal,75.59,1.87,46.3,58.15,69.5,1.49,12.25,93.21,NORMAL
2026-01-01T09:38:40,tank01,low_quality,84.59,1.87,37.76,59.67,75.8,1.21,13.15,88.57,WARNING
2026-01-01T09:38:45,tank01,normal,76.13,1.92,46.37,61.35,69.23,1.27,12.28,93.85,NORMAL
2026-01-01T09:38:50,tank01,low_quality,82.6,1.9,36.35,59.66,79.67,1.3,13.45,89.91,WARNING
2026-01-01T09:38:55,tank01,normal,75.92,1.9,45.03,58.28,68.47,1.38,12.22,93.92,NORMAL
2026-01-01T09:39:00,tank01,high_temp,86.39,1.91,43.6,61.23,79.15,1.4,13.42,88.91,WARNING
2026-01-01T09:39:05,tank01,low_flow,74.49,2.23,28.27,62.27,73.6,1.31,13.03,88.05,CRITICAL
2026-01-01T09:39:10,tank01,normal,73.98,1.98,43.1,59.88,72.22,1.54,12.54,92.4,NORMAL
2026-01-01T09:39:15,tank01,high_vibration,73.83,1.99,42.94,61.61,72.23,4.25,12.54,83.27,CRITICAL
2026-01-01T09:39:20,tank01,normal,73.74,1.83,42.43,59.77,71.91,1.63,12.42,91.28,NORMAL
2026-01-01T09:39:25,tank01,low_flow,73.34,2.22,28.96,63.79,73.64,1.52,12.99,87.39,CRITICAL
2026-01-01T09:39:30,tank01,normal,74.41,2.03,43.03,61.9,76.39,1.63,12.92,92.66,NORMAL
2026-01-01T09:39:35,tank01,normal,73.83,2.07,42.47,60.57,76.31,1.59,12.92,91.9,NORMAL
2026-01-01T09:39:40,tank01,low_quality,82.04,2.06,34.5,61.14,85.04,1.49,13.98,90.03,WARNING
2026-01-01T09:39:45,tank01,low_flow,73.56,2.32,26.49,59.5,73.57,1.58,13.08,86.47,CRITICAL
2026-01-01T09:39:50,tank01,overpressure,75.74,3.18,41.54,62.82,75.52,1.28,13.6,87.53,CRITICAL
2026-01-01T09:39:55,tank01,normal,73.85,2.03,41.91,62.56,77.7,1.7,13.02,91.95,NORMAL
2026-01-01T09:40:00,tank01,normal,76.06,2.13,42.63,62.44,75.36,1.3,12.95,93.28,NORMAL
2026-01-01T09:40:05,tank01,high_temp,89.93,2.18,42.85,62.48,86.67,1.68,14.3,85.63,WARNING
2026-01-01T09:40:10,tank01,normal,76.23,2.17,45.14,62.73,76.43,1.58,13.03,93.78,NORMAL
2026-01-01T09:40:15,tank01,overpressure,77.6,3.11,43.69,64.5,77.93,1.79,13.77,89.82,CRITICAL
2026-01-01T09:40:20,tank01,high_vibration,77.46,2.15,44.27,62.91,72.54,4.67,12.75,83.98,CRITICAL
2026-01-01T09:40:25,tank01,low_quality,84.97,2.17,36.69,63.48,80.06,1.58,13.7,87.86,WARNING
2026-01-01T09:40:30,tank01,overpressure,78.05,3.1,43.84,63.5,74.91,1.36,13.54,90.19,CRITICAL
2026-01-01T09:40:35,tank01,high_temp,92.81,2.11,45.65,62.74,83.95,1.28,14.08,84.18,CRITICAL
2026-01-01T09:40:40,tank01,normal,78.44,2.11,47.59,65.69,75.46,1.4,12.94,94.49,NORMAL
2026-01-01T09:40:45,tank01,normal,81.12,2.19,44.49,66.23,72.31,1.55,12.87,92.57,NORMAL
2026-01-01T09:40:50,tank01,normal,81.53,2.22,47.09,68.37,73.13,1.37,12.92,91.73,NORMAL
2026-01-01T09:40:55,tank01,normal,80.44,2.18,47.33,65.71,72.72,1.53,12.83,92.7,NORMAL
2026-01-01T09:41:00,tank01,high_vibration,80.02,2.07,48.66,67.92,70.55,4.25,12.56,84.22,CRITICAL
2026-01-01T09:41:05,tank01,normal,80.73,2.11,47.81,68.07,71.93,1.28,12.72,92.72,NORMAL
2026-01-01T09:41:10,tank01,normal,82.27,2.16,48.91,69.03,70.97,1.39,12.71,91.01,NORMAL
2026-01-01T09:41:15,tank01,normal,82.39,2.18,48.13,69.79,69.38,1.46,12.61,91.03,NORMAL
2026-01-01T09:41:20,tank01,normal,82.03,2.09,46.35,69.74,69.94,1.42,12.61,92.2,NORMAL
2026-01-01T09:41:25,tank01,normal,80.95,2.18,47.99,69.86,70.0,1.34,12.62,92.16,NORMAL
2026-01-01T09:41:30,tank01,high_temp,96.38,2.07,47.91,70.64,75.31,1.21,13.44,81.13,CRITICAL
2026-01-01T09:41:35,tank01,normal,80.6,2.05,47.12,68.5,67.58,1.02,12.35,93.29,NORMAL
2026-01-01T09:41:40,tank01,normal,83.23,2.02,46.61,70.07,66.96,1.37,12.37,91.59,NORMAL
2026-01-01T09:41:45,tank01,normal,80.34,2.05,46.65,71.62,63.94,1.72,12.05,93.59,NORMAL
2026-01-01T09:41:50,tank01,high_temp,94.89,2.05,44.57,70.09,73.71,1.5,13.3,82.98,CRITICAL
2026-01-01T09:41:55,tank01,normal,81.23,2.1,47.51,67.07,65.3,1.73,12.21,92.43,NORMAL
2026-01-01T09:42:00,tank01,normal,80.51,1.92,44.79,68.65,66.85,1.92,12.24,93.64,NORMAL
2026-01-01T09:42:05,tank01,normal,80.16,1.96,44.78,70.24,68.01,1.51,12.35,94.13,NORMAL
2026-01-01T09:42:10,tank01,normal,79.88,1.96,45.0,70.33,63.58,1.77,11.98,94.39,NORMAL
2026-01-01T09:42:15,tank01,normal,79.23,2.01,42.37,69.76,63.74,1.72,12.05,94.38,NORMAL
2026-01-01T09:42:20,tank01,normal,78.74,1.99,43.11,70.09,64.51,1.65,12.07,94.91,NORMAL
2026-01-01T09:42:25,tank01,high_temp,92.96,1.99,43.2,69.31,73.45,2.0,13.21,84.26,CRITICAL
2026-01-01T09:42:30,tank01,normal,78.13,1.94,43.67,69.56,64.91,1.58,12.05,95.27,NORMAL
2026-01-01T09:42:35,tank01,high_temp,90.86,1.97,41.43,69.01,71.55,1.61,13.01,85.33,CRITICAL
2026-01-01T09:42:40,tank01,normal,77.58,1.88,42.09,68.38,61.51,1.53,11.74,94.34,NORMAL
2026-01-01T09:42:45,tank01,normal,77.23,1.96,42.33,68.51,63.29,1.66,11.92,94.54,NORMAL
2026-01-01T09:42:50,tank01,high_temp,90.84,1.87,41.96,68.08,73.61,1.86,13.11,84.97,CRITICAL
2026-01-01T09:42:55,tank01,normal,76.99,1.8,44.11,66.31,66.6,1.57,12.06,94.02,NORMAL
2026-01-01T09:43:00,tank01,high_temp,89.72,1.85,40.41,69.13,73.44,1.64,13.07,85.32,WARNING
2026-01-01T09:43:05,tank01,normal,74.96,1.83,43.57,67.86,66.89,1.39,12.05,92.52,NORMAL
2026-01-01T09:43:10,tank01,high_temp,87.8,1.9,44.4,64.72,76.06,1.79,13.19,87.99,WARNING
2026-01-01T09:43:15,tank01,normal,74.66,1.8,43.04,67.42,67.94,1.63,12.11,92.01,NORMAL
2026-01-01T09:43:20,tank01,high_temp,89.32,1.79,42.17,66.79,74.73,1.48,13.1,85.75,WARNING
2026-01-01T09:43:25,tank01,normal,73.87,1.79,44.12,66.18,68.66,1.5,12.12,91.63,NORMAL
2026-01-01T09:43:30,tank01,normal,75.4,1.78,44.26,67.55,68.58,1.33,12.15,92.75,NORMAL
2026-01-01T09:43:35,tank01,low_flow,73.96,2.11,29.26,66.37,69.53,1.43,12.61,88.5,CRITICAL
2026-01-01T09:43:40,tank01,high_temp,86.81,1.84,44.42,65.51,78.39,1.4,13.31,88.44,WARNING
2026-01-01T09:43:45,tank01,low_flow,74.37,2.09,31.5,64.04,73.11,1.3,12.86,89.46,CRITICAL
2026-01-01T09:43:50,tank01,low_quality,82.51,1.79,39.58,65.02,80.31,1.46,13.38,90.22,NORMAL
2026-01-01T09:43:55,tank01,overpressure,73.8,2.84,47.09,62.62,72.3,1.5,13.0,88.14,CRITICAL
2026-01-01T09:44:00,tank01,low_flow,74.74,2.12,32.36,64.92,70.93,1.54,12.7,89.81,WARNING
2026-01-01T09:44:05,tank01,normal,75.26,1.94,47.88,62.04,71.25,1.32,12.4,92.91,NORMAL
2026-01-01T09:44:10,tank01,normal,75.88,1.92,48.14,63.35,73.73,1.28,12.61,93.25,NORMAL
2026-01-01T09:44:15,tank01,normal,75.86,2.04,48.31,61.83,72.25,1.3,12.56,93.36,NORMAL
2026-01-01T09:44:20,tank01,low_flow,75.62,2.17,34.66,61.9,75.21,1.15,13.07,90.8,WARNING
2026-01-01T09:44:25,tank01,normal,76.71,1.98,48.78,62.64,79.25,1.43,13.1,94.0,NORMAL
2026-01-01T09:44:30,tank01,low_quality,86.21,2.03,39.16,62.65,86.13,1.6,14.1,88.25,WARNING
2026-01-01T09:44:35,tank01,normal,77.23,2.0,47.49,61.41,77.98,1.55,13.04,94.8,NORMAL
2026-01-01T09:44:40,tank01,normal,79.25,2.07,48.11,61.2,73.1,1.49,12.75,93.93,NORMAL
2026-01-01T09:44:45,tank01,normal,78.83,2.01,46.74,60.71,75.4,1.46,12.9,94.87,NORMAL
2026-01-01T09:44:50,tank01,overpressure,77.92,3.1,47.02,59.74,76.33,1.65,13.6,89.92,CRITICAL
2026-01-01T09:44:55,tank01,normal,80.36,2.04,46.07,59.75,78.87,1.47,13.25,93.78,NORMAL
2026-01-01T09:45:00,tank01,overpressure,79.68,3.04,44.75,59.75,75.35,1.58,13.57,89.46,CRITICAL
2026-01-01T09:45:05,tank01,normal,80.02,2.16,45.21,60.47,77.38,1.56,13.21,93.61,NORMAL
2026-01-01T09:45:10,tank01,high_vibration,81.33,2.02,45.01,60.04,75.95,4.66,13.05,82.8,CRITICAL
2026-01-01T09:45:15,tank01,normal,80.84,2.15,44.18,57.95,74.24,1.71,12.99,92.93,NORMAL
2026-01-01T09:45:20,tank01,normal,82.09,2.1,46.44,62.17,74.98,1.83,13.03,92.07,NORMAL
2026-01-01T09:45:25,tank01,normal,80.59,2.16,42.16,61.26,72.54,1.92,12.88,92.56,NORMAL
2026-01-01T09:45:30,tank01,normal,81.87,2.18,42.0,60.31,70.63,1.62,12.79,91.44,NORMAL
2026-01-01T09:45:35,tank01,normal,81.22,2.11,41.53,59.57,72.76,1.42,12.9,92.16,NORMAL
2026-01-01T09:45:40,tank01,normal,84.55,2.14,43.6,60.79,75.44,1.54,13.2,90.01,NORMAL
2026-01-01T09:45:45,tank01,normal,81.07,2.22,43.34,59.2,71.31,1.67,12.82,92.16,NORMAL
2026-01-01T09:45:50,tank01,overpressure,83.64,3.13,42.15,63.34,71.66,1.58,13.49,85.41,CRITICAL
2026-01-01T09:45:55,tank01,low_quality,89.54,2.1,36.3,61.88,78.62,1.68,13.69,84.66,WARNING
2026-01-01T09:46:00,tank01,normal,82.92,2.19,42.17,61.45,69.16,1.52,12.7,90.64,NORMAL
2026-01-01T09:46:05,tank01,normal,79.97,2.11,42.45,62.6,68.8,1.19,12.53,93.34,NORMAL
2026-01-01T09:46:10,tank01,high_temp,94.74,2.19,41.47,64.11,75.84,1.28,13.6,81.59,CRITICAL
2026-01-01T09:46:15,tank01,normal,80.79,2.13,42.55,61.27,70.46,1.39,12.7,92.64,NORMAL
2026-01-01T09:46:20,tank01,normal,80.97,2.09,43.83,60.7,64.68,1.34,12.2,93.03,NORMAL
2026-01-01T09:46:25,tank01,normal,81.01,2.24,40.77,63.01,67.2,1.39,12.54,91.5,NORMAL
2026-01-01T09:46:30,tank01,normal,79.46,2.15,43.63,62.32,67.46,1.07,12.42,93.82,NORMAL
2026-01-01T09:46:35,tank01,normal,78.43,2.17,44.38,63.63,66.2,1.1,12.29,94.65,NORMAL
2026-01-01T09:46:40,tank01,normal,78.63,2.11,43.23,63.28,66.28,1.32,12.28,94.53,NORMAL
2026-01-01T09:46:45,tank01,normal,78.87,2.11,45.15,64.06,62.7,1.24,11.97,94.75,NORMAL
2026-01-01T09:46:50,tank01,normal,77.12,2.21,44.55,64.9,64.56,1.29,12.14,94.19,NORMAL
2026-01-01T09:46:55,tank01,normal,77.0,2.06,45.63,66.69,63.43,1.41,11.93,94.8,NORMAL
2026-01-01T09:47:00,tank01,high_temp,90.1,1.91,46.42,65.81,70.02,1.52,12.76,86.13,CRITICAL
2026-01-01T09:47:05,tank01,normal,76.14,2.0,46.19,66.11,61.5,1.27,11.71,94.29,NORMAL
2026-01-01T09:47:10,tank01,normal,76.08,2.06,47.6,66.76,63.4,1.15,11.88,93.61,NORMAL
2026-01-01T09:47:15,tank01,low_flow,74.42,2.18,33.81,70.1,61.67,1.47,11.97,89.61,WARNING
2026-01-01T09:47:20,tank01,normal,75.52,1.97,47.98,66.77,62.35,1.76,11.71,93.23,NORMAL
2026-01-01T09:47:25,tank01,normal,75.64,1.92,47.47,68.7,64.0,1.54,11.83,93.19,NORMAL
2026-01-01T09:47:30,tank01,normal,73.69,1.91,48.17,67.85,66.04,1.47,11.92,91.55,NORMAL
2026-01-01T09:47:35,tank01,low_quality,82.24,1.92,40.62,69.35,75.91,1.61,13.08,91.33,NORMAL
2026-01-01T09:47:40,tank01,normal,73.83,1.95,48.53,70.89,65.42,1.84,11.89,91.72,NORMAL
2026-01-01T09:47:45,tank01,normal,74.83,1.87,47.97,69.74,65.59,1.67,11.89,92.21,NORMAL
2026-01-01T09:47:50,tank01,overpressure,72.73,2.96,47.83,69.15,64.55,1.91,12.41,86.53,CRITICAL
2026-01-01T09:47:55,tank01,low_quality,81.24,1.95,38.39,69.6,78.67,1.54,13.32,91.65,NORMAL
2026-01-01T09:48:00,tank01,normal,73.41,1.82,46.76,72.0,70.59,1.71,12.24,91.21,NORMAL
2026-01-01T09:48:05,tank01,normal,74.85,1.92,47.07,70.41,67.63,1.7,12.1,92.7,NORMAL
2026-01-01T09:48:10,tank01,normal,73.59,1.78,45.43,70.07,68.54,1.33,12.08,91.5,NORMAL
2026-01-01T09:48:15,tank01,high_vibration,75.02,1.83,44.94,70.92,71.32,4.63,12.38,82.36,CRITICAL
2026-01-01T09:48:20,tank01,high_temp,88.67,1.86,45.32,70.16,76.15,1.65,13.19,87.23,WARNING
2026-01-01T09:48:25,tank01,normal,76.76,1.87,42.77,71.89,69.89,1.69,12.37,93.84,NORMAL
2026-01-01T09:48:30,tank01,normal,77.64,1.88,45.15,69.37,71.3,1.74,12.49,95.12,NORMAL
2026-01-01T09:48:35,tank01,normal,77.32,1.87,42.97,71.61,73.46,1.36,12.68,94.34,NORMAL
2026-01-01T09:48:40,tank01,normal,76.97,1.95,44.62,71.09,71.44,1.66,12.52,94.86,NORMAL
2026-01-01T09:48:45,tank01,normal,77.06,1.9,41.3,69.79,74.61,1.61,12.8,93.85,NORMAL
2026-01-01T09:48:50,tank01,normal,77.77,1.81,43.95,69.44,73.41,1.34,12.63,94.62,NORMAL
2026-01-01T09:48:55,tank01,normal,78.02,1.83,44.29,68.84,74.28,1.11,12.72,94.98,NORMAL
2026-01-01T09:49:00,tank01,normal,79.56,1.92,43.13,70.75,77.82,1.59,13.11,93.94,NORMAL
2026-01-01T09:49:05,tank01,normal,79.44,1.88,40.38,69.24,76.33,1.43,13.01,93.15,NORMAL
2026-01-01T09:49:10,tank01,low_quality,88.42,1.91,34.97,68.08,84.62,1.28,14.04,85.22,WARNING
2026-01-01T09:49:15,tank01,normal,79.24,2.0,43.32,67.64,78.46,1.33,13.2,94.64,NORMAL
2026-01-01T09:49:20,tank01,normal,81.51,1.87,43.3,66.19,74.9,1.17,12.91,92.31,NORMAL
2026-01-01T09:49:25,tank01,normal,80.5,1.97,41.11,66.9,76.68,1.38,13.12,93.01,NORMAL
2026-01-01T09:49:30,tank01,normal,81.87,2.0,42.12,66.51,77.29,1.15,13.2,92.35,NORMAL
2026-01-01T09:49:35,tank01,normal,81.4,2.02,44.94,65.35,78.66,1.36,13.27,93.35,NORMAL
2026-01-01T09:49:40,tank01,normal,81.16,1.91,42.91,66.77,75.85,1.06,13.0,92.65,NORMAL
2026-01-01T09:49:45,tank01,normal,80.94,2.0,45.0,65.81,74.68,1.49,12.93,93.79,NORMAL
2026-01-01T09:49:50,tank01,normal,81.61,2.02,44.31,65.31,78.6,1.41,13.28,93.05,NORMAL
2026-01-01T09:49:55,tank01,normal,82.53,1.94,45.26,64.63,74.26,1.6,12.9,92.23,NORMAL
2026-01-01T09:50:00,tank01,normal,82.38,2.0,46.6,62.55,73.65,1.62,12.86,92.29,NORMAL
2026-01-01T09:50:05,tank01,high_vibration,81.68,2.04,46.73,64.91,75.29,4.34,13.0,83.23,CRITICAL
2026-01-01T09:50:10,tank01,normal,80.59,2.16,47.33,63.51,74.62,1.61,12.97,92.67,NORMAL
2026-01-01T09:50:15,tank01,normal,82.06,1.99,46.64,62.86,70.4,1.35,12.59,92.48,NORMAL
2026-01-01T09:50:20,tank01,normal,81.88,2.04,47.01,62.99,73.08,1.51,12.82,92.37,NORMAL
2026-01-01T09:50:25,tank01,normal,81.07,2.0,47.17,61.74,68.44,1.57,12.4,93.14,NORMAL
2026-01-01T09:50:30,tank01,normal,81.07,2.13,47.02,60.9,73.57,1.74,12.89,92.53,NORMAL
2026-01-01T09:50:35,tank01,high_vibration,80.62,2.14,47.94,61.1,68.56,4.76,12.47,81.58,CRITICAL
2026-01-01T09:50:40,tank01,normal,79.59,2.23,47.68,62.86,70.01,1.95,12.61,92.99,NORMAL
2026-01-01T09:50:45,tank01,low_flow,79.16,2.31,32.62,63.93,67.77,1.52,12.69,90.5,WARNING
2026-01-01T09:50:50,tank01,normal,79.22,2.17,47.46,60.58,67.96,1.96,12.4,93.61,NORMAL
2026-01-01T09:50:55,tank01,normal,77.26,2.14,48.08,59.66,67.65,1.62,12.3,93.95,NORMAL
2026-01-01T09:51:00,tank01,normal,77.83,2.14,46.99,59.41,66.08,1.89,12.2,94.67,NORMAL
2026-01-01T09:51:05,tank01,low_flow,77.08,2.41,32.48,61.72,66.48,1.52,12.59,90.15,WARNING
2026-01-01T09:51:10,tank01,low_quality,85.47,2.15,37.72,59.2,77.58,1.71,13.49,87.84,WARNING
2026-01-01T09:51:15,tank01,high_vibration,76.17,2.16,47.2,60.3,67.47,4.71,12.27,82.42,CRITICAL
2026-01-01T09:51:20,tank01,normal,75.82,2.19,45.93,61.93,66.4,1.38,12.21,93.18,NORMAL
2026-01-01T09:51:25,tank01,normal,76.0,2.13,44.45,59.68,64.86,1.22,12.08,93.7,NORMAL
2026-01-01T09:51:30,tank01,normal,74.52,2.16,45.3,61.63,65.52,1.28,12.09,92.52,NORMAL
2026-01-01T09:51:35,tank01,normal,73.46,2.09,43.57,62.02,66.0,1.29,12.08,91.79,NORMAL
2026-01-01T09:51:40,tank01,overpressure,73.22,3.16,44.21,58.59,62.91,1.22,12.46,86.4,CRITICAL
2026-01-01T09:51:45,tank01,normal,73.41,2.17,43.77,60.52,65.79,1.34,12.11,91.42,NORMAL
2026-01-01T09:51:50,tank01,normal,73.68,2.2,41.46,57.92,63.78,1.33,12.01,90.89,NORMAL
2026-01-01T09:51:55,tank01,normal,73.39,2.17,42.35,60.91,63.24,1.18,11.93,91.0,NORMAL
2026-01-01T09:52:00,tank01,low_flow,74.51,2.36,28.11,60.83,61.53,1.37,12.15,87.34,CRITICAL
2026-01-01T09:52:05,tank01,overpressure,73.33,3.05,41.24,60.11,65.29,1.41,12.64,86.3,CRITICAL
2026-01-01T09:52:10,tank01,normal,75.36,1.99,43.72,62.4,62.35,1.48,11.79,93.65,NORMAL
2026-01-01T09:52:15,tank01,normal,74.13,2.07,42.35,60.21,66.46,1.38,12.15,92.07,NORMAL
2026-01-01T09:52:20,tank01,normal,74.93,2.07,41.19,62.91,64.8,1.64,12.05,92.41,NORMAL
2026-01-01T09:52:25,tank01,overpressure,76.63,3.0,41.84,64.44,63.1,1.65,12.52,89.16,CRITICAL
2026-01-01T09:52:30,tank01,high_vibration,76.33,2.02,42.8,62.77,66.98,4.28,12.22,85.01,CRITICAL
2026-01-01T09:52:35,tank01,normal,75.61,1.93,41.99,62.55,65.6,1.45,12.05,93.12,NORMAL
2026-01-01T09:52:40,tank01,high_temp,88.52,2.0,43.53,63.17,73.86,1.73,13.11,87.72,WARNING
2026-01-01T09:52:45,tank01,normal,76.57,1.96,44.12,64.35,67.32,1.47,12.19,94.49,NORMAL
2026-01-01T09:52:50,tank01,normal,77.55,2.04,42.62,66.0,72.06,1.62,12.68,94.87,NORMAL
2026-01-01T09:52:55,tank01,overpressure,77.33,3.01,46.09,66.38,70.42,1.73,13.07,90.16,CRITICAL
2026-01-01T09:53:00,tank01,normal,78.16,1.88,45.15,65.5,69.13,1.71,12.32,95.23,NORMAL
2026-01-01T09:53:05,tank01,overpressure,78.45,2.8,46.32,65.08,69.83,1.72,12.92,91.35,WARNING
2026-01-01T09:53:10,tank01,normal,77.87,1.86,46.69,65.6,71.08,1.59,12.44,94.76,NORMAL
2026-01-01T09:53:15,tank01,normal,79.29,1.9,44.66,65.29,70.54,1.49,12.49,94.45,NORMAL
2026-01-01T09:53:20,tank01,normal,81.73,1.94,46.92,66.64,73.06,1.95,12.75,92.4,NORMAL
2026-01-01T09:53:25,tank01,normal,80.71,1.89,46.23,66.17,74.67,1.46,12.83,93.09,NORMAL
2026-01-01T09:53:30,tank01,normal,80.22,1.87,45.48,67.26,73.9,1.77,12.76,93.55,NORMAL
2026-01-01T09:53:35,tank01,low_quality,89.66,1.81,39.83,66.93,83.97,1.69,13.9,85.01,WARNING
2026-01-01T09:53:40,tank01,normal,82.11,1.8,49.0,70.0,74.55,1.45,12.77,90.91,NORMAL
2026-01-01T09:53:45,tank01,overpressure,81.65,2.86,47.47,67.24,74.65,1.87,13.43,88.34,CRITICAL
2026-01-01T09:53:50,tank01,normal,81.35,1.86,46.92,68.63,76.46,1.52,12.97,92.31,NORMAL
2026-01-01T09:53:55,tank01,normal,81.13,1.79,47.25,69.39,73.95,1.56,12.71,92.02,NORMAL
2026-01-01T09:54:00,tank01,normal,81.13,1.86,47.22,67.6,76.83,1.38,12.99,92.38,NORMAL
2026-01-01T09:54:05,tank01,normal,82.61,1.87,47.91,69.61,76.24,1.58,12.98,91.15,NORMAL
2026-01-01T09:54:10,tank01,high_temp,95.66,1.88,47.04,67.11,83.88,1.45,14.0,81.64,CRITICAL
2026-01-01T09:54:15,tank01,low_flow,81.46,2.16,30.66,68.61,77.45,1.42,13.47,89.04,CRITICAL
2026-01-01T09:54:20,tank01,high_temp,95.0,1.89,47.0,69.35,83.67,1.36,13.97,82.18,CRITICAL
2026-01-01T09:54:25,tank01,normal,81.8,1.87,47.01,70.04,75.26,1.38,12.89,92.01,NORMAL
2026-01-01T09:54:30,tank01,normal,82.23,1.94,46.24,68.7,77.45,1.26,13.13,92.19,NORMAL
2026-01-01T09:54:35,tank01,normal,80.84,1.94,45.5,68.59,78.05,1.29,13.15,93.42,NORMAL
2026-01-01T09:54:40,tank01,normal,80.68,1.95,45.15,70.55,74.7,1.16,12.89,93.69,NORMAL
2026-01-01T09:54:45,tank01,high_temp,94.66,1.93,43.17,70.03,83.81,1.36,14.06,82.72,CRITICAL
2026-01-01T09:54:50,tank01,high_temp,94.68,1.9,44.78,67.82,81.33,1.34,13.81,82.92,CRITICAL
2026-01-01T09:54:55,tank01,high_temp,93.11,1.96,44.91,69.41,80.96,1.34,13.77,84.42,CRITICAL
2026-01-01T09:55:00,tank01,normal,78.69,2.06,43.62,69.39,72.81,1.35,12.77,94.82,NORMAL
2026-01-01T09:55:05,tank01,low_quality,84.81,1.9,35.45,68.13,83.56,1.39,13.84,87.98,WARNING
2026-01-01T09:55:10,tank01,low_quality,85.03,2.0,33.43,66.91,80.4,1.63,13.68,87.82,WARNING
2026-01-01T09:55:15,tank01,low_quality,85.07,2.04,33.27,68.8,79.74,1.46,13.66,87.57,WARNING
2026-01-01T09:55:20,tank01,normal,78.07,2.02,41.44,71.74,68.01,1.6,12.37,94.95,NORMAL
2026-01-01T09:55:25,tank01,normal,77.44,2.16,41.07,67.12,69.22,1.75,12.54,93.8,NORMAL
2026-01-01T09:55:30,tank01,low_flow,76.01,2.32,26.85,69.62,70.18,1.7,12.88,88.38,CRITICAL
2026-01-01T09:55:35,tank01,normal,75.37,2.08,42.26,68.82,67.7,1.97,12.29,92.95,NORMAL
2026-01-01T09:55:40,tank01,normal,75.08,2.06,43.13,67.84,68.68,1.69,12.34,93.02,NORMAL
2026-01-01T09:55:45,tank01,normal,75.21,2.12,41.99,67.16,67.9,1.5,12.33,92.55,NORMAL
2026-01-01T09:55:50,tank01,normal,74.81,2.11,43.14,67.6,65.81,1.88,12.13,92.6,NORMAL
2026-01-01T09:55:55,tank01,normal,73.79,2.18,43.38,65.45,67.26,1.83,12.25,91.52,NORMAL
2026-01-01T09:56:00,tank01,normal,75.0,2.16,43.3,64.69,63.35,1.88,11.97,92.5,NORMAL
2026-01-01T09:56:05,tank01,normal,74.58,2.18,43.75,67.95,64.72,1.48,12.07,92.23,NORMAL
2026-01-01T09:56:10,tank01,normal,73.28,2.17,46.2,65.21,66.27,1.57,12.11,91.32,NORMAL
2026-01-01T09:56:15,tank01,high_temp,87.53,2.12,45.61,65.97,73.78,1.71,13.12,88.1,WARNING
2026-01-01T09:56:20,tank01,normal,73.78,2.23,45.33,64.88,66.97,1.55,12.23,91.6,NORMAL
2026-01-01T09:56:25,tank01,overpressure,74.04,3.15,48.09,64.47,63.3,1.39,12.46,86.49,CRITICAL
2026-01-01T09:56:30,tank01,normal,74.29,2.2,46.75,63.68,63.88,1.24,11.96,91.76,NORMAL
2026-01-01T09:56:35,tank01,high_temp,89.31,2.16,48.18,64.48,70.94,1.43,12.93,85.93,WARNING
2026-01-01T09:56:40,tank01,normal,75.52,2.11,46.55,65.9,65.8,1.39,12.1,93.21,NORMAL
2026-01-01T09:56:45,tank01,high_temp,89.49,2.14,47.42,61.83,73.05,1.41,13.1,86.08,WARNING
2026-01-01T09:56:50,tank01,normal,76.33,2.08,48.36,62.07,60.9,1.57,11.69,93.48,NORMAL
2026-01-01T09:56:55,tank01,low_flow,76.88,2.32,33.59,59.92,66.03,1.15,12.48,90.7,WARNING
2026-01-01T09:57:00,tank01,normal,76.47,2.09,48.53,59.67,66.23,1.52,12.12,93.51,NORMAL
2026-01-01T09:57:05,tank01,normal,76.63,2.11,46.75,58.36,63.24,1.31,11.92,93.98,NORMAL
2026-01-01T09:57:10,tank01,normal,77.66,2.07,46.88,61.39,67.56,1.33,12.27,94.92,NORMAL
2026-01-01T09:57:15,tank01,normal,78.96,2.08,46.28,58.55,66.12,1.29,12.21,94.54,NORMAL
2026-01-01T09:57:20,tank01,high_vibration,79.65,2.06,47.0,59.43,68.4,4.32,12.39,84.7,CRITICAL
2026-01-01T09:57:25,tank01,overpressure,78.52,3.05,46.5,59.09,69.61,1.45,13.06,89.97,CRITICAL
2026-01-01T09:57:30,tank01,normal,79.58,2.0,45.97,58.07,67.77,1.65,12.32,94.55,NORMAL
2026-01-01T09:57:35,tank01,normal,78.76,2.09,45.31,59.13,66.7,1.47,12.28,94.88,NORMAL
2026-01-01T09:57:40,tank01,normal,81.81,1.97,44.89,59.91,67.84,1.81,12.39,92.98,NORMAL
2026-01-01T09:57:45,tank01,normal,80.32,1.96,46.55,60.65,70.55,1.57,12.53,93.68,NORMAL
2026-01-01T09:57:50,tank01,normal,82.08,1.96,44.52,56.65,71.73,1.32,12.71,92.61,NORMAL
2026-01-01T09:57:55,tank01,normal,81.91,1.95,45.06,58.83,71.03,1.61,12.63,92.79,NORMAL
2026-01-01T09:58:00,tank01,normal,82.89,2.02,44.81,61.09,69.89,1.44,12.61,92.21,NORMAL
2026-01-01T09:58:05,tank01,high_vibration,81.34,2.01,41.1,62.82,71.85,4.61,12.78,82.06,CRITICAL
2026-01-01T09:58:10,tank01,normal,81.36,1.94,42.85,61.16,74.39,1.42,12.91,92.64,NORMAL
2026-01-01T09:58:15,tank01,normal,81.02,1.88,42.1,59.96,75.03,1.4,12.93,92.4,NORMAL
2026-01-01T09:58:20,tank01,normal,81.13,1.93,42.71,61.23,73.93,1.37,12.87,92.75,NORMAL
2026-01-01T09:58:25,tank01,normal,80.36,1.89,41.13,60.56,73.53,1.87,12.81,92.72,NORMAL
2026-01-01T09:58:30,tank01,normal,81.92,1.89,41.22,61.94,75.69,1.72,13.03,91.59,NORMAL
2026-01-01T09:58:35,tank01,low_flow,81.39,2.15,27.18,63.34,74.94,1.77,13.32,88.27,CRITICAL
2026-01-01T09:58:40,tank01,high_vibration,81.78,1.85,42.05,61.62,78.42,4.37,13.2,82.18,CRITICAL
2026-01-01T09:58:45,tank01,normal,79.53,1.81,43.3,61.81,75.46,1.66,12.86,93.5,NORMAL
2026-01-01T09:58:50,tank01,high_temp,95.26,1.89,43.21,62.3,85.31,1.62,14.17,82.06,CRITICAL
2026-01-01T09:58:55,tank01,normal,79.47,1.92,43.66,64.3,75.65,1.22,12.94,94.18,NORMAL
2026-01-01T09:59:00,tank01,normal,80.15,1.82,45.28,64.83,77.88,1.38,13.05,93.44,NORMAL
2026-01-01T09:59:05,tank01,low_flow,81.46,2.13,29.91,63.44,75.36,1.44,13.3,88.98,CRITICAL
2026-01-01T09:59:10,tank01,normal,79.38,1.84,44.46,64.43,73.47,1.43,12.69,94.03,NORMAL
2026-01-01T09:59:15,tank01,normal,77.77,1.95,44.9,64.72,77.81,1.49,13.05,95.54,NORMAL
2026-01-01T09:59:20,tank01,low_flow,76.23,2.09,29.61,63.39,74.58,1.35,13.06,90.38,CRITICAL
2026-01-01T09:59:25,tank01,low_flow,77.0,2.07,30.27,65.89,71.7,1.46,12.83,91.24,CRITICAL
2026-01-01T09:59:30,tank01,low_quality,84.45,1.9,37.9,66.17,84.43,1.52,13.86,88.87,WARNING
2026-01-01T09:59:35,tank01,normal,76.31,1.78,46.94,64.91,73.96,1.31,12.57,93.13,NORMAL
2026-01-01T09:59:40,tank01,high_temp,90.02,1.87,47.42,67.35,82.5,1.34,13.71,85.75,CRITICAL
2026-01-01T09:59:45,tank01,normal,75.51,1.94,46.55,66.34,73.01,1.34,12.57,93.46,NORMAL
2026-01-01T09:59:50,tank01,normal,74.22,1.9,47.56,66.43,72.87,1.26,12.48,92.01,NORMAL
2026-01-01T09:59:55,tank01,high_temp,90.09,1.9,47.49,69.59,78.15,1.31,13.38,85.78,CRITICAL
2026-01-01T10:00:00,tank01,high_temp,88.26,1.94,49.1,67.13,77.78,1.27,13.3,86.98,WARNING
2026-01-01T10:00:05,tank01,normal,75.73,2.06,48.18,70.5,70.35,1.52,12.41,93.21,NORMAL
2026-01-01T10:00:10,tank01,low_flow,75.53,2.33,32.54,67.17,68.62,1.44,12.66,89.4,WARNING
2026-01-01T10:00:15,tank01,normal,74.67,1.99,46.57,70.57,69.72,1.52,12.31,93.07,NORMAL
2026-01-01T10:00:20,tank01,normal,72.41,2.0,47.43,69.54,68.29,1.59,12.12,91.19,NORMAL
2026-01-01T10:00:25,tank01,normal,74.67,2.03,46.55,69.21,69.44,1.57,12.31,92.98,NORMAL
2026-01-01T10:00:30,tank01,overpressure,75.65,2.98,47.46,68.17,66.89,1.44,12.7,88.74,CRITICAL
2026-01-01T10:00:35,tank01,low_flow,73.48,2.31,31.43,67.86,66.96,1.63,12.48,87.65,CRITICAL
2026-01-01T10:00:40,tank01,normal,74.24,1.98,47.51,67.7,63.88,1.68,11.81,92.47,NORMAL
2026-01-01T10:00:45,tank01,normal,74.24,2.07,44.61,71.31,66.05,1.63,12.08,92.75,NORMAL
2026-01-01T10:00:50,tank01,normal,75.63,1.97,45.79,70.46,63.64,1.65,11.85,93.86,NORMAL
2026-01-01T10:00:55,tank01,normal,74.82,2.06,43.86,68.23,65.38,1.51,12.06,93.01,NORMAL
2026-01-01T10:01:00,tank01,normal,75.14,2.09,44.17,70.71,62.79,1.74,11.87,93.21,NORMAL
2026-01-01T10:01:05,tank01,normal,77.11,2.1,44.1,69.19,67.48,1.82,12.31,94.59,NORMAL
2026-01-01T10:01:10,tank01,normal,76.14,2.1,43.83,70.07,64.17,1.56,12.02,93.83,NORMAL
2026-01-01T10:01:15,tank01,overpressure,77.94,3.18,43.68,70.97,64.7,1.69,12.77,89.71,CRITICAL
2026-01-01T10:01:20,tank01,normal,77.02,2.05,42.36,69.3,63.92,1.59,12.02,94.36,NORMAL
2026-01-01T10:01:25,tank01,high_temp,92.12,2.18,41.56,67.13,70.69,1.8,13.1,83.64,CRITICAL
2026-01-01T10:01:30,tank01,normal,78.46,2.16,41.13,69.53,64.41,1.7,12.19,93.87,NORMAL
2026-01-01T10:01:35,tank01,normal,79.5,2.1,40.87,66.87,65.38,1.64,12.26,93.33,NORMAL
2026-01-01T10:01:40,tank01,low_flow,79.19,2.44,26.41,67.38,66.92,1.46,12.8,88.24,CRITICAL
2026-01-01T10:01:45,tank01,normal,81.82,2.18,42.23,68.03,63.12,1.28,12.18,91.54,NORMAL
2026-01-01T10:01:50,tank01,normal,80.64,2.09,41.47,67.31,66.28,1.69,12.35,92.69,NORMAL
2026-01-01T10:01:55,tank01,normal,80.72,2.09,42.77,67.49,69.26,1.55,12.58,92.93,NORMAL
2026-01-01T10:02:00,tank01,normal,80.12,2.14,41.8,66.75,66.38,1.06,12.37,92.93,NORMAL
2026-01-01T10:02:05,tank01,normal,82.3,2.15,42.08,66.54,66.92,1.61,12.48,91.3,NORMAL
2026-01-01T10:02:10,tank01,normal,81.69,2.16,43.54,65.21,65.47,1.38,12.33,92.07,NORMAL
2026-01-01T10:02:15,tank01,normal,81.91,2.19,44.52,65.16,67.44,1.44,12.5,91.97,NORMAL
2026-01-01T10:02:20,tank01,high_vibration,81.33,2.05,43.48,65.92,66.61,4.18,12.34,84.16,CRITICAL
2026-01-01T10:02:25,tank01,normal,80.65,2.07,43.87,65.98,70.58,1.4,12.65,93.37,NORMAL
2026-01-01T10:02:30,tank01,normal,81.85,2.1,43.1,66.33,68.6,1.22,12.56,92.14,NORMAL
2026-01-01T10:02:35,tank01,low_flow,83.23,2.26,31.31,64.34,70.99,1.53,13.06,87.38,CRITICAL
2026-01-01T10:02:40,tank01,high_vibration,81.75,2.03,47.26,64.14,70.12,3.95,12.57,84.71,WARNING
2026-01-01T10:02:45,tank01,normal,82.77,1.95,47.44,62.83,70.85,1.51,12.61,91.58,NORMAL
2026-01-01T10:02:50,tank01,high_temp,96.57,2.1,48.1,62.12,77.44,1.12,13.63,80.82,CRITICAL
2026-01-01T10:02:55,tank01,normal,80.96,1.96,46.57,63.09,70.86,1.57,12.58,93.19,NORMAL
2026-01-01T10:03:00,tank01,normal,80.24,2.0,48.33,64.21,77.13,1.34,13.05,93.47,NORMAL
2026-01-01T10:03:05,tank01,normal,81.12,1.94,46.99,63.26,73.37,1.67,12.76,92.85,NORMAL
2026-01-01T10:03:10,tank01,normal,78.21,1.9,48.6,62.25,73.9,1.76,12.67,94.45,NORMAL
2026-01-01T10:03:15,tank01,overpressure,78.03,2.9,47.28,61.85,74.9,1.71,13.37,90.89,CRITICAL
2026-01-01T10:03:20,tank01,normal,79.42,1.86,48.55,61.04,73.63,1.63,12.66,93.35,NORMAL
2026-01-01T10:03:25,tank01,normal,78.95,1.95,48.31,61.5,72.89,1.79,12.64,94.19,NORMAL
2026-01-01T10:03:30,tank01,normal,80.0,1.84,47.6,57.91,75.51,1.62,12.83,93.03,NORMAL
2026-01-01T10:03:35,tank01,normal,78.13,1.83,49.17,60.89,77.8,1.65,12.93,94.0,NORMAL
2026-01-01T10:03:40,tank01,low_flow,78.44,2.14,32.5,60.42,77.81,1.63,13.38,91.84,WARNING
2026-01-01T10:03:45,tank01,high_temp,88.96,1.87,46.37,60.72,83.12,1.41,13.74,86.77,WARNING
2026-01-01T10:03:50,tank01,normal,75.44,1.89,47.91,57.23,75.67,1.6,12.73,92.79,NORMAL
2026-01-01T10:03:55,tank01,normal,76.84,1.91,45.44,58.96,74.32,1.65,12.71,94.55,NORMAL
2026-01-01T10:04:00,tank01,normal,73.83,1.85,44.85,58.99,76.66,1.55,12.79,92.09,NORMAL
2026-01-01T10:04:05,tank01,high_vibration,75.07,1.81,45.28,58.53,75.17,4.56,12.67,82.55,CRITICAL
2026-01-01T10:04:10,tank01,normal,75.02,1.85,42.54,62.08,73.91,1.45,12.64,92.41,NORMAL
2026-01-01T10:04:15,tank01,normal,74.86,1.78,43.49,60.93,76.6,1.25,12.79,92.15,NORMAL
2026-01-01T10:04:20,tank01,overpressure,74.18,2.85,44.24,60.89,73.71,1.56,13.17,88.71,CRITICAL
2026-01-01T10:04:25,tank01,normal,74.0,1.9,41.71,59.55,70.72,1.45,12.39,91.68,NORMAL
2026-01-01T10:04:30,tank01,normal,73.83,1.89,42.24,61.92,72.73,1.25,12.53,91.63,NORMAL
2026-01-01T10:04:35,tank01,normal,73.65,1.86,43.68,62.41,71.71,1.24,12.41,91.72,NORMAL
2026-01-01T10:04:40,tank01,low_quality,81.54,1.93,34.85,61.93,80.71,1.4,13.54,90.47,WARNING
2026-01-01T10:04:45,tank01,high_temp,87.82,1.79,40.39,61.53,76.82,1.33,13.25,86.44,WARNING
2026-01-01T10:04:50,tank01,normal,74.16,1.94,43.22,60.26,72.09,1.4,12.51,92.37,NORMAL
2026-01-01T10:04:55,tank01,normal,74.32,1.94,41.24,62.35,70.04,1.24,12.38,91.99,NORMAL
2026-01-01T10:05:00,tank01,high_temp,88.15,1.98,41.92,63.41,75.57,1.26,13.25,87.53,WARNING
2026-01-01T10:05:05,tank01,normal,73.91,1.83,41.88,61.91,67.51,1.3,12.09,91.3,NORMAL
2026-01-01T10:05:10,tank01,high_temp,89.79,1.91,42.23,60.45,75.35,1.14,13.23,86.01,WARNING
2026-01-01T10:05:15,tank01,normal,75.34,1.94,43.33,64.04,63.68,1.29,11.87,93.27,NORMAL
2026-01-01T10:05:20,tank01,normal,77.11,1.85,43.27,64.51,65.68,1.03,12.03,94.16,NORMAL
2026-01-01T10:05:25,tank01,normal,78.91,1.99,44.76,64.91,64.7,1.43,12.06,95.18,NORMAL
2026-01-01T10:05:30,tank01,normal,77.69,2.07,44.53,65.56,67.03,1.65,12.27,95.3,NORMAL
2026-01-01T10:05:35,tank01,normal,78.91,2.06,44.97,65.52,66.94,1.61,12.28,95.01,NORMAL
2026-01-01T10:05:40,tank01,low_flow,78.4,2.27,31.11,64.0,65.91,1.74,12.52,90.88,CRITICAL
2026-01-01T10:05:45,tank01,low_flow,79.38,2.34,30.7,66.83,63.94,1.58,12.44,89.67,CRITICAL
2026-01-01T10:05:50,tank01,normal,79.67,2.08,45.89,65.13,63.93,1.68,12.07,94.12,NORMAL
2026-01-01T10:05:55,tank01,low_quality,87.08,2.04,39.8,65.84,74.03,1.67,13.16,87.7,WARNING
2026-01-01T10:06:00,tank01,normal,79.75,2.1,46.82,66.87,64.67,2.07,12.12,93.44,NORMAL
2026-01-01T10:06:05,tank01,normal,80.83,2.13,46.34,66.74,62.71,1.92,12.03,92.88,NORMAL
2026-01-01T10:06:10,tank01,low_quality,89.48,2.11,40.45,66.72,74.2,1.78,13.28,85.68,WARNING
2026-01-01T10:06:15,tank01,normal,80.11,2.12,47.32,67.75,64.53,1.59,12.13,93.23,NORMAL
2026-01-01T10:06:20,tank01,normal,81.38,2.14,47.49,69.81,64.55,1.7,12.18,92.13,NORMAL
2026-01-01T10:06:25,tank01,high_temp,95.85,2.04,47.24,68.42,72.26,1.57,13.17,81.87,CRITICAL
2026-01-01T10:06:30,tank01,high_temp,94.35,2.12,48.26,68.95,75.26,1.8,13.4,82.3,CRITICAL
2026-01-01T10:06:35,tank01,normal,82.01,2.11,47.71,68.49,62.17,1.79,11.98,91.76,NORMAL
2026-01-01T10:06:40,tank01,normal,81.56,2.16,47.81,68.11,66.38,1.41,12.33,91.83,NORMAL
2026-01-01T10:06:45,tank01,normal,81.69,2.2,46.6,72.21,66.13,1.4,12.36,91.84,NORMAL
2026-01-01T10:06:50,tank01,normal,81.01,2.2,47.47,70.88,68.12,1.73,12.49,92.12,NORMAL
2026-01-01T10:06:55,tank01,high_temp,95.03,2.15,44.3,70.51,78.3,1.38,13.74,82.33,CRITICAL
2026-01-01T10:07:00,tank01,overpressure,82.04,3.19,45.95,69.79,68.06,1.49,13.13,86.76,CRITICAL
2026-01-01T10:07:05,tank01,normal,81.79,2.14,45.93,71.7,68.15,1.38,12.5,92.23,NORMAL
2026-01-01T10:07:10,tank01,normal,80.3,2.15,44.23,71.24,70.44,1.59,12.67,93.34,NORMAL
2026-01-01T10:07:15,tank01,high_vibration,80.15,2.23,45.22,68.8,70.07,4.54,12.67,83.01,CRITICAL
2026-01-01T10:07:20,tank01,normal,79.93,2.19,43.74,69.51,72.84,1.52,12.88,93.28,NORMAL
2026-01-01T10:07:25,tank01,normal,79.48,2.14,43.83,68.3,72.22,1.18,12.79,93.88,NORMAL
2026-01-01T10:07:30,tank01,low_flow,78.5,2.34,28.71,67.42,71.86,1.15,13.08,89.86,CRITICAL
2026-01-01T10:07:35,tank01,normal,79.05,1.95,44.08,70.72,73.81,1.37,12.79,94.75,NORMAL
2026-01-01T10:07:40,tank01,overpressure,77.29,3.18,43.45,69.81,71.75,1.39,13.32,89.16,CRITICAL
2026-01-01T10:07:45,tank01,normal,77.15,2.08,41.39,68.7,73.02,1.44,12.78,94.08,NORMAL
2026-01-01T10:07:50,tank01,normal,76.08,2.06,43.35,67.34,78.21,1.25,13.12,93.87,NORMAL
2026-01-01T10:07:55,tank01,low_flow,76.21,2.21,26.03,68.09,75.67,1.15,13.27,88.88,CRITICAL
2026-01-01T10:08:00,tank01,normal,75.45,2.05,42.87,68.49,73.25,1.46,12.71,93.28,NORMAL
2026-01-01T10:08:05,tank01,high_temp,89.93,2.08,44.26,67.94,82.98,1.51,13.92,86.45,WARNING
2026-01-01T10:08:10,tank01,high_temp,90.17,2.01,42.22,67.62,83.61,1.55,13.97,86.13,CRITICAL
2026-01-01T10:08:15,tank01,normal,74.92,2.1,42.39,67.08,75.7,1.69,12.93,92.52,NORMAL
2026-01-01T10:08:20,tank01,normal,74.46,1.94,41.2,64.63,77.33,1.3,12.97,92.09,NORMAL
2026-01-01T10:08:25,tank01,high_vibration,75.54,1.96,42.26,66.59,77.73,4.42,13.03,83.58,CRITICAL
2026-01-01T10:08:30,tank01,low_flow,74.41,2.2,29.12,65.67,75.58,1.33,13.16,88.34,CRITICAL
2026-01-01T10:08:35,tank01,normal,72.73,1.98,45.38,66.28,76.29,1.69,12.79,91.85,NORMAL
2026-01-01T10:08:40,tank01,normal,74.54,1.92,44.54,65.13,76.92,1.43,12.87,92.87,NORMAL
2026-01-01T10:08:45,tank01,normal,73.56,1.8,43.32,63.36,71.54,1.66,12.36,91.27,NORMAL
2026-01-01T10:08:50,tank01,normal,74.68,1.83,47.21,65.33,72.27,1.7,12.41,92.12,NORMAL
2026-01-01T10:08:55,tank01,normal,73.57,1.9,46.48,65.38,75.41,1.92,12.68,91.81,NORMAL
2026-01-01T10:09:00,tank01,low_flow,74.98,2.13,31.1,64.51,71.65,1.59,12.79,89.62,CRITICAL
2026-01-01T10:09:05,tank01,normal,74.19,1.87,48.21,64.28,74.0,1.85,12.55,91.71,NORMAL
2026-01-01T10:09:10,tank01,low_quality,83.01,1.77,39.51,63.99,84.73,1.76,13.74,89.75,NORMAL
2026-01-01T10:09:15,tank01,normal,75.79,1.8,48.09,62.03,72.05,1.54,12.39,92.55,NORMAL
2026-01-01T10:09:20,tank01,normal,75.43,1.82,48.32,62.94,71.53,1.68,12.35,92.36,NORMAL
2026-01-01T10:09:25,tank01,overpressure,76.28,2.89,47.72,60.91,68.76,1.56,12.81,89.59,CRITICAL
2026-01-01T10:09:30,tank01,normal,75.88,1.81,46.84,59.83,72.83,1.57,12.48,92.99,NORMAL
2026-01-01T10:09:35,tank01,normal,76.36,1.84,47.72,60.15,70.39,1.22,12.31,93.31,NORMAL
2026-01-01T10:09:40,tank01,normal,77.09,1.8,48.62,59.08,70.91,1.56,12.33,93.4,NORMAL
2026-01-01T10:09:45,tank01,normal,77.69,1.86,48.64,61.88,68.41,1.47,12.19,94.15,NORMAL
2026-01-01T10:09:50,tank01,normal,77.84,1.9,47.18,60.35,66.84,1.16,12.11,94.82,NORMAL
2026-01-01T10:09:55,tank01,overpressure,79.71,2.87,46.39,61.84,69.57,1.53,12.98,90.02,CRITICAL
2026-01-01T10:10:00,tank01,normal,78.86,1.88,48.28,60.51,64.44,1.37,11.93,93.95,NORMAL
2026-01-01T10:10:05,tank01,normal,78.59,1.94,46.21,61.27,64.65,1.5,12.0,94.96,NORMAL
2026-01-01T10:10:10,tank01,normal,81.86,1.88,45.91,57.47,63.81,1.29,12.0,92.26,NORMAL
2026-01-01T10:10:15,tank01,low_flow,81.42,2.14,31.32,60.26,67.75,1.16,12.68,89.31,CRITICAL
2026-01-01T10:10:20,tank01,low_quality,89.49,1.91,38.24,59.66,75.57,1.42,13.3,85.22,WARNING
2026-01-01T10:10:25,tank01,low_quality,89.98,1.92,36.42,57.89,73.51,1.36,13.19,84.49,WARNING
2026-01-01T10:10:30,tank01,normal,82.55,2.03,43.68,60.57,64.27,1.46,12.18,92.12,NORMAL
2026-01-01T10:10:35,tank01,normal,81.8,2.03,43.85,59.25,62.69,1.41,12.03,92.69,NORMAL
2026-01-01T10:10:40,tank01,normal,81.42,1.9,44.1,59.42,65.15,1.22,12.13,92.72,NORMAL
2026-01-01T10:10:45,tank01,low_flow,82.33,2.25,27.66,59.87,64.49,1.15,12.57,87.16,CRITICAL
2026-01-01T10:10:50,tank01,low_flow,81.9,2.2,27.08,61.0,61.66,1.53,12.3,87.59,CRITICAL
2026-01-01T10:10:55,tank01,normal,82.15,2.09,42.25,59.8,62.79,1.78,12.11,91.77,NORMAL
2026-01-01T10:11:00,tank01,normal,81.87,1.92,41.74,60.68,64.91,1.68,12.18,91.89,NORMAL
2026-01-01T10:11:05,tank01,normal,81.06,2.11,41.34,61.93,62.72,1.8,12.09,92.25,NORMAL
2026-01-01T10:11:10,tank01,normal,82.27,2.05,42.75,63.35,66.04,1.5,12.34,92.0,NORMAL
2026-01-01T10:11:15,tank01,normal,81.04,2.05,43.23,60.47,66.93,1.68,12.37,93.01,NORMAL
2026-01-01T10:11:20,tank01,normal,80.2,2.12,40.11,62.74,64.0,1.84,12.2,92.51,NORMAL
2026-01-01T10:11:25,tank01,normal,80.42,2.17,41.37,61.53,65.25,1.74,12.31,92.43,NORMAL
2026-01-01T10:11:30,tank01,normal,79.57,2.16,41.96,64.8,69.04,1.68,12.58,93.25,NORMAL
2026-01-01T10:11:35,tank01,normal,79.42,2.09,42.31,66.01,66.97,1.64,12.36,93.79,NORMAL
2026-01-01T10:11:40,tank01,low_flow,79.04,2.32,29.55,64.32,69.7,1.8,12.9,89.74,CRITICAL
2026-01-01T10:11:45,tank01,normal,79.61,2.09,44.31,65.52,68.3,1.92,12.44,94.19,NORMAL
2026-01-01T10:11:50,tank01,normal,78.51,2.18,45.61,64.97,68.43,1.48,12.46,94.55,NORMAL
2026-01-01T10:11:55,tank01,normal,78.96,2.16,45.32,65.77,72.43,1.73,12.78,94.38,NORMAL
2026-01-01T10:12:00,tank01,normal,76.61,2.17,47.16,65.36,71.19,1.84,12.58,93.59,NORMAL
2026-01-01T10:12:05,tank01,low_flow,76.6,2.34,30.93,66.21,71.14,1.58,12.93,89.74,CRITICAL
2026-01-01T10:12:10,tank01,low_quality,83.17,2.07,36.85,68.76,85.38,1.64,14.02,89.73,WARNING
2026-01-01T10:12:15,tank01,high_temp,89.66,2.15,47.75,66.6,79.18,1.19,13.6,85.8,WARNING
2026-01-01T10:12:20,tank01,low_flow,75.05,2.41,32.67,68.13,72.93,1.57,13.04,88.67,WARNING
2026-01-01T10:12:25,tank01,overpressure,75.11,3.23,46.97,68.59,74.14,1.21,13.42,87.19,CRITICAL
2026-01-01T10:12:30,tank01,high_temp,88.85,2.1,47.29,66.53,84.41,1.22,13.97,86.81,WARNING
2026-01-01T10:12:35,tank01,normal,74.34,2.13,47.57,68.62,74.7,1.52,12.77,91.95,NORMAL
2026-01-01T10:12:40,tank01,low_quality,82.03,2.15,40.79,68.72,86.4,1.36,14.05,91.17,NORMAL
2026-01-01T10:12:45,tank01,high_temp,88.61,2.05,47.41,68.07,80.9,1.52,13.65,87.19,WARNING
2026-01-01T10:12:50,tank01,normal,73.63,2.14,46.86,69.58,75.72,1.2,12.85,91.57,NORMAL
2026-01-01T10:12:55,tank01,high_temp,87.71,2.05,49.3,69.82,85.99,1.27,14.0,87.37,WARNING
2026-01-01T10:13:00,tank01,normal,73.73,2.1,48.15,69.43,75.65,1.45,12.8,91.49,NORMAL
2026-01-01T10:13:05,tank01,normal,75.23,2.07,47.36,70.66,71.48,1.56,12.51,92.97,NORMAL
2026-01-01T10:13:10,tank01,normal,75.3,2.04,45.87,69.87,76.62,1.34,12.92,93.57,NORMAL
2026-01-01T10:13:15,tank01,normal,74.72,2.01,46.64,73.58,74.92,1.37,12.74,93.06,NORMAL
2026-01-01T10:13:20,tank01,normal,75.0,1.94,44.85,70.69,75.56,1.3,12.79,93.4,NORMAL
2026-01-01T10:13:25,tank01,normal,74.78,2.05,46.58,71.54,77.73,1.43,12.99,92.96,NORMAL
2026-01-01T10:13:30,tank01,normal,74.68,1.98,45.27,68.9,72.18,1.59,12.52,93.33,NORMAL
2026-01-01T10:13:35,tank01,normal,76.31,1.96,43.85,71.38,73.66,1.71,12.7,94.24,NORMAL
2026-01-01T10:13:40,tank01,normal,76.96,1.93,42.26,67.2,72.23,1.72,12.61,94.2,NORMAL
2026-01-01T10:13:45,tank01,normal,77.49,2.0,44.45,69.74,73.11,1.28,12.71,95.47,NORMAL
2026-01-01T10:13:50,tank01,normal,77.26,2.0,42.47,69.7,71.26,1.84,12.58,94.79,NORMAL
2026-01-01T10:13:55,tank01,overpressure,77.18,2.87,43.68,67.66,73.12,1.81,13.23,90.73,CRITICAL
2026-01-01T10:14:00,tank01,overpressure,79.1,3.01,42.98,68.72,70.88,2.0,13.21,89.61,CRITICAL
2026-01-01T10:14:05,tank01,normal,78.17,1.9,39.94,66.79,72.25,1.31,12.67,94.13,NORMAL
2026-01-01T10:14:10,tank01,normal,80.07,1.93,41.03,71.07,71.33,1.84,12.65,93.1,NORMAL
2026-01-01T10:14:15,tank01,low_quality,87.9,1.88,33.2,66.27,82.74,1.68,13.88,85.01,WARNING
2026-01-01T10:14:20,tank01,normal,79.6,1.89,41.98,67.52,69.45,1.45,12.45,93.48,NORMAL
2026-01-01T10:14:25,tank01,normal,81.45,1.87,42.12,66.79,66.2,1.81,12.23,92.04,NORMAL
2026-01-01T10:14:30,tank01,low_flow,80.08,2.17,26.16,67.29,67.11,1.64,12.68,88.9,CRITICAL
2026-01-01T10:14:35,tank01,normal,81.11,1.95,42.77,66.46,67.96,1.71,12.4,92.84,NORMAL
2026-01-01T10:14:40,tank01,normal,82.71,1.8,43.22,67.19,66.26,1.49,12.22,91.04,NORMAL
2026-01-01T10:14:45,tank01,overpressure,81.11,2.85,43.49,67.26,63.62,1.59,12.58,89.03,CRITICAL
2026-01-01T10:14:50,tank01,high_temp,94.89,1.82,44.03,65.18,73.37,1.56,13.15,82.2,CRITICAL
2026-01-01T10:14:55,tank01,normal,81.53,1.88,44.97,65.2,64.06,1.29,12.03,92.77,NORMAL
2026-01-01T10:15:00,tank01,normal,81.63,1.94,44.8,64.39,64.44,1.53,12.09,92.91,NORMAL
2026-01-01T10:15:05,tank01,normal,82.52,1.87,45.08,66.11,64.38,1.59,12.07,91.94,NORMAL
2026-01-01T10:15:10,tank01,high_temp,96.7,1.87,45.55,63.7,71.8,1.4,13.08,81.18,CRITICAL
2026-01-01T10:15:15,tank01,overpressure,81.43,2.92,47.1,62.75,65.01,1.47,12.69,88.3,CRITICAL
2026-01-01T10:15:20,tank01,normal,81.63,1.88,47.61,63.03,63.63,1.4,11.95,92.03,NORMAL
2026-01-01T10:15:25,tank01,normal,81.51,1.81,46.7,62.09,60.8,1.38,11.69,91.99,NORMAL
2026-01-01T10:15:30,tank01,high_vibration,81.78,1.83,47.73,61.19,64.19,4.41,11.97,81.99,CRITICAL
2026-01-01T10:15:35,tank01,normal,80.29,1.93,47.59,62.66,62.43,1.26,11.85,93.3,NORMAL
2026-01-01T10:15:40,tank01,high_temp,95.67,1.84,49.0,62.46,72.4,1.46,13.03,80.94,CRITICAL
2026-01-01T10:15:45,tank01,high_temp,93.32,1.88,48.03,63.45,72.24,1.38,12.99,83.15,CRITICAL
2026-01-01T10:15:50,tank01,normal,78.96,1.95,48.61,63.42,67.97,1.53,12.25,94.15,NORMAL
2026-01-01T10:15:55,tank01,normal,79.34,1.99,46.89,60.24,63.56,1.48,11.96,94.47,NORMAL
2026-01-01T10:16:00,tank01,low_flow,77.84,2.3,32.89,61.37,66.69,1.52,12.56,91.33,WARNING
2026-01-01T10:16:05,tank01,normal,78.02,2.06,46.42,59.93,66.81,1.46,12.23,95.32,NORMAL
2026-01-01T10:16:10,tank01,overpressure,77.41,2.99,47.62,58.86,66.84,1.56,12.75,89.96,CRITICAL
2026-01-01T10:16:15,tank01,high_temp,90.08,2.0,47.3,61.54,71.8,1.56,12.94,86.36,CRITICAL
2026-01-01T10:16:20,tank01,normal,76.77,2.02,46.22,61.67,67.51,1.78,12.22,94.67,NORMAL
2026-01-01T10:16:25,tank01,low_quality,84.79,2.04,36.91,63.01,77.86,1.67,13.45,88.66,WARNING
2026-01-01T10:16:30,tank01,normal,74.89,2.09,46.32,59.43,68.19,1.53,12.26,92.87,NORMAL
2026-01-01T10:16:35,tank01,normal,75.38,2.01,45.2,61.38,69.27,1.86,12.33,93.96,NORMAL
2026-01-01T10:16:40,tank01,normal,74.47,2.17,43.99,59.72,72.14,1.91,12.65,92.27,NORMAL
2026-01-01T10:16:45,tank01,low_flow,75.2,2.31,30.22,62.59,73.55,1.67,13.07,88.67,CRITICAL
2026-01-01T10:16:50,tank01,low_flow,74.43,2.33,29.45,59.61,72.81,1.59,13.02,87.78,CRITICAL
2026-01-01T10:16:55,tank01,normal,73.77,2.17,43.08,58.98,71.3,1.74,12.57,91.5,NORMAL
2026-01-01T10:17:00,tank01,normal,74.11,2.09,43.57,60.22,74.6,1.27,12.79,92.3,NORMAL
2026-01-01T10:17:05,tank01,low_flow,75.24,2.4,27.82,62.47,73.35,1.76,13.15,87.63,CRITICAL
2026-01-01T10:17:10,tank01,normal,74.2,2.1,41.67,60.55,74.64,1.76,12.83,91.8,NORMAL
2026-01-01T10:17:15,tank01,overpressure,74.57,3.17,41.6,62.31,74.39,1.39,13.47,86.72,CRITICAL
2026-01-01T10:17:20,tank01,low_quality,83.37,2.17,33.25,58.94,83.87,1.52,14.01,88.18,WARNING
2026-01-01T10:17:25,tank01,normal,74.18,2.17,41.56,60.92,73.08,1.72,12.75,91.45,NORMAL
2026-01-01T10:17:30,tank01,normal,75.59,2.21,41.41,63.84,74.92,1.48,12.97,92.24,NORMAL
2026-01-01T10:17:35,tank01,normal,74.85,2.18,42.87,62.8,73.56,1.29,12.79,92.22,NORMAL
2026-01-01T10:17:40,tank01,normal,74.71,2.13,44.08,62.97,78.36,1.48,13.13,92.64,NORMAL
2026-01-01T10:17:45,tank01,high_temp,89.14,2.22,43.67,62.34,84.72,1.28,14.13,86.19,WARNING
2026-01-01T10:17:50,tank01,normal,75.49,2.14,42.62,61.78,75.88,1.57,12.98,92.84,NORMAL
2026-01-01T10:17:55,tank01,normal,77.25,2.15,42.84,64.7,77.62,1.36,13.18,94.13,NORMAL
2026-01-01T10:18:00,tank01,high_vibration,76.98,2.11,43.92,64.39,73.0,4.29,12.75,85.26,CRITICAL
2026-01-01T10:18:05,tank01,low_flow,76.58,2.35,28.65,63.22,71.71,1.14,13.01,89.09,CRITICAL
2026-01-01T10:18:10,tank01,low_flow,76.72,2.32,30.34,64.68,76.93,1.22,13.39,89.78,CRITICAL
2026-01-01T10:18:15,tank01,low_quality,86.63,1.99,36.96,65.92,81.79,1.42,13.78,87.45,WARNING
2026-01-01T10:18:20,tank01,high_temp,92.92,2.04,45.6,65.05,80.03,1.32,13.73,84.44,CRITICAL
2026-01-01T10:18:25,tank01,low_flow,79.42,2.3,31.45,66.27,73.94,1.36,13.21,90.05,CRITICAL
2026-01-01T10:18:30,tank01,normal,79.47,2.05,47.18,68.5,72.5,1.57,12.7,94.12,NORMAL
2026-01-01T10:18:35,tank01,normal,80.57,1.95,46.17,69.07,73.27,1.39,12.76,93.54,NORMAL
2026-01-01T10:18:40,tank01,low_flow,80.95,2.28,33.79,67.75,73.54,1.28,13.17,89.58,WARNING
2026-01-01T10:18:45,tank01,normal,81.83,1.97,47.54,68.63,71.77,1.66,12.67,92.36,NORMAL
2026-01-01T10:18:50,tank01,normal,81.18,2.09,48.11,69.27,72.88,1.82,12.8,92.4,NORMAL
2026-01-01T10:18:55,tank01,normal,82.05,1.91,46.6,69.16,70.03,1.46,12.51,92.13,NORMAL
2026-01-01T10:19:00,tank01,normal,81.39,1.96,46.76,70.27,70.23,1.69,12.54,92.82,NORMAL
2026-01-01T10:19:05,tank01,high_vibration,81.88,1.9,47.88,68.42,66.76,4.68,12.22,81.16,CRITICAL
2026-01-01T10:19:10,tank01,high_temp,95.78,1.95,49.28,69.06,75.42,1.77,13.34,81.32,CRITICAL
2026-01-01T10:19:15,tank01,normal,81.89,1.91,47.71,68.32,68.41,1.59,12.36,91.93,NORMAL
2026-01-01T10:19:20,tank01,high_vibration,82.35,1.85,47.52,68.81,67.57,4.7,12.27,80.54,CRITICAL
2026-01-01T10:19:25,tank01,normal,81.08,1.92,47.39,69.49,65.59,1.59,12.12,92.69,NORMAL
2026-01-01T10:19:30,tank01,normal,81.59,1.94,46.63,70.38,65.02,1.44,12.11,92.59,NORMAL
2026-01-01T10:19:35,tank01,normal,81.86,1.77,45.34,68.97,64.67,1.71,12.01,91.88,NORMAL
2026-01-01T10:19:40,tank01,normal,82.95,1.81,45.22,67.81,66.3,1.92,12.2,91.28,NORMAL
2026-01-01T10:19:45,tank01,normal,81.18,1.91,44.37,71.58,65.67,1.54,12.17,92.99,NORMAL
2026-01-01T10:19:50,tank01,normal,80.45,1.81,44.49,69.76,66.71,1.33,12.17,93.08,NORMAL
2026-01-01T10:19:55,tank01,normal,79.1,1.9,43.32,69.79,67.38,1.56,12.25,94.24,NORMAL
2026-01-01T10:20:00,tank01,normal,79.81,1.85,40.85,70.32,65.22,1.34,12.11,92.85,NORMAL
2026-01-01T10:20:05,tank01,normal,78.03,1.81,42.61,70.92,64.65,1.41,11.96,94.42,NORMAL
2026-01-01T10:20:10,tank01,normal,77.71,1.91,42.44,68.17,63.99,1.12,11.96,94.67,NORMAL
2026-01-01T10:20:15,tank01,normal,78.03,1.88,42.98,69.0,64.69,1.41,12.0,94.89,NORMAL
2026-01-01T10:20:20,tank01,normal,77.73,1.85,42.26,69.84,63.54,1.24,11.89,94.35,NORMAL
2026-01-01T10:20:25,tank01,low_quality,84.48,1.82,32.39,67.67,74.54,1.25,13.1,87.07,WARNING
2026-01-01T10:20:30,tank01,normal,75.93,1.82,42.22,68.42,66.02,1.23,12.02,92.86,NORMAL
2026-01-01T10:20:35,tank01,normal,76.2,1.92,42.19,68.49,65.4,1.22,12.04,93.53,NORMAL
2026-01-01T10:20:40,tank01,normal,74.79,1.87,41.45,69.32,66.38,1.12,12.06,92.07,NORMAL
2026-01-01T10:20:45,tank01,normal,75.48,1.98,41.93,67.39,65.58,1.56,12.07,93.23,NORMAL
2026-01-01T10:20:50,tank01,high_vibration,74.02,2.01,42.58,69.37,64.69,4.34,11.96,82.99,CRITICAL
2026-01-01T10:20:55,tank01,normal,74.24,1.9,42.65,66.76,65.72,1.51,11.98,92.07,NORMAL
2026-01-01T10:21:00,tank01,low_quality,82.77,1.97,34.94,66.58,76.56,1.33,13.27,89.78,WARNING
2026-01-01T10:21:05,tank01,overpressure,73.89,3.01,44.18,65.97,69.57,1.27,12.93,87.64,CRITICAL
2026-01-01T10:21:10,tank01,normal,76.76,1.91,44.86,67.77,69.08,1.47,12.3,94.6,NORMAL
2026-01-01T10:21:15,tank01,high_temp,87.35,2.05,45.8,67.13,75.03,1.44,13.16,88.55,WARNING
2026-01-01T10:21:20,tank01,normal,74.25,2.13,44.41,64.55,71.09,1.57,12.53,92.4,NORMAL
2026-01-01T10:21:25,tank01,normal,72.94,1.96,45.77,63.67,72.94,1.49,12.51,91.8,NORMAL
2026-01-01T10:21:30,tank01,overpressure,73.84,3.16,46.95,63.63,74.93,1.36,13.4,86.58,CRITICAL
2026-01-01T10:21:35,tank01,overpressure,73.96,3.06,46.69,63.53,72.28,1.82,13.14,87.26,CRITICAL
2026-01-01T10:21:40,tank01,normal,75.6,2.03,47.36,63.05,72.19,1.7,12.55,93.44,NORMAL
2026-01-01T10:21:45,tank01,low_flow,75.05,2.24,33.03,62.5,73.95,1.47,13.02,89.61,WARNING
2026-01-01T10:21:50,tank01,normal,75.79,2.18,49.75,63.73,73.47,2.01,12.71,92.23,NORMAL
2026-01-01T10:21:55,tank01,normal,75.52,1.98,48.42,63.12,73.27,1.48,12.59,93.2,NORMAL
2026-01-01T10:22:00,tank01,normal,76.58,2.14,48.98,62.75,72.71,1.74,12.66,93.23,NORMAL
2026-01-01T10:22:05,tank01,normal,77.46,2.18,47.67,61.56,78.5,1.65,13.2,94.02,NORMAL
2026-01-01T10:22:10,tank01,normal,76.67,2.28,46.55,62.86,76.8,1.78,13.11,93.22,NORMAL
2026-01-01T10:22:15,tank01,normal,78.36,2.08,48.23,58.95,75.86,1.72,12.95,94.5,NORMAL
2026-01-01T10:22:20,tank01,low_quality,85.13,2.1,38.42,62.52,84.45,1.37,13.99,88.5,WARNING
2026-01-01T10:22:25,tank01,low_quality,85.48,2.18,39.8,59.75,85.79,1.47,14.14,88.19,WARNING
2026-01-01T10:22:30,tank01,normal,78.14,2.15,48.3,57.38,76.59,1.58,13.04,94.34,NORMAL
2026-01-01T10:22:35,tank01,low_flow,79.5,2.46,30.45,59.23,78.0,1.67,13.64,88.95,CRITICAL
2026-01-01T10:22:40,tank01,high_temp,92.49,2.11,45.35,61.11,85.1,1.4,14.17,84.47,CRITICAL
2026-01-01T10:22:45,tank01,normal,79.13,2.1,46.78,59.58,77.46,1.6,13.13,94.21,NORMAL
2026-01-01T10:22:50,tank01,normal,79.91,2.05,44.36,60.57,75.25,1.25,12.98,94.17,NORMAL
2026-01-01T10:22:55,tank01,low_flow,81.69,2.34,27.54,59.6,75.77,1.17,13.5,87.19,CRITICAL
2026-01-01T10:23:00,tank01,low_flow,81.27,2.37,28.98,59.94,75.19,1.31,13.44,87.68,CRITICAL
2026-01-01T10:23:05,tank01,high_vibration,82.02,2.05,44.1,59.38,74.66,4.19,13.0,83.76,CRITICAL
2026-01-01T10:23:10,tank01,low_quality,89.8,2.17,36.22,60.63,84.74,1.3,14.23,84.1,WARNING
2026-01-01T10:23:15,tank01,low_flow,82.27,2.44,27.13,60.07,71.88,1.38,13.28,86.13,CRITICAL
2026-01-01T10:23:20,tank01,low_flow,82.87,2.26,26.94,61.99,72.24,1.02,13.22,86.51,CRITICAL
2026-01-01T10:23:25,tank01,normal,82.17,2.06,42.08,59.07,71.12,1.48,12.76,91.83,NORMAL
2026-01-01T10:23:30,tank01,normal,81.47,2.1,41.9,59.92,72.25,1.03,12.85,92.14,NORMAL
2026-01-01T10:23:35,tank01,high_temp,96.5,2.05,42.93,62.28,80.45,1.23,13.91,81.38,CRITICAL
2026-01-01T10:23:40,tank01,normal,81.68,1.98,40.89,62.65,70.03,1.45,12.63,92.11,NORMAL
2026-01-01T10:23:45,tank01,normal,81.99,1.99,41.95,63.75,67.68,1.4,12.44,92.21,NORMAL
2026-01-01T10:23:50,tank01,high_vibration,82.71,2.09,42.95,59.89,67.97,4.65,12.53,80.9,CRITICAL
2026-01-01T10:23:55,tank01,normal,81.65,2.0,43.53,62.93,67.28,1.4,12.38,92.89,NORMAL
2026-01-01T10:24:00,tank01,normal,81.55,1.86,42.75,63.77,66.64,1.46,12.25,92.07,NORMAL
2026-01-01T10:24:05,tank01,normal,79.99,1.98,41.78,61.82,65.05,1.68,12.16,93.59,NORMAL
2026-01-01T10:24:10,tank01,normal,78.22,2.0,42.39,62.88,69.34,1.35,12.46,95.16,NORMAL
2026-01-01T10:24:15,tank01,high_temp,92.46,1.8,44.18,63.22,71.46,1.88,12.91,83.97,CRITICAL
2026-01-01T10:24:20,tank01,high_vibration,78.26,1.97,44.89,64.35,68.03,4.33,12.3,86.3,CRITICAL
2026-01-01T10:24:25,tank01,normal,77.67,1.91,46.49,64.68,63.15,1.68,11.83,94.92,NORMAL
2026-01-01T10:24:30,tank01,normal,77.96,1.84,45.15,63.48,63.38,1.55,11.83,95.13,NORMAL
2026-01-01T10:24:35,tank01,low_quality,84.07,1.91,39.09,66.31,72.7,1.7,12.89,89.5,NORMAL
2026-01-01T10:24:40,tank01,low_quality,85.1,1.94,38.08,66.02,72.39,1.94,12.94,88.64,WARNING
2026-01-01T10:24:45,tank01,normal,76.03,1.86,46.56,65.04,66.32,1.6,12.0,93.41,NORMAL
2026-01-01T10:24:50,tank01,high_temp,88.48,1.87,49.63,65.73,72.36,1.82,12.82,86.33,WARNING
2026-01-01T10:24:55,tank01,normal,75.01,1.82,45.82,66.3,64.84,1.6,11.84,92.65,NORMAL
2026-01-01T10:25:00,tank01,normal,74.69,1.82,48.96,67.77,63.83,1.46,11.7,91.61,NORMAL
2026-01-01T10:25:05,tank01,normal,75.77,1.84,46.46,67.68,64.23,1.45,11.82,93.17,NORMAL
2026-01-01T10:25:10,tank01,normal,74.45,1.82,48.53,69.94,63.86,1.53,11.71,91.55,NORMAL
2026-01-01T10:25:15,tank01,normal,75.22,1.83,48.84,68.28,63.01,1.61,11.66,92.09,NORMAL
2026-01-01T10:25:20,tank01,normal,73.89,1.87,47.05,70.41,66.62,1.32,11.96,91.76,NORMAL
2026-01-01T10:25:25,tank01,normal,73.55,1.88,49.03,69.02,64.45,1.62,11.75,91.03,NORMAL
2026-01-01T10:25:30,tank01,normal,75.09,1.87,47.84,69.34,65.65,1.44,11.91,92.44,NORMAL
2026-01-01T10:25:35,tank01,low_quality,81.97,1.86,39.06,69.76,78.43,1.24,13.27,90.85,NORMAL
2026-01-01T10:25:40,tank01,overpressure,74.66,2.86,46.45,69.2,67.69,1.46,12.68,88.82,CRITICAL
2026-01-01T10:25:45,tank01,overpressure,75.25,2.84,44.75,68.71,67.2,1.01,12.67,89.65,CRITICAL
2026-01-01T10:25:50,tank01,normal,75.44,1.96,46.23,69.99,65.0,1.21,11.95,93.59,NORMAL
2026-01-01T10:25:55,tank01,high_vibration,75.08,1.86,45.29,71.06,70.1,4.47,12.3,83.18,CRITICAL
2026-01-01T10:26:00,tank01,high_vibration,74.08,1.91,47.03,69.95,73.18,4.18,12.52,83.4,CRITICAL
2026-01-01T10:26:05,tank01,normal,74.87,1.96,45.36,71.0,69.91,1.45,12.33,93.36,NORMAL
2026-01-01T10:26:10,tank01,normal,76.17,1.91,43.32,70.57,74.24,1.18,12.72,93.75,NORMAL
2026-01-01T10:26:15,tank01,low_flow,77.46,2.16,28.78,69.38,69.76,1.35,12.77,90.74,CRITICAL
2026-01-01T10:26:20,tank01,normal,75.84,1.95,42.27,69.49,71.61,1.38,12.54,93.47,NORMAL
2026-01-01T10:26:25,tank01,normal,76.85,1.99,43.67,69.14,72.59,1.47,12.65,94.77,NORMAL
2026-01-01T10:26:30,tank01,normal,78.67,2.03,41.88,68.74,76.28,1.48,13.05,94.55,NORMAL
2026-01-01T10:26:35,tank01,low_flow,78.04,2.2,29.35,69.93,73.5,1.72,13.1,91.04,CRITICAL
2026-01-01T10:26:40,tank01,high_vibration,77.74,2.01,42.01,67.45,75.87,4.6,12.98,84.61,CRITICAL
2026-01-01T10:26:45,tank01,normal,79.58,2.04,42.84,66.49,74.91,1.42,12.96,94.09,NORMAL
2026-01-01T10:26:50,tank01,normal,78.93,2.11,42.36,68.07,78.39,1.54,13.27,94.09,NORMAL
2026-01-01T10:26:55,tank01,high_temp,94.7,2.08,42.45,69.7,87.01,1.69,14.41,82.42,CRITICAL
2026-01-01T10:27:00,tank01,normal,79.94,1.98,42.94,67.73,76.93,1.42,13.09,93.91,NORMAL
2026-01-01T10:27:05,tank01,low_quality,90.47,2.09,33.33,69.0,86.75,1.72,14.41,83.3,CRITICAL
2026-01-01T10:27:10,tank01,normal,80.47,2.01,41.79,67.7,77.38,1.54,13.19,93.27,NORMAL
2026-01-01T10:27:15,tank01,normal,82.49,2.06,43.01,68.4,74.63,1.78,13.04,91.84,NORMAL
2026-01-01T10:27:20,tank01,normal,82.95,2.07,42.41,66.3,74.82,1.58,13.08,91.29,NORMAL
2026-01-01T10:27:25,tank01,high_temp,94.77,2.15,44.3,67.46,86.12,1.88,14.36,82.47,CRITICAL
2026-01-01T10:27:30,tank01,normal,82.27,2.18,45.22,65.04,74.0,1.33,13.02,91.85,NORMAL
2026-01-01T10:27:35,tank01,normal,81.36,2.13,44.68,64.7,77.19,1.8,13.23,92.73,NORMAL
2026-01-01T10:27:40,tank01,overpressure,82.93,3.13,45.1,64.53,76.46,1.57,13.8,86.64,CRITICAL
2026-01-01T10:27:45,tank01,normal,82.06,2.24,46.66,65.98,74.73,1.44,13.09,91.33,NORMAL
2026-01-01T10:27:50,tank01,normal,81.28,2.16,46.29,63.51,76.2,1.4,13.14,92.41,NORMAL
2026-01-01T10:27:55,tank01,normal,81.65,2.19,44.92,62.08,71.33,1.77,12.8,92.29,NORMAL
2026-01-01T10:28:00,tank01,high_vibration,80.89,2.17,46.71,61.98,73.46,4.52,12.91,82.44,CRITICAL
2026-01-01T10:28:05,tank01,normal,81.09,2.17,47.03,61.47,72.53,1.35,12.83,92.31,NORMAL
2026-01-01T10:28:10,tank01,normal,79.5,2.13,49.23,64.62,73.64,1.44,12.81,93.18,NORMAL
2026-01-01T10:28:15,tank01,normal,79.02,2.12,48.94,64.3,70.28,1.39,12.53,93.67,NORMAL
2026-01-01T10:28:20,tank01,normal,79.74,2.17,46.47,60.7,70.28,1.24,12.62,93.46,NORMAL
2026-01-01T10:28:25,tank01,normal,78.48,2.07,49.14,62.04,72.51,1.12,12.66,94.26,NORMAL
2026-01-01T10:28:30,tank01,normal,78.48,2.17,46.46,61.62,68.02,1.11,12.4,94.41,NORMAL
2026-01-01T10:28:35,tank01,normal,79.09,2.09,48.15,60.43,66.84,1.27,12.25,93.95,NORMAL
2026-01-01T10:28:40,tank01,normal,77.39,2.06,50.75,59.64,68.65,1.22,12.29,93.82,NORMAL
2026-01-01T10:28:45,tank01,normal,77.37,2.04,45.75,60.85,65.96,1.31,12.14,95.13,NORMAL
2026-01-01T10:28:50,tank01,normal,77.13,2.01,47.62,59.79,64.32,1.49,11.95,94.62,NORMAL
2026-01-01T10:28:55,tank01,normal,75.69,2.07,45.89,61.2,65.76,1.3,12.09,93.69,NORMAL
2026-01-01T10:29:00,tank01,normal,76.03,2.06,46.77,58.79,63.1,1.21,11.86,93.8,NORMAL
2026-01-01T10:29:05,tank01,normal,75.5,1.96,44.97,59.35,65.51,1.53,12.01,93.92,NORMAL
2026-01-01T10:29:10,tank01,normal,74.6,2.09,45.05,58.34,65.71,1.54,12.07,93.01,NORMAL
2026-01-01T10:29:15,tank01,normal,75.19,2.02,43.79,59.95,62.27,1.63,11.79,93.48,NORMAL
2026-01-01T10:29:20,tank01,normal,74.17,1.93,43.85,58.55,65.06,1.71,11.93,92.5,NORMAL
2026-01-01T10:29:25,tank01,low_flow,74.54,2.25,26.66,60.66,66.44,1.88,12.5,87.57,CRITICAL
2026-01-01T10:29:30,tank01,normal,75.13,1.91,42.86,57.88,62.83,1.42,11.78,92.86,NORMAL
2026-01-01T10:29:35,tank01,normal,75.62,1.93,44.35,61.24,62.76,1.97,11.78,93.7,NORMAL
2026-01-01T10:29:40,tank01,normal,74.32,1.94,42.86,59.71,65.76,1.58,12.01,92.41,NORMAL
2026-01-01T10:29:45,tank01,low_flow,72.8,2.16,27.08,61.43,61.26,1.58,11.98,86.81,CRITICAL
2026-01-01T10:29:50,tank01,normal,73.28,1.92,41.66,60.67,62.87,1.64,11.76,91.23,NORMAL
2026-01-01T10:29:55,tank01,low_quality,81.64,1.78,35.31,61.16,75.74,1.82,13.05,89.74,WARNING
2026-01-01T10:30:00,tank01,high_temp,89.01,1.91,41.63,62.23,75.39,1.71,13.22,86.44,WARNING
2026-01-01T10:30:05,tank01,low_flow,75.72,2.09,27.94,64.37,69.1,1.59,12.63,89.59,CRITICAL
2026-01-01T10:30:10,tank01,normal,76.86,1.76,42.59,62.11,66.84,1.72,12.07,93.35,NORMAL
2026-01-01T10:30:15,tank01,normal,76.93,1.98,42.94,61.04,67.81,1.56,12.28,94.59,NORMAL
2026-01-01T10:30:20,tank01,high_temp,90.16,1.84,41.65,61.85,78.23,1.59,13.45,85.27,CRITICAL
2026-01-01T10:30:25,tank01,normal,77.04,1.94,43.58,64.45,64.38,1.47,11.97,94.6,NORMAL
2026-01-01T10:30:30,tank01,normal,76.96,1.84,43.81,64.97,66.8,1.53,12.1,94.13,NORMAL
2026-01-01T10:30:35,tank01,normal,77.23,1.77,43.87,64.48,68.21,1.41,12.18,93.98,NORMAL
2026-01-01T10:30:40,tank01,low_quality,84.8,1.8,37.6,64.91,80.84,1.32,13.53,88.04,WARNING
2026-01-01T10:30:45,tank01,normal,77.64,1.79,44.39,67.04,71.89,1.16,12.49,94.53,NORMAL
2026-01-01T10:30:50,tank01,normal,77.67,1.97,45.49,64.11,69.78,1.35,12.41,95.46,NORMAL
2026-01-01T10:30:55,tank01,high_vibration,79.5,1.86,45.79,65.1,70.87,4.32,12.49,84.73,CRITICAL
2026-01-01T10:31:00,tank01,low_flow,79.8,2.11,32.41,66.94,73.77,1.53,13.07,90.96,WARNING
2026-01-01T10:31:05,tank01,low_flow,80.18,2.14,33.65,66.99,74.27,1.15,13.12,90.85,WARNING
2026-01-01T10:31:10,tank01,normal,79.38,1.83,45.59,67.79,73.57,1.23,12.68,93.97,NORMAL
2026-01-01T10:31:15,tank01,normal,80.73,1.88,47.63,67.06,77.03,1.51,13.0,92.7,NORMAL
2026-01-01T10:31:20,tank01,normal,81.36,1.89,48.19,68.06,73.63,1.5,12.74,92.14,NORMAL
2026-01-01T10:31:25,tank01,normal,82.25,2.08,47.5,67.76,74.3,1.57,12.95,91.78,NORMAL
2026-01-01T10:31:30,tank01,overpressure,82.17,2.97,48.56,68.57,75.47,1.46,13.55,87.15,CRITICAL
2026-01-01T10:31:35,tank01,normal,83.08,1.96,47.85,68.37,76.01,1.54,13.03,91.25,NORMAL
2026-01-01T10:31:40,tank01,low_quality,90.55,2.04,38.81,68.19,84.5,1.45,14.12,84.82,CRITICAL
2026-01-01T10:31:45,tank01,normal,82.59,1.93,46.34,68.97,77.01,1.47,13.1,91.85,NORMAL
2026-01-01T10:31:50,tank01,high_temp,96.24,2.02,46.54,71.12,81.96,1.35,13.96,81.83,CRITICAL
2026-01-01T10:31:55,tank01,normal,82.01,1.95,48.49,69.82,77.7,1.68,13.12,91.87,NORMAL
2026-01-01T10:32:00,tank01,high_vibration,80.96,2.1,46.47,69.4,75.71,4.89,13.05,81.33,CRITICAL
2026-01-01T10:32:05,tank01,normal,81.49,2.0,44.64,69.9,73.62,2.16,12.86,92.66,NORMAL
2026-01-01T10:32:10,tank01,normal,81.08,2.06,45.09,71.04,72.3,1.75,12.78,93.36,NORMAL
2026-01-01T10:32:15,tank01,overpressure,81.85,3.07,46.0,69.22,76.89,1.88,13.76,87.5,CRITICAL
2026-01-01T10:32:20,tank01,normal,81.04,2.1,43.59,73.31,73.97,1.58,12.95,92.87,NORMAL
2026-01-01T10:32:25,tank01,normal,80.52,2.04,44.78,71.38,74.86,1.76,12.95,93.88,NORMAL
2026-01-01T10:32:30,tank01,normal,80.21,2.15,44.63,70.05,72.9,2.05,12.86,93.29,NORMAL
2026-01-01T10:32:35,tank01,normal,79.45,2.18,43.15,68.52,74.46,1.66,13.0,93.54,NORMAL
2026-01-01T10:32:40,tank01,low_quality,88.74,2.18,35.65,70.07,81.84,1.68,13.98,84.71,WARNING
2026-01-01T10:32:45,tank01,normal,79.7,2.11,42.47,69.56,72.16,1.72,12.79,93.55,NORMAL
2026-01-01T10:32:50,tank01,normal,77.5,2.1,42.67,69.7,71.38,1.84,12.65,94.57,NORMAL
2026-01-01T10:32:55,tank01,low_flow,77.85,2.36,27.46,68.95,69.74,1.62,12.92,89.7,CRITICAL
2026-01-01T10:33:00,tank01,normal,76.59,2.18,42.57,68.02,74.02,1.33,12.89,93.43,NORMAL
2026-01-01T10:33:05,tank01,low_flow,75.4,2.38,26.71,69.17,70.81,1.59,12.95,87.59,CRITICAL
2026-01-01T10:33:10,tank01,normal,76.52,2.14,41.5,67.69,69.96,1.3,12.56,93.3,NORMAL
2026-01-01T10:33:15,tank01,normal,76.49,2.15,43.43,68.97,68.13,1.37,12.39,93.7,NORMAL
2026-01-01T10:33:20,tank01,normal,73.82,2.08,43.09,67.25,65.46,1.46,12.05,91.99,NORMAL
2026-01-01T10:33:25,tank01,low_flow,74.76,2.41,27.88,66.78,67.36,1.56,12.66,87.22,CRITICAL
2026-01-01T10:33:30,tank01,normal,74.97,2.08,43.48,67.5,64.88,1.72,12.04,92.95,NORMAL
2026-01-01T10:33:35,tank01,normal,72.87,2.1,42.07,63.95,65.58,1.27,12.06,90.92,NORMAL
2026-01-01T10:33:40,tank01,high_temp,88.11,2.08,44.12,65.0,74.11,1.15,13.16,87.8,WARNING
2026-01-01T10:33:45,tank01,low_flow,74.67,2.36,29.5,65.74,63.8,1.09,12.31,87.85,CRITICAL
2026-01-01T10:33:50,tank01,normal,72.29,2.12,45.63,66.45,63.0,1.24,11.79,90.98,NORMAL
2026-01-01T10:33:55,tank01,high_temp,88.52,2.1,45.14,66.54,71.72,1.35,12.98,87.56,WARNING
2026-01-01T10:34:00,tank01,normal,74.49,2.06,46.63,63.15,63.44,1.44,11.85,92.67,NORMAL
2026-01-01T10:34:05,tank01,high_temp,87.16,2.03,45.78,62.91,70.82,1.62,12.81,88.78,WARNING
2026-01-01T10:34:10,tank01,normal,74.22,2.1,45.06,62.43,66.27,1.48,12.11,92.64,NORMAL
2026-01-01T10:34:15,tank01,normal,74.96,2.03,47.77,64.26,65.02,1.4,11.95,92.88,NORMAL
2026-01-01T10:34:20,tank01,high_temp,89.7,2.0,46.17,63.74,70.16,1.49,12.81,86.93,WARNING
2026-01-01T10:34:25,tank01,normal,74.83,1.95,48.65,64.18,64.8,1.37,11.87,92.48,NORMAL
2026-01-01T10:34:30,tank01,normal,76.26,1.96,47.97,63.72,63.88,1.54,11.85,93.74,NORMAL
2026-01-01T10:34:35,tank01,overpressure,76.2,2.98,48.11,62.53,66.33,1.84,12.66,88.98,CRITICAL
2026-01-01T10:34:40,tank01,normal,76.02,2.02,47.91,61.16,65.08,1.45,11.98,93.67,NORMAL
2026-01-01T10:34:45,tank01,normal,76.77,1.88,49.09,61.5,65.8,1.85,11.96,93.43,NORMAL
2026-01-01T10:34:50,tank01,normal,77.27,1.86,46.48,62.74,66.27,1.77,12.04,94.38,NORMAL
2026-01-01T10:34:55,tank01,normal,79.23,1.87,47.33,62.13,65.35,1.69,12.02,93.84,NORMAL
2026-01-01T10:35:00,tank01,normal,78.02,1.87,46.93,61.27,67.68,1.78,12.17,94.85,NORMAL
2026-01-01T10:35:05,tank01,normal,78.15,1.84,45.98,60.2,67.53,1.74,12.16,94.86,NORMAL
2026-01-01T10:35:10,tank01,low_flow,79.47,2.03,31.85,61.65,67.92,1.41,12.56,91.47,CRITICAL
2026-01-01T10:35:15,tank01,normal,81.11,1.81,45.84,60.38,67.25,1.54,12.21,92.51,NORMAL
2026-01-01T10:35:20,tank01,overpressure,80.4,2.92,45.32,60.8,69.83,1.77,13.07,89.51,CRITICAL
2026-01-01T10:35:25,tank01,normal,80.55,1.78,44.19,60.31,70.01,1.28,12.42,92.78,NORMAL
2026-01-01T10:35:30,tank01,normal,79.96,1.8,43.5,57.56,71.23,1.62,12.53,93.17,NORMAL
2026-01-01T10:35:35,tank01,normal,81.66,1.85,44.79,60.13,72.88,1.55,12.72,92.47,NORMAL
2026-01-01T10:35:40,tank01,high_temp,96.0,1.84,42.73,61.42,82.32,1.47,13.93,81.16,CRITICAL
2026-01-01T10:35:45,tank01,normal,81.6,1.92,43.12,60.57,73.12,1.53,12.8,92.44,NORMAL
2026-01-01T10:35:50,tank01,normal,84.02,1.79,43.21,60.1,70.69,1.15,12.6,90.0,NORMAL
2026-01-01T10:35:55,tank01,low_flow,83.35,2.03,27.71,61.11,73.39,1.23,13.17,87.53,CRITICAL
2026-01-01T10:36:00,tank01,overpressure,81.77,2.82,43.41,61.02,76.28,1.45,13.6,88.66,CRITICAL
2026-01-01T10:36:05,tank01,normal,81.3,1.9,43.03,61.34,73.7,1.36,12.83,92.51,NORMAL
2026-01-01T10:36:10,tank01,normal,82.72,1.83,43.79,60.69,74.41,1.09,12.88,91.31,NORMAL
2026-01-01T10:36:15,tank01,normal,81.47,1.96,42.57,61.43,74.33,1.05,12.93,92.58,NORMAL
2026-01-01T10:36:20,tank01,low_quality,90.34,1.91,34.81,60.72,84.84,1.05,14.12,83.75,CRITICAL
2026-01-01T10:36:25,tank01,high_temp,95.03,1.86,42.98,62.87,84.62,1.13,14.09,82.04,CRITICAL
2026-01-01T10:36:30,tank01,normal,81.76,1.87,41.72,62.35,74.96,1.2,12.95,91.71,NORMAL
2026-01-01T10:36:35,tank01,normal,78.73,2.03,42.85,62.32,74.53,1.05,12.9,94.76,NORMAL
2026-01-01T10:36:40,tank01,normal,78.19,2.01,43.75,63.86,78.19,1.62,13.15,95.49,NORMAL
2026-01-01T10:36:45,tank01,normal,78.5,1.98,42.78,61.5,74.03,1.67,12.82,94.95,NORMAL
2026-01-01T10:36:50,tank01,low_quality,87.42,2.01,35.04,62.72,86.88,1.27,14.25,86.41,WARNING
2026-01-01T10:36:55,tank01,low_quality,86.87,1.9,35.19,65.96,88.84,1.15,14.32,86.37,WARNING
2026-01-01T10:37:00,tank01,normal,76.94,1.99,44.99,66.54,77.48,1.41,13.03,95.16,NORMAL
2026-01-01T10:37:05,tank01,high_temp,91.7,1.96,44.74,67.47,80.35,1.79,13.68,85.46,CRITICAL
2026-01-01T10:37:10,tank01,normal,77.23,2.0,45.46,66.84,74.39,1.51,12.79,95.3,NORMAL
2026-01-01T10:37:15,tank01,normal,75.06,2.07,46.92,65.78,76.57,1.62,12.92,92.96,NORMAL
2026-01-01T10:37:20,tank01,normal,76.41,2.08,48.85,67.94,73.46,1.8,12.68,93.46,NORMAL
2026-01-01T10:37:25,tank01,low_flow,75.29,2.32,32.31,66.8,73.55,1.68,13.05,89.22,WARNING
2026-01-01T10:37:30,tank01,normal,75.31,2.07,47.49,70.36,70.96,1.75,12.46,93.03,NORMAL
2026-01-01T10:37:35,tank01,normal,74.7,2.06,47.3,68.3,69.76,1.78,12.35,92.66,NORMAL
2026-01-01T10:37:40,tank01,normal,74.45,2.1,47.69,68.12,70.76,1.73,12.44,92.17,NORMAL
2026-01-01T10:37:45,tank01,high_temp,88.89,2.08,47.6,68.29,77.47,1.5,13.4,86.78,WARNING
2026-01-01T10:37:50,tank01,normal,75.11,2.12,48.23,68.77,66.34,1.71,12.11,92.44,NORMAL
2026-01-01T10:37:55,tank01,normal,73.75,2.13,47.66,67.1,70.39,1.58,12.41,91.51,NORMAL
2026-01-01T10:38:00,tank01,high_temp,88.13,2.28,48.48,69.44,76.78,1.34,13.43,86.11,WARNING
2026-01-01T10:38:05,tank01,normal,73.91,2.15,48.71,71.15,68.33,1.26,12.24,91.26,NORMAL
2026-01-01T10:38:10,tank01,normal,73.18,2.15,46.86,68.48,69.0,1.47,12.3,91.18,NORMAL
2026-01-01T10:38:15,tank01,normal,73.13,2.11,44.84,69.9,66.25,1.61,12.09,91.76,NORMAL
2026-01-01T10:38:20,tank01,normal,74.18,2.17,47.32,71.75,66.52,1.65,12.14,91.7,NORMAL
2026-01-01T10:38:25,tank01,normal,74.84,2.06,47.17,68.79,66.42,1.47,12.09,92.79,NORMAL
2026-01-01T10:38:30,tank01,normal,74.27,2.06,45.53,71.28,64.09,1.1,11.91,92.78,NORMAL
2026-01-01T10:38:35,tank01,normal,76.08,2.2,46.0,69.49,63.41,1.43,11.99,93.29,NORMAL
2026-01-01T10:38:40,tank01,high_temp,90.59,2.14,43.96,68.38,73.79,1.45,13.25,85.58,CRITICAL
2026-01-01T10:38:45,tank01,normal,75.26,2.11,44.57,70.29,65.57,1.28,12.1,93.28,NORMAL
2026-01-01T10:38:50,tank01,normal,78.02,2.07,43.8,69.39,65.11,1.48,12.13,95.35,NORMAL
2026-01-01T10:38:55,tank01,normal,74.43,2.17,42.58,70.37,66.43,1.41,12.21,91.88,NORMAL
2026-01-01T10:39:00,tank01,normal,76.58,2.13,42.77,70.21,65.57,1.47,12.18,93.71,NORMAL
2026-01-01T10:39:05,tank01,normal,79.27,2.12,43.44,70.5,63.91,1.3,12.11,94.05,NORMAL
2026-01-01T10:39:10,tank01,overpressure,79.63,3.16,43.24,67.47,64.87,1.48,12.83,88.53,CRITICAL
2026-01-01T10:39:15,tank01,normal,79.59,2.09,41.31,67.76,64.72,1.27,12.2,93.42,NORMAL
2026-01-01T10:39:20,tank01,normal,77.84,2.04,42.99,69.2,66.66,1.36,12.25,95.16,NORMAL
2026-01-01T10:39:25,tank01,normal,79.91,1.94,41.61,68.96,65.04,1.46,12.14,93.42,NORMAL
2026-01-01T10:39:30,tank01,normal,81.26,1.96,43.45,68.29,66.84,1.38,12.31,92.95,NORMAL
2026-01-01T10:39:35,tank01,normal,81.59,1.94,43.18,68.82,66.75,1.18,12.31,92.58,NORMAL
2026-01-01T10:39:40,tank01,normal,81.06,1.96,41.97,66.69,66.7,1.37,12.32,92.76,NORMAL
2026-01-01T10:39:45,tank01,normal,81.65,1.98,43.29,66.47,66.12,1.45,12.28,92.76,NORMAL
2026-01-01T10:39:50,tank01,normal,80.18,1.98,43.95,65.99,66.33,1.57,12.24,94.01,NORMAL
2026-01-01T10:39:55,tank01,normal,82.69,1.93,42.34,67.69,67.38,1.42,12.39,91.46,NORMAL
2026-01-01T10:40:00,tank01,high_vibration,80.99,1.89,43.28,65.08,70.37,4.75,12.54,81.75,CRITICAL
2026-01-01T10:40:05,tank01,normal,80.86,1.91,44.67,66.22,69.4,1.8,12.46,93.33,NORMAL
2026-01-01T10:40:10,tank01,normal,81.33,2.01,46.14,64.0,69.49,1.8,12.51,93.18,NORMAL
2026-01-01T10:40:15,tank01,low_flow,81.12,2.14,30.58,65.7,69.51,1.48,12.82,89.35,CRITICAL
2026-01-01T10:40:20,tank01,overpressure,82.71,2.95,45.76,65.79,70.34,1.84,13.19,87.52,CRITICAL
2026-01-01T10:40:25,tank01,normal,81.97,1.81,47.26,65.33,73.7,1.54,12.73,91.53,NORMAL
2026-01-01T10:40:30,tank01,normal,81.8,1.78,47.52,64.81,71.66,1.67,12.54,91.41,NORMAL
2026-01-01T10:40:35,tank01,normal,81.01,1.93,46.84,62.69,72.46,1.57,12.68,92.92,NORMAL
2026-01-01T10:40:40,tank01,low_quality,89.69,1.72,40.2,62.49,87.04,1.48,14.09,84.65,WARNING
2026-01-01T10:40:45,tank01,normal,81.49,1.85,47.62,63.66,74.52,1.63,12.8,91.98,NORMAL
2026-01-01T10:40:50,tank01,normal,81.08,1.84,47.07,61.97,75.49,1.61,12.87,92.39,NORMAL
2026-01-01T10:40:55,tank01,normal,79.65,1.83,48.42,60.7,74.04,1.47,12.69,93.08,NORMAL
2026-01-01T10:41:00,tank01,low_flow,80.18,2.07,33.49,63.63,75.28,1.45,13.17,91.15,WARNING
2026-01-01T10:41:05,tank01,normal,78.15,1.82,47.26,61.32,74.28,1.29,12.67,94.44,NORMAL
2026-01-01T10:41:10,tank01,normal,76.66,1.83,48.31,61.96,75.45,1.49,12.71,93.29,NORMAL
2026-01-01T10:41:15,tank01,low_flow,77.86,2.08,30.72,58.53,78.05,1.49,13.37,91.91,CRITICAL
2026-01-01T10:41:20,tank01,low_quality,85.0,1.93,40.48,61.66,86.3,1.5,14.0,89.24,WARNING
2026-01-01T10:41:25,tank01,normal,76.9,1.91,47.17,60.77,75.24,1.5,12.76,94.17,NORMAL
2026-01-01T10:41:30,tank01,normal,75.76,1.91,46.52,60.4,75.44,1.15,12.75,93.48,NORMAL
2026-01-01T10:41:35,tank01,high_temp,88.92,1.94,44.92,61.06,83.2,1.61,13.81,87.49,WARNING
2026-01-01T10:41:40,tank01,normal,75.6,1.85,44.79,61.27,73.22,1.11,12.56,93.38,NORMAL
2026-01-01T10:41:45,tank01,normal,74.13,1.97,43.63,58.9,73.12,1.5,12.6,92.62,NORMAL
2026-01-01T10:41:50,tank01,normal,74.38,1.98,44.27,61.03,74.87,1.54,12.74,92.99,NORMAL
2026-01-01T10:41:55,tank01,normal,76.29,1.96,43.84,61.96,71.61,1.44,12.54,94.24,NORMAL
2026-01-01T10:42:00,tank01,normal,73.8,2.0,41.91,60.32,74.22,1.36,12.72,92.07,NORMAL
2026-01-01T10:42:05,tank01,normal,74.2,2.02,43.98,60.32,74.56,1.69,12.74,92.79,NORMAL
2026-01-01T10:42:10,tank01,normal,72.83,1.94,44.04,57.76,70.86,1.66,12.35,91.56,NORMAL
2026-01-01T10:42:15,tank01,normal,74.31,1.99,42.25,60.35,74.97,1.67,12.79,92.5,NORMAL
2026-01-01T10:42:20,tank01,normal,73.62,2.11,41.8,63.57,71.45,1.68,12.57,91.35,NORMAL
2026-01-01T10:42:25,tank01,normal,74.19,2.05,43.28,61.76,71.41,1.22,12.52,92.44,NORMAL
2026-01-01T10:42:30,tank01,high_vibration,74.77,2.1,43.79,60.58,70.19,4.89,12.46,81.19,CRITICAL
2026-01-01T10:42:35,tank01,normal,74.47,2.04,43.38,63.11,69.62,1.72,12.38,92.73,NORMAL
2026-01-01T10:42:40,tank01,normal,74.91,1.99,43.38,64.4,68.64,1.69,12.28,93.25,NORMAL
2026-01-01T10:42:45,tank01,overpressure,75.25,3.03,43.44,62.66,68.75,1.72,12.92,88.41,CRITICAL
2026-01-01T10:42:50,tank01,normal,75.76,2.12,43.77,61.1,66.29,1.64,12.19,93.4,NORMAL
2026-01-01T10:42:55,tank01,normal,76.1,2.13,43.02,64.94,66.81,1.64,12.26,93.43,NORMAL
2026-01-01T10:43:00,tank01,normal,77.26,2.12,43.82,61.9,64.77,1.81,12.11,94.55,NORMAL
2026-01-01T10:43:05,tank01,normal,74.82,2.11,44.64,63.63,63.87,1.53,11.95,92.98,NORMAL
2026-01-01T10:43:10,tank01,high_temp,91.34,2.07,43.44,65.22,70.6,1.66,12.98,85.24,CRITICAL
2026-01-01T10:43:15,tank01,normal,77.2,2.11,44.46,66.41,63.68,1.7,12.01,94.7,NORMAL
2026-01-01T10:43:20,tank01,normal,78.11,2.18,46.28,65.4,64.06,1.53,12.08,94.72,NORMAL
2026-01-01T10:43:25,tank01,overpressure,79.15,3.07,45.36,64.86,64.35,1.59,12.68,89.71,CRITICAL
2026-01-01T10:43:30,tank01,normal,78.44,2.17,45.3,66.38,65.39,1.41,12.21,94.74,NORMAL
2026-01-01T10:43:35,tank01,normal,81.6,2.19,48.34,64.86,63.9,1.53,12.15,91.52,NORMAL
2026-01-01T10:43:40,tank01,normal,79.31,2.2,45.99,67.55,62.9,1.58,12.04,93.79,NORMAL
2026-01-01T10:43:45,tank01,normal,82.07,2.1,46.59,67.41,65.21,1.72,12.24,92.03,NORMAL
2026-01-01T10:43:50,tank01,normal,81.4,2.14,47.51,66.71,65.18,1.39,12.23,92.12,NORMAL
2026-01-01T10:43:55,tank01,normal,82.07,2.14,48.17,66.7,63.43,1.26,12.1,91.44,NORMAL
2026-01-01T10:44:00,tank01,normal,81.12,2.13,47.01,68.82,64.6,1.28,12.17,92.53,NORMAL
2026-01-01T10:44:05,tank01,low_flow,81.6,2.31,35.15,69.89,66.21,1.25,12.6,89.31,WARNING
2026-01-01T10:44:10,tank01,normal,80.69,2.14,47.88,69.54,65.83,1.27,12.25,92.56,NORMAL
2026-01-01T10:44:15,tank01,normal,81.79,2.11,47.07,71.94,66.36,1.48,12.32,92.1,NORMAL
2026-01-01T10:44:20,tank01,normal,82.21,2.06,46.92,69.08,66.23,1.31,12.3,92.05,NORMAL
2026-01-01T10:44:25,tank01,normal,82.36,2.04,46.96,69.59,62.58,1.41,12.0,92.02,NORMAL
2026-01-01T10:44:30,tank01,high_vibration,81.54,2.06,45.07,70.34,64.19,4.07,12.14,84.73,CRITICAL
2026-01-01T10:44:35,tank01,overpressure,82.3,3.04,44.77,68.92,68.44,1.26,13.09,87.53,CRITICAL
2026-01-01T10:44:40,tank01,normal,80.32,2.02,46.69,68.54,67.43,1.17,12.32,93.74,NORMAL
2026-01-01T10:44:45,tank01,low_flow,81.26,2.36,29.94,70.36,70.38,1.41,13.04,87.99,CRITICAL
2026-01-01T10:44:50,tank01,low_quality,89.16,2.0,35.74,68.82,79.73,1.77,13.72,85.31,WARNING
2026-01-01T10:44:55,tank01,normal,80.85,1.96,45.57,69.62,70.92,1.59,12.59,93.52,NORMAL
2026-01-01T10:45:00,tank01,normal,79.27,2.04,43.41,70.47,71.97,1.61,12.71,94.47,NORMAL
2026-01-01T10:45:05,tank01,normal,79.96,1.95,42.91,72.18,69.3,1.71,12.47,93.76,NORMAL
2026-01-01T10:45:10,tank01,normal,79.03,1.95,43.64,69.52,72.73,1.94,12.7,94.62,NORMAL
2026-01-01T10:45:15,tank01,normal,79.77,1.91,41.4,70.91,72.58,1.86,12.73,93.34,NORMAL
2026-01-01T10:45:20,tank01,normal,78.63,1.96,42.26,69.78,75.93,1.82,12.97,94.62,NORMAL
2026-01-01T10:45:25,tank01,normal,76.84,1.89,44.28,70.96,74.89,1.49,12.77,94.41,NORMAL
2026-01-01T10:45:30,tank01,low_quality,85.75,1.89,35.84,71.54,83.04,1.87,13.82,87.37,WARNING
2026-01-01T10:45:35,tank01,low_flow,76.11,2.19,28.86,69.35,74.77,1.73,13.14,89.62,CRITICAL
2026-01-01T10:45:40,tank01,normal,77.4,1.87,42.26,67.72,76.04,1.82,12.89,94.22,NORMAL
2026-01-01T10:45:45,tank01,low_quality,84.7,1.91,33.26,67.14,86.19,1.56,14.08,87.59,WARNING
2026-01-01T10:45:50,tank01,normal,74.97,1.84,41.36,66.31,77.48,1.76,12.93,92.0,NORMAL
2026-01-01T10:45:55,tank01,high_temp,90.62,1.88,41.76,65.82,84.46,1.48,13.97,85.1,CRITICAL
2026-01-01T10:46:00,tank01,normal,74.43,1.93,41.43,68.31,76.4,2.01,12.88,92.05,NORMAL
2026-01-01T10:46:05,tank01,normal,74.23,1.88,43.43,67.22,77.74,1.63,12.92,92.2,NORMAL
2026-01-01T10:46:10,tank01,normal,74.97,1.88,43.75,66.64,76.19,1.27,12.82,92.83,NORMAL
2026-01-01T10:46:15,tank01,normal,73.96,1.8,44.92,67.05,77.52,1.39,12.83,91.95,NORMAL
2026-01-01T10:46:20,tank01,normal,74.54,1.84,44.24,65.49,76.05,1.5,12.76,92.42,NORMAL
2026-01-01T10:46:25,tank01,normal,75.54,1.88,44.97,65.79,73.02,1.39,12.56,93.53,NORMAL
2026-01-01T10:46:30,tank01,normal,73.85,1.82,46.01,65.4,76.39,1.32,12.73,91.73,NORMAL
2026-01-01T10:46:35,tank01,normal,75.01,1.84,45.92,64.05,75.2,0.97,12.68,92.71,NORMAL
2026-01-01T10:46:40,tank01,normal,71.89,1.89,47.53,65.78,74.08,1.52,12.5,90.23,NORMAL
2026-01-01T10:46:45,tank01,low_quality,83.54,1.84,37.49,64.4,81.83,1.13,13.6,89.18,WARNING
2026-01-01T10:46:50,tank01,low_flow,74.7,2.15,30.53,63.24,71.83,1.3,12.82,89.16,CRITICAL
2026-01-01T10:46:55,tank01,normal,74.35,1.84,46.4,62.58,75.93,1.0,12.71,92.1,NORMAL
2026-01-01T10:47:00,tank01,normal,74.76,1.89,49.28,61.6,69.34,1.39,12.18,91.93,NORMAL
2026-01-01T10:47:05,tank01,normal,74.51,1.91,48.69,62.22,69.22,1.46,12.19,92.03,NORMAL
2026-01-01T10:47:10,tank01,low_flow,74.63,2.21,34.79,60.46,69.48,1.3,12.6,89.85,WARNING
2026-01-01T10:47:15,tank01,normal,75.98,1.93,47.58,62.97,70.7,1.43,12.38,93.5,NORMAL
2026-01-01T10:47:20,tank01,high_vibration,77.18,2.02,47.65,60.98,70.55,4.39,12.45,85.1,CRITICAL
2026-01-01T10:47:25,tank01,normal,75.86,2.04,47.97,59.9,69.08,1.3,12.31,93.43,NORMAL
2026-01-01T10:47:30,tank01,normal,76.21,2.0,47.85,58.94,67.01,1.71,12.13,93.93,NORMAL
2026-01-01T10:47:35,tank01,normal,79.24,2.02,46.8,59.57,67.93,1.63,12.32,94.53,NORMAL
2026-01-01T10:47:40,tank01,low_quality,86.51,2.02,38.24,60.04,76.3,1.54,13.34,87.83,WARNING
2026-01-01T10:47:45,tank01,normal,79.79,2.05,47.42,61.6,65.91,1.84,12.18,93.82,NORMAL
2026-01-01T10:47:50,tank01,normal,78.58,2.12,46.09,60.75,68.39,1.85,12.41,94.7,NORMAL
2026-01-01T10:47:55,tank01,normal,79.52,2.06,47.78,61.44,67.18,1.47,12.28,93.86,NORMAL
2026-01-01T10:48:00,tank01,normal,80.95,2.18,45.55,57.23,65.49,1.68,12.29,92.77,NORMAL
2026-01-01T10:48:05,tank01,normal,82.17,2.16,44.64,58.7,66.08,1.85,12.38,91.98,NORMAL
2026-01-01T10:48:10,tank01,normal,82.69,2.16,43.43,61.02,65.6,2.03,12.37,91.18,NORMAL
2026-01-01T10:48:15,tank01,high_temp,96.63,2.08,45.03,59.77,72.99,1.69,13.31,81.6,CRITICAL
2026-01-01T10:48:20,tank01,normal,80.64,2.12,44.06,63.75,64.08,1.54,12.16,93.19,NORMAL
2026-01-01T10:48:25,tank01,normal,80.92,2.19,43.61,61.32,64.4,1.56,12.24,92.51,NORMAL
2026-01-01T10:48:30,tank01,normal,81.1,2.08,42.44,60.19,65.15,1.62,12.25,92.65,NORMAL
2026-01-01T10:48:35,tank01,normal,82.78,2.12,42.34,59.67,63.58,1.51,12.2,91.17,NORMAL
2026-01-01T10:48:40,tank01,normal,81.83,2.15,40.43,63.9,66.4,1.46,12.45,91.23,NORMAL
2026-01-01T10:48:45,tank01,normal,82.86,2.04,42.25,60.98,65.81,1.34,12.34,91.48,NORMAL
2026-01-01T10:48:50,tank01,normal,81.88,2.17,39.02,61.81,64.84,1.34,12.36,90.76,NORMAL
2026-01-01T10:48:55,tank01,normal,82.78,2.17,41.8,62.94,66.0,1.32,12.44,90.77,NORMAL
2026-01-01T10:49:00,tank01,overpressure,81.63,3.16,42.77,62.19,65.83,1.54,12.97,86.93,CRITICAL
2026-01-01T10:49:05,tank01,normal,80.19,2.18,43.53,63.36,67.57,1.42,12.47,93.07,NORMAL
2026-01-01T10:49:10,tank01,normal,82.47,2.15,42.2,64.74,69.35,1.09,12.68,91.18,NORMAL
2026-01-01T10:49:15,tank01,normal,80.26,2.09,43.83,63.99,65.99,1.59,12.28,93.57,NORMAL
2026-01-01T10:49:20,tank01,normal,79.69,2.21,43.76,64.82,69.22,1.15,12.6,93.4,NORMAL
2026-01-01T10:49:25,tank01,normal,79.8,2.04,43.01,63.8,68.38,1.18,12.44,93.97,NORMAL
2026-01-01T10:49:30,tank01,normal,77.88,2.2,44.63,64.34,70.87,1.23,12.66,94.82,NORMAL
2026-01-01T10:49:35,tank01,normal,77.84,2.1,47.12,66.33,69.56,1.28,12.45,94.85,NORMAL
2026-01-01T10:49:40,tank01,normal,76.64,2.08,44.94,65.27,69.21,1.23,12.41,94.55,NORMAL
2026-01-01T10:49:45,tank01,low_flow,77.31,2.32,30.4,64.68,72.9,1.2,13.09,90.22,CRITICAL
2026-01-01T10:49:50,tank01,normal,76.67,2.12,47.64,68.97,73.29,1.25,12.72,93.73,NORMAL
2026-01-01T10:49:55,tank01,low_quality,84.95,2.03,38.72,68.85,82.89,1.33,13.82,89.06,NORMAL
2026-01-01T10:50:00,tank01,normal,76.07,2.03,47.01,66.44,71.95,1.43,12.55,93.91,NORMAL
2026-01-01T10:50:05,tank01,normal,73.7,1.94,47.43,68.37,74.32,1.44,12.61,91.88,NORMAL
2026-01-01T10:50:10,tank01,normal,74.29,1.94,48.71,67.67,74.74,1.65,12.64,91.98,NORMAL
2026-01-01T10:50:15,tank01,normal,75.03,2.04,48.92,69.4,75.05,1.61,12.74,92.61,NORMAL
2026-01-01T10:50:20,tank01,low_quality,82.3,1.88,39.81,67.9,85.89,1.98,13.87,90.85,NORMAL
2026-01-01T10:50:25,tank01,normal,73.43,1.88,48.04,68.59,76.25,1.71,12.71,91.2,NORMAL
2026-01-01T10:50:30,tank01,normal,73.83,1.84,48.4,68.25,73.83,1.78,12.5,91.23,NORMAL
2026-01-01T10:50:35,tank01,high_temp,87.5,1.93,47.27,68.65,82.04,1.93,13.64,87.94,WARNING
2026-01-01T10:50:40,tank01,overpressure,73.53,2.85,48.33,69.06,75.95,1.86,13.27,87.54,CRITICAL
2026-01-01T10:50:45,tank01,normal,74.39,1.8,47.07,68.17,76.21,1.77,12.7,91.77,NORMAL
2026-01-01T10:50:50,tank01,normal,74.12,1.91,46.82,68.43,76.0,1.64,12.75,92.2,NORMAL
2026-01-01T10:50:55,tank01,normal,74.23,1.91,46.81,72.17,77.89,1.36,12.9,92.26,NORMAL
2026-01-01T10:51:00,tank01,normal,73.81,1.87,46.84,71.51,74.74,1.55,12.61,91.77,NORMAL
2026-01-01T10:51:05,tank01,low_quality,81.88,1.84,37.74,70.74,84.59,1.72,13.76,90.46,WARNING
2026-01-01T10:51:10,tank01,normal,75.94,1.81,44.46,71.13,78.53,1.75,12.98,93.37,NORMAL
2026-01-01T10:51:15,tank01,normal,76.2,1.83,44.39,72.98,77.35,1.44,12.91,93.64,NORMAL
2026-01-01T10:51:20,tank01,normal,77.74,1.8,42.11,67.53,78.01,1.54,13.02,94.08,NORMAL
2026-01-01T10:51:25,tank01,normal,76.21,1.79,43.35,69.77,73.97,1.56,12.63,93.2,NORMAL
2026-01-01T10:51:30,tank01,normal,77.12,1.81,43.39,68.17,71.64,1.29,12.48,94.01,NORMAL
2026-01-01T10:51:35,tank01,low_quality,84.87,1.84,33.73,70.65,83.62,1.33,13.83,87.21,WARNING
2026-01-01T10:51:40,tank01,overpressure,77.22,2.92,41.35,69.02,70.23,1.46,13.07,89.88,CRITICAL
2026-01-01T10:51:45,tank01,high_temp,93.91,1.93,42.38,71.47,79.77,1.5,13.72,83.05,CRITICAL
2026-01-01T10:51:50,tank01,low_quality,88.13,1.9,35.0,68.63,82.3,1.51,13.84,85.42,WARNING
2026-01-01T10:51:55,tank01,normal,80.02,1.9,42.8,67.94,72.17,1.3,12.67,93.44,NORMAL
2026-01-01T10:52:00,tank01,overpressure,80.25,2.87,43.14,67.47,70.3,1.36,13.11,89.48,CRITICAL
2026-01-01T10:52:05,tank01,normal,80.34,1.78,42.22,69.27,68.54,1.39,12.33,92.45,NORMAL
2026-01-01T10:52:10,tank01,high_temp,94.52,1.8,39.56,67.81,76.94,1.01,13.48,81.23,CRITICAL
2026-01-01T10:52:15,tank01,normal,80.53,1.92,42.62,67.19,66.28,0.99,12.23,93.12,NORMAL
2026-01-01T10:52:20,tank01,high_temp,94.95,1.93,42.8,63.45,72.85,1.25,13.19,82.36,CRITICAL
2026-01-01T10:52:25,tank01,normal,81.89,1.92,43.91,66.63,66.77,1.28,12.29,92.39,NORMAL
2026-01-01T10:52:30,tank01,normal,82.62,1.98,43.64,65.81,65.44,1.17,12.25,92.11,NORMAL
2026-01-01T10:52:35,tank01,normal,81.99,1.89,44.77,64.5,64.27,1.18,12.07,92.42,NORMAL
2026-01-01T10:52:40,tank01,normal,81.64,2.01,45.32,65.35,65.82,1.35,12.24,93.12,NORMAL
2026-01-01T10:52:45,tank01,normal,82.16,2.02,44.45,65.42,64.35,1.44,12.16,92.62,NORMAL
2026-01-01T10:52:50,tank01,high_temp,95.55,1.92,43.87,63.86,69.15,1.35,12.89,82.16,CRITICAL
2026-01-01T10:52:55,tank01,normal,81.38,2.09,46.81,62.53,63.62,1.51,12.08,92.59,NORMAL
2026-01-01T10:53:00,tank01,normal,82.33,2.14,45.93,63.9,61.36,1.42,11.97,91.84,NORMAL
2026-01-01T10:53:05,tank01,low_flow,81.64,2.29,31.63,65.13,63.36,1.67,12.42,88.49,CRITICAL
2026-01-01T10:53:10,tank01,normal,81.2,2.05,48.78,63.42,61.13,1.62,11.83,92.39,NORMAL
2026-01-01T10:53:15,tank01,normal,79.82,2.14,47.27,60.26,65.02,1.72,12.17,93.39,NORMAL
2026-01-01T10:53:20,tank01,overpressure,80.53,3.07,49.54,62.8,63.73,1.68,12.61,87.63,CRITICAL
2026-01-01T10:53:25,tank01,normal,80.77,2.14,48.55,62.25,61.85,1.61,11.93,92.32,NORMAL
2026-01-01T10:53:30,tank01,normal,77.95,2.13,49.02,63.06,64.64,1.63,12.05,94.32,NORMAL
2026-01-01T10:53:35,tank01,normal,78.21,2.15,47.7,60.78,65.32,1.51,12.15,94.42,NORMAL
2026-01-01T10:53:40,tank01,high_temp,93.23,2.14,47.95,60.93,75.83,1.69,13.43,83.16,CRITICAL
2026-01-01T10:53:45,tank01,normal,78.08,2.13,46.94,62.49,66.84,1.43,12.26,94.8,NORMAL
2026-01-01T10:53:50,tank01,normal,78.23,2.26,48.6,61.7,65.26,1.55,12.2,93.62,NORMAL
2026-01-01T10:53:55,tank01,low_flow,77.01,2.33,31.45,56.8,66.38,1.75,12.55,90.22,CRITICAL
2026-01-01T10:54:00,tank01,low_flow,75.88,2.4,31.43,60.87,67.03,1.48,12.61,89.02,CRITICAL
2026-01-01T10:54:05,tank01,normal,75.45,2.14,44.6,59.81,70.12,1.69,12.49,93.29,NORMAL
2026-01-01T10:54:10,tank01,normal,75.5,2.14,45.46,60.27,68.82,1.44,12.37,93.32,NORMAL
2026-01-01T10:54:15,tank01,normal,75.9,2.14,45.17,61.11,69.03,1.51,12.41,93.66,NORMAL
2026-01-01T10:54:20,tank01,normal,74.13,2.13,44.04,59.67,71.17,1.46,12.53,92.21,NORMAL
2026-01-01T10:54:25,tank01,normal,74.13,2.2,43.05,61.71,71.44,1.19,12.61,91.61,NORMAL
2026-01-01T10:54:30,tank01,normal,74.15,2.06,44.28,60.39,69.28,1.47,12.34,92.64,NORMAL
2026-01-01T10:54:35,tank01,normal,73.17,2.06,44.52,60.41,70.07,1.04,12.37,91.97,NORMAL
2026-01-01T10:54:40,tank01,high_vibration,74.19,2.12,42.85,60.75,74.07,4.4,12.78,82.38,CRITICAL
2026-01-01T10:54:45,tank01,low_flow,74.73,2.39,27.47,60.53,72.73,1.22,13.08,87.22,CRITICAL
2026-01-01T10:54:50,tank01,overpressure,74.86,3.19,40.22,60.79,72.61,1.3,13.37,86.49,CRITICAL
2026-01-01T10:54:55,tank01,low_flow,73.78,2.32,27.06,61.69,76.65,1.43,13.33,86.76,CRITICAL
2026-01-01T10:55:00,tank01,normal,74.04,2.09,40.82,60.48,74.75,1.21,12.84,91.56,NORMAL
2026-01-01T10:55:05,tank01,normal,74.4,2.09,41.83,60.42,75.0,1.21,12.86,92.03,NORMAL
2026-01-01T10:55:10,tank01,normal,74.09,2.11,43.66,63.06,76.11,1.32,12.92,92.19,NORMAL
2026-01-01T10:55:15,tank01,low_quality,82.31,2.04,34.22,60.17,86.08,1.43,14.07,89.86,WARNING
2026-01-01T10:55:20,tank01,normal,75.38,2.07,41.71,64.08,74.89,1.87,12.87,92.85,NORMAL
2026-01-01T10:55:25,tank01,high_vibration,75.93,1.99,42.07,63.78,75.76,4.67,12.9,82.98,CRITICAL
2026-01-01T10:55:30,tank01,normal,76.39,1.91,44.43,62.29,75.82,1.44,12.84,94.22,NORMAL
2026-01-01T10:55:35,tank01,normal,75.96,1.95,44.3,63.58,77.56,1.59,12.99,94.07,NORMAL
2026-01-01T10:55:40,tank01,low_flow,78.07,2.22,30.28,64.54,78.51,1.75,13.5,91.18,CRITICAL
2026-01-01T10:55:45,tank01,normal,77.9,1.91,44.51,63.4,76.08,1.57,12.9,95.35,NORMAL
2026-01-01T10:55:50,tank01,normal,77.72,1.87,45.01,65.59,75.78,1.73,12.84,95.11,NORMAL
2026-01-01T10:55:55,tank01,normal,77.16,1.89,45.69,63.89,74.11,1.64,12.69,94.64,NORMAL
2026-01-01T10:56:00,tank01,normal,78.55,1.87,46.1,66.96,74.0,1.8,12.71,94.64,NORMAL
2026-01-01T10:56:05,tank01,overpressure,80.18,2.82,48.31,65.45,72.65,1.58,13.18,89.45,CRITICAL
2026-01-01T10:56:10,tank01,high_temp,93.48,1.92,45.77,66.91,79.9,1.78,13.66,83.78,CRITICAL
2026-01-01T10:56:15,tank01,overpressure,80.37,2.86,47.83,69.01,73.29,1.66,13.27,89.21,CRITICAL
2026-01-01T10:56:20,tank01,normal,80.74,1.84,48.33,68.51,73.32,1.58,12.66,92.29,NORMAL
2026-01-01T10:56:25,tank01,normal,79.79,1.87,47.66,68.68,72.44,1.59,12.6,93.33,NORMAL
2026-01-01T10:56:30,tank01,high_temp,95.27,1.85,47.45,67.47,77.25,1.76,13.44,81.71,CRITICAL
2026-01-01T10:56:35,tank01,normal,82.22,1.87,48.4,68.63,67.84,1.48,12.29,91.31,NORMAL
2026-01-01T10:56:40,tank01,normal,81.22,1.84,47.17,69.48,70.76,1.31,12.49,92.25,NORMAL
2026-01-01T10:56:45,tank01,high_temp,95.5,1.87,47.55,66.11,75.66,1.33,13.33,81.58,CRITICAL
2026-01-01T10:56:50,tank01,normal,81.29,1.87,47.41,69.43,70.52,1.31,12.49,92.27,NORMAL
2026-01-01T10:56:55,tank01,overpressure,81.73,2.92,46.28,70.48,68.79,1.19,13.01,88.3,CRITICAL
2026-01-01T10:57:00,tank01,low_flow,81.46,2.16,31.46,70.36,67.28,1.3,12.65,89.2,CRITICAL
2026-01-01T10:57:05,tank01,high_temp,96.15,1.89,46.89,69.5,75.55,1.35,13.36,81.36,CRITICAL
2026-01-01T10:57:10,tank01,low_quality,89.13,1.88,36.99,71.43,78.65,1.47,13.54,85.03,WARNING
2026-01-01T10:57:15,tank01,normal,81.94,1.93,45.34,71.72,66.35,1.36,12.25,92.63,NORMAL
2026-01-01T10:57:20,tank01,normal,81.76,1.87,45.94,68.68,65.96,1.48,12.16,92.31,NORMAL
2026-01-01T10:57:25,tank01,normal,81.31,1.87,43.2,69.03,61.68,1.01,11.85,92.41,NORMAL
2026-01-01T10:57:30,tank01,low_flow,79.94,2.3,30.07,70.66,61.99,1.24,12.29,89.32,CRITICAL
2026-01-01T10:57:35,tank01,low_quality,88.18,1.89,36.16,72.32,76.36,1.22,13.35,85.62,WARNING
2026-01-01T10:57:40,tank01,normal,79.13,1.97,42.8,68.53,64.6,1.43,12.08,94.45,NORMAL
2026-01-01T10:57:45,tank01,normal,79.07,1.96,43.61,68.44,66.0,1.4,12.17,94.64,NORMAL
2026-01-01T10:57:50,tank01,normal,78.38,2.04,44.09,68.82,62.9,1.48,11.95,95.26,NORMAL
2026-01-01T10:57:55,tank01,low_flow,77.26,2.28,25.55,68.12,62.22,1.59,12.28,89.16,CRITICAL
2026-01-01T10:58:00,tank01,low_flow,78.44,2.21,27.86,67.67,64.34,1.28,12.41,90.35,CRITICAL
2026-01-01T10:58:05,tank01,normal,77.26,1.93,43.01,69.71,66.0,1.77,12.11,94.58,NORMAL
2026-01-01T10:58:10,tank01,normal,75.99,1.99,42.71,69.89,63.96,1.85,11.95,93.88,NORMAL
2026-01-01T10:58:15,tank01,overpressure,74.92,3.02,43.4,66.04,65.56,1.59,12.65,88.21,CRITICAL
2026-01-01T10:58:20,tank01,low_flow,75.98,2.28,27.4,66.0,63.66,1.74,12.33,88.66,CRITICAL
2026-01-01T10:58:25,tank01,low_quality,84.43,2.1,35.41,67.92,77.07,1.86,13.43,88.26,WARNING
2026-01-01T10:58:30,tank01,normal,73.56,2.15,42.17,66.76,66.78,1.88,12.2,91.23,NORMAL
2026-01-01T10:58:35,tank01,low_quality,82.86,2.17,34.22,68.54,78.74,1.58,13.58,88.8,WARNING
2026-01-01T10:58:40,tank01,overpressure,73.29,3.11,43.05,66.49,68.03,1.59,12.86,86.45,CRITICAL
2026-01-01T10:58:45,tank01,normal,73.79,2.17,42.31,63.27,69.72,1.57,12.46,91.34,NORMAL
2026-01-01T10:58:50,tank01,normal,75.53,2.15,44.29,64.57,68.93,1.48,12.41,93.22,NORMAL
2026-01-01T10:58:55,tank01,normal,73.83,2.12,43.46,64.86,68.25,1.82,12.29,91.89,NORMAL
2026-01-01T10:59:00,tank01,high_vibration,74.21,2.21,45.22,64.43,71.61,4.34,12.6,82.71,CRITICAL
2026-01-01T10:59:05,tank01,low_flow,74.29,2.36,29.51,66.85,72.87,1.78,13.03,87.56,CRITICAL
2026-01-01T10:59:10,tank01,low_flow,73.78,2.42,29.73,63.03,72.12,1.44,12.99,86.94,CRITICAL
2026-01-01T10:59:15,tank01,overpressure,75.23,3.08,47.28,65.42,74.28,1.5,13.34,87.98,CRITICAL
2026-01-01T10:59:20,tank01,normal,73.12,2.08,44.43,66.07,75.78,1.74,12.84,91.77,NORMAL
2026-01-01T10:59:25,tank01,normal,74.9,2.17,47.7,64.47,74.49,1.17,12.79,92.17,NORMAL
2026-01-01T10:59:30,tank01,normal,75.86,2.13,48.79,63.15,75.64,1.49,12.87,92.81,NORMAL
2026-01-01T10:59:35,tank01,normal,75.47,2.12,47.32,62.6,73.6,1.28,12.72,92.92,NORMAL
2026-01-01T10:59:40,tank01,normal,75.13,2.15,48.83,63.38,74.94,1.45,12.81,92.14,NORMAL
2026-01-01T10:59:45,tank01,normal,75.48,2.13,47.89,62.25,74.74,1.15,12.8,92.76,NORMAL
2026-01-01T10:59:50,tank01,normal,75.5,2.17,47.4,59.83,74.35,1.46,12.81,92.67,NORMAL
2026-01-01T10:59:55,tank01,normal,78.19,2.05,48.81,58.58,79.44,1.1,13.2,94.67,NORMAL
2026-01-01T11:00:00,tank01,normal,78.06,2.09,47.73,60.51,77.93,1.22,13.11,94.84,NORMAL
2026-01-01T11:00:05,tank01,normal,78.81,2.07,47.07,60.7,78.3,1.58,13.17,94.5,NORMAL
2026-01-01T11:00:10,tank01,normal,79.27,2.05,47.9,59.77,72.64,1.41,12.7,94.05,NORMAL
2026-01-01T11:00:15,tank01,normal,80.01,2.21,47.87,59.25,76.75,1.41,13.15,92.7,NORMAL
2026-01-01T11:00:20,tank01,normal,79.9,2.09,47.45,57.15,75.15,1.55,12.95,93.51,NORMAL
2026-01-01T11:00:25,tank01,normal,80.94,2.02,46.2,61.27,77.13,1.31,13.12,93.41,NORMAL
2026-01-01T11:00:30,tank01,normal,79.5,1.97,45.93,61.39,78.28,1.56,13.14,94.48,NORMAL
2026-01-01T11:00:35,tank01,normal,82.35,2.02,44.18,60.41,76.65,1.57,13.15,92.43,NORMAL
2026-01-01T11:00:40,tank01,high_temp,95.65,1.94,42.34,59.44,84.75,1.41,14.18,81.78,CRITICAL
2026-01-01T11:00:45,tank01,normal,79.74,1.96,45.4,61.13,72.29,1.35,12.67,94.38,NORMAL
2026-01-01T11:00:50,tank01,overpressure,80.45,2.9,43.9,60.66,69.76,1.57,13.08,89.38,CRITICAL
2026-01-01T11:00:55,tank01,normal,80.63,1.91,41.57,60.42,72.38,1.58,12.73,92.74,NORMAL
2026-01-01T11:01:00,tank01,normal,82.72,1.83,40.9,59.88,73.2,1.6,12.82,90.6,NORMAL
2026-01-01T11:01:05,tank01,high_temp,95.92,1.92,42.6,62.65,80.35,1.68,13.82,81.57,CRITICAL
2026-01-01T11:01:10,tank01,low_flow,80.89,2.11,25.96,61.68,73.05,1.69,13.15,88.54,CRITICAL
2026-01-01T11:01:15,tank01,high_temp,94.33,1.96,42.13,62.37,78.9,1.62,13.68,82.82,CRITICAL
2026-01-01T11:01:20,tank01,low_flow,81.68,2.13,26.64,61.3,70.59,1.61,12.98,87.99,CRITICAL
2026-01-01T11:01:25,tank01,normal,81.28,1.9,43.39,61.64,69.28,1.65,12.47,92.62,NORMAL
2026-01-01T11:01:30,tank01,normal,83.12,1.86,41.79,60.93,69.1,1.7,12.51,90.64,NORMAL
2026-01-01T11:01:35,tank01,normal,81.21,1.85,41.61,61.95,66.79,1.73,12.27,92.0,NORMAL
2026-01-01T11:01:40,tank01,normal,81.59,1.87,42.71,61.83,65.64,1.68,12.18,92.08,NORMAL
2026-01-01T11:01:45,tank01,normal,80.02,1.85,43.97,65.27,68.21,1.59,12.31,93.48,NORMAL
2026-01-01T11:01:50,tank01,normal,78.7,1.8,42.74,62.26,68.36,1.48,12.27,93.92,NORMAL
2026-01-01T11:01:55,tank01,high_temp,92.59,1.85,45.04,65.76,72.57,1.68,13.02,84.29,CRITICAL
2026-01-01T11:02:00,tank01,normal,77.98,1.8,44.03,65.64,63.8,1.39,11.86,94.74,NORMAL
2026-01-01T11:02:05,tank01,low_flow,79.33,2.06,28.94,65.18,66.37,1.69,12.49,90.66,CRITICAL
2026-01-01T11:02:10,tank01,normal,77.37,1.88,45.38,63.45,66.71,1.4,12.11,94.83,NORMAL
2026-01-01T11:02:15,tank01,normal,77.67,1.74,46.88,66.26,66.12,1.31,11.96,93.98,NORMAL
2026-01-01T11:02:20,tank01,normal,76.45,1.89,44.77,64.15,61.8,1.31,11.7,94.24,NORMAL
2026-01-01T11:02:25,tank01,normal,76.68,1.84,45.7,65.77,64.05,1.04,11.85,94.05,NORMAL
2026-01-01T11:02:30,tank01,normal,75.88,1.89,46.18,65.39,64.38,1.16,11.87,93.56,NORMAL
2026-01-01T11:02:35,tank01,high_temp,90.36,1.85,48.38,65.71,70.15,1.46,12.71,85.15,CRITICAL
2026-01-01T11:02:40,tank01,normal,74.9,1.92,47.39,66.92,64.87,1.26,11.88,92.66,NORMAL
2026-01-01T11:02:45,tank01,high_temp,89.17,1.89,48.29,69.24,70.82,1.37,12.75,86.28,WARNING
2026-01-01T11:02:50,tank01,normal,75.03,1.88,48.23,69.07,66.68,1.29,11.99,92.36,NORMAL
2026-01-01T11:02:55,tank01,high_temp,89.11,1.88,48.31,67.8,74.57,1.31,13.04,86.25,WARNING
2026-01-01T11:03:00,tank01,high_vibration,73.8,1.96,47.38,69.35,63.84,4.11,11.79,83.6,CRITICAL
2026-01-01T11:03:05,tank01,normal,74.13,1.9,48.34,68.77,67.01,1.41,12.0,91.78,NORMAL
2026-01-01T11:03:10,tank01,low_quality,82.91,2.1,39.87,71.13,74.95,1.67,13.15,90.51,NORMAL
2026-01-01T11:03:15,tank01,high_temp,89.3,2.07,47.75,69.29,74.26,1.4,13.15,86.48,WARNING
2026-01-01T11:03:20,tank01,normal,73.52,1.98,49.12,68.87,66.93,1.56,12.01,91.51,NORMAL
2026-01-01T11:03:25,tank01,normal,73.05,2.05,46.9,69.04,68.51,1.81,12.2,91.57,NORMAL
2026-01-01T11:03:30,tank01,normal,74.03,2.0,44.35,68.63,69.72,1.75,12.34,92.84,NORMAL
2026-01-01T11:03:35,tank01,normal,75.65,2.09,45.36,68.44,69.02,1.71,12.36,93.71,NORMAL
2026-01-01T11:03:40,tank01,low_flow,75.2,2.37,29.75,71.17,69.11,1.8,12.76,88.22,CRITICAL
2026-01-01T11:03:45,tank01,normal,75.29,2.05,45.95,68.54,67.53,1.74,12.2,93.49,NORMAL
2026-01-01T11:03:50,tank01,normal,75.85,2.16,44.37,69.66,72.2,1.67,12.68,93.44,NORMAL
2026-01-01T11:03:55,tank01,overpressure,75.85,3.05,45.45,71.74,71.82,1.66,13.17,89.03,CRITICAL
2026-01-01T11:04:00,tank01,normal,75.62,2.14,43.74,69.58,70.91,1.59,12.57,93.18,NORMAL
2026-01-01T11:04:05,tank01,normal,77.12,2.11,42.21,69.77,74.92,1.88,12.94,94.11,NORMAL
2026-01-01T11:04:10,tank01,normal,78.12,2.1,42.84,70.02,72.17,1.88,12.74,94.86,NORMAL
2026-01-01T11:04:15,tank01,low_flow,77.91,2.4,26.63,71.11,71.36,1.6,13.09,89.33,CRITICAL
2026-01-01T11:04:20,tank01,normal,78.03,2.16,42.66,70.24,73.77,1.69,12.9,94.58,NORMAL
2026-01-01T11:04:25,tank01,high_temp,92.66,2.09,41.39,70.12,85.51,1.47,14.26,83.63,CRITICAL
2026-01-01T11:04:30,tank01,normal,79.36,2.08,42.21,69.05,78.44,1.41,13.27,93.87,NORMAL
2026-01-01T11:04:35,tank01,low_quality,88.38,2.1,33.82,68.74,87.38,1.2,14.39,84.92,WARNING
2026-01-01T11:04:40,tank01,normal,80.71,2.1,42.36,69.56,76.19,1.79,13.14,92.8,NORMAL
2026-01-01T11:04:45,tank01,normal,82.03,2.07,43.16,65.58,76.3,1.34,13.16,92.17,NORMAL
2026-01-01T11:04:50,tank01,normal,81.06,2.15,43.06,68.75,75.1,1.32,13.08,92.48,NORMAL
2026-01-01T11:04:55,tank01,normal,80.94,2.22,42.18,66.55,71.8,1.08,12.87,91.98,NORMAL
2026-01-01T11:05:00,tank01,normal,80.12,2.12,44.09,66.29,73.89,1.38,12.93,93.57,NORMAL
2026-01-01T11:05:05,tank01,normal,82.93,2.09,43.96,66.04,74.57,1.44,13.05,91.59,NORMAL
2026-01-01T11:05:10,tank01,high_temp,96.33,2.14,44.96,68.45,80.88,1.26,13.97,81.52,CRITICAL
2026-01-01T11:05:15,tank01,normal,80.58,2.07,44.83,64.33,76.2,1.35,13.08,93.69,NORMAL
2026-01-01T11:05:20,tank01,normal,82.03,2.07,45.24,65.18,74.79,1.33,13.01,92.55,NORMAL
2026-01-01T11:05:25,tank01,normal,81.93,2.1,46.63,65.88,74.19,1.35,12.96,92.13,NORMAL
2026-01-01T11:05:30,tank01,normal,80.81,2.06,47.18,64.55,74.79,1.06,12.94,93.03,NORMAL
2026-01-01T11:05:35,tank01,normal,81.0,2.11,45.93,64.74,72.08,1.42,12.77,92.96,NORMAL
2026-01-01T11:05:40,tank01,overpressure,81.98,3.01,46.34,62.1,73.33,1.22,13.44,87.64,CRITICAL
2026-01-01T11:05:45,tank01,normal,81.83,1.97,47.34,61.51,71.48,1.45,12.65,92.39,NORMAL
2026-01-01T11:05:50,tank01,normal,81.31,2.03,48.97,63.04,72.6,1.77,12.73,92.37,NORMAL
2026-01-01T11:05:55,tank01,high_temp,95.31,1.95,50.09,61.36,80.3,1.5,13.7,81.47,CRITICAL
2026-01-01T11:06:00,tank01,normal,78.92,1.93,46.87,60.37,73.2,1.34,12.68,94.51,NORMAL
2026-01-01T11:06:05,tank01,high_temp,93.74,1.88,46.89,60.49,77.95,1.82,13.47,83.12,CRITICAL
2026-01-01T11:06:10,tank01,normal,79.48,2.0,47.73,60.24,66.31,1.51,12.17,94.2,NORMAL
2026-01-01T11:06:15,tank01,normal,77.76,1.91,46.87,61.54,66.96,1.48,12.13,94.89,NORMAL
2026-01-01T11:06:20,tank01,overpressure,78.19,3.0,47.02,63.41,66.78,1.64,12.78,90.36,CRITICAL
2026-01-01T11:06:25,tank01,normal,77.92,1.82,46.15,59.2,67.92,1.85,12.17,94.75,NORMAL
2026-01-01T11:06:30,tank01,low_flow,77.47,2.1,32.11,60.97,67.11,1.72,12.47,91.9,WARNING
2026-01-01T11:06:35,tank01,normal,77.18,1.85,45.44,59.93,67.44,1.8,12.14,94.5,NORMAL
2026-01-01T11:06:40,tank01,overpressure,75.51,2.93,44.16,59.12,65.67,1.76,12.61,89.28,CRITICAL
2026-01-01T11:06:45,tank01,low_flow,75.59,2.09,30.79,58.86,65.96,1.36,12.34,90.19,CRITICAL
2026-01-01T11:06:50,tank01,normal,75.98,1.95,44.94,61.52,62.05,1.4,11.74,94.21,NORMAL
2026-01-01T11:06:55,tank01,overpressure,73.93,2.85,43.79,59.55,65.13,1.83,12.48,88.41,CRITICAL
2026-01-01T11:07:00,tank01,high_temp,87.92,1.89,44.58,61.63,71.87,1.58,12.86,87.93,WARNING
2026-01-01T11:07:05,tank01,low_flow,74.36,1.93,28.67,59.34,63.9,1.63,12.07,88.82,CRITICAL
2026-01-01T11:07:10,tank01,high_vibration,73.28,1.78,43.9,59.02,64.45,4.5,11.76,81.05,CRITICAL
2026-01-01T11:07:15,tank01,low_flow,74.34,2.13,27.55,57.87,64.22,1.41,12.23,88.24,CRITICAL
2026-01-01T11:07:20,tank01,normal,72.77,1.82,42.35,59.01,63.86,1.42,11.75,90.49,NORMAL
2026-01-01T11:07:25,tank01,normal,72.86,1.87,42.21,60.02,63.42,1.3,11.75,90.8,NORMAL
2026-01-01T11:07:30,tank01,normal,73.3,1.9,42.39,62.61,67.65,1.55,12.11,91.3,NORMAL
2026-01-01T11:07:35,tank01,normal,74.65,1.88,42.37,61.98,66.32,1.47,12.04,92.24,NORMAL
2026-01-01T11:07:40,tank01,high_temp,87.53,1.9,41.85,61.27,71.02,1.15,12.82,87.55,WARNING
2026-01-01T11:07:45,tank01,normal,75.27,1.93,42.48,62.48,67.1,1.47,12.14,92.95,NORMAL
2026-01-01T11:07:50,tank01,normal,74.75,1.83,43.61,61.35,66.72,1.26,12.02,92.37,NORMAL
2026-01-01T11:07:55,tank01,normal,75.27,1.9,41.63,62.07,65.35,1.47,12.0,92.62,NORMAL
2026-01-01T11:08:00,tank01,normal,74.11,1.96,43.38,61.07,68.89,1.49,12.26,92.46,NORMAL
2026-01-01T11:08:05,tank01,normal,76.63,1.97,43.5,61.62,66.87,1.3,12.18,94.43,NORMAL
2026-01-01T11:08:10,tank01,normal,77.74,1.96,44.1,63.71,67.89,1.47,12.28,95.38,NORMAL
2026-01-01T11:08:15,tank01,low_flow,75.99,2.18,27.47,66.53,68.2,1.14,12.63,89.22,CRITICAL
2026-01-01T11:08:20,tank01,normal,77.47,1.91,44.74,63.82,68.36,1.29,12.27,95.1,NORMAL
2026-01-01T11:08:25,tank01,normal,77.71,1.95,45.43,65.08,70.78,1.49,12.48,95.4,NORMAL
2026-01-01T11:08:30,tank01,normal,77.86,2.04,45.13,66.45,69.51,1.86,12.44,95.67,NORMAL
2026-01-01T11:08:35,tank01,normal,80.89,2.05,47.2,64.5,75.86,1.65,13.02,93.03,NORMAL
2026-01-01T11:08:40,tank01,high_vibration,78.82,2.07,46.8,67.0,71.47,4.62,12.62,84.13,CRITICAL
2026-01-01T11:08:45,tank01,normal,81.12,2.09,47.81,66.37,72.82,1.62,12.8,92.51,NORMAL
2026-01-01T11:08:50,tank01,normal,80.82,2.1,46.1,64.95,72.55,1.77,12.8,93.1,NORMAL
2026-01-01T11:08:55,tank01,overpressure,81.32,3.02,47.14,66.75,73.43,1.57,13.42,87.89,CRITICAL
2026-01-01T11:09:00,tank01,normal,81.87,2.15,48.54,67.1,70.91,1.7,12.69,91.48,NORMAL
2026-01-01T11:09:05,tank01,normal,80.23,2.19,47.8,68.52,72.57,1.78,12.81,92.69,NORMAL
2026-01-01T11:09:10,tank01,low_quality,89.04,2.16,40.31,69.22,84.36,1.7,14.11,85.77,WARNING
2026-01-01T11:09:15,tank01,low_flow,81.8,2.43,33.86,69.69,75.71,1.41,13.46,88.22,WARNING
2026-01-01T11:09:20,tank01,normal,82.11,2.14,49.25,67.86,75.0,1.64,13.01,91.17,NORMAL
2026-01-01T11:09:25,tank01,normal,82.02,2.12,48.29,70.45,74.1,1.58,12.94,91.57,NORMAL
2026-01-01T11:09:30,tank01,low_flow,81.57,2.35,32.6,69.67,75.19,1.2,13.38,88.49,WARNING
2026-01-01T11:09:35,tank01,high_temp,95.42,2.16,48.1,69.95,84.04,1.73,14.16,81.38,CRITICAL
2026-01-01T11:09:40,tank01,normal,82.03,2.16,47.36,68.92,74.79,1.5,13.03,91.6,NORMAL
2026-01-01T11:09:45,tank01,normal,81.78,2.12,46.29,69.61,74.99,1.45,13.03,92.24,NORMAL
2026-01-01T11:09:50,tank01,normal,80.65,2.14,45.03,70.51,75.68,1.48,13.08,93.3,NORMAL
2026-01-01T11:09:55,tank01,normal,81.63,2.15,44.53,67.85,75.91,1.55,13.14,92.43,NORMAL
2026-01-01T11:10:00,tank01,low_flow,81.51,2.37,29.87,71.29,72.94,1.55,13.25,87.76,CRITICAL
2026-01-01T11:10:05,tank01,normal,79.53,2.1,45.08,68.35,74.37,1.35,12.92,94.31,NORMAL
2026-01-01T11:10:10,tank01,low_quality,87.26,2.16,35.62,70.91,82.18,1.19,13.95,85.91,WARNING
2026-01-01T11:10:15,tank01,low_flow,80.51,2.39,28.24,69.29,73.82,1.34,13.33,87.97,CRITICAL
2026-01-01T11:10:20,tank01,normal,78.17,2.08,43.38,69.53,72.74,1.05,12.76,95.07,NORMAL
2026-01-01T11:10:25,tank01,overpressure,78.11,3.07,43.39,69.55,73.27,1.3,13.4,90.16,CRITICAL
2026-01-01T11:10:30,tank01,low_flow,79.1,2.36,25.79,69.32,71.27,1.58,13.1,88.59,CRITICAL
2026-01-01T11:10:35,tank01,low_flow,78.26,2.31,25.06,66.88,70.07,1.16,12.96,89.29,CRITICAL
2026-01-01T11:10:40,tank01,normal,76.02,2.02,42.41,67.79,69.64,1.3,12.43,93.76,NORMAL
2026-01-01T11:10:45,tank01,normal,76.3,2.06,42.16,69.56,71.78,1.43,12.64,93.69,NORMAL
2026-01-01T11:10:50,tank01,normal,76.17,2.07,41.77,68.98,69.16,1.02,12.43,93.49,NORMAL
2026-01-01T11:10:55,tank01,normal,74.82,1.98,44.66,65.89,68.58,1.45,12.25,93.44,NORMAL
2026-01-01T11:11:00,tank01,high_temp,89.71,1.99,39.89,69.13,75.99,1.46,13.37,85.89,WARNING
2026-01-01T11:11:05,tank01,normal,73.48,1.98,42.04,67.08,67.98,1.55,12.2,91.78,NORMAL
2026-01-01T11:11:10,tank01,normal,74.56,1.97,43.32,65.29,69.83,1.76,12.35,92.83,NORMAL
2026-01-01T11:11:15,tank01,high_vibration,75.75,1.93,43.41,68.31,66.42,4.41,12.09,83.95,CRITICAL
2026-01-01T11:11:20,tank01,normal,75.26,1.89,43.24,66.31,69.02,1.9,12.26,92.95,NORMAL
2026-01-01T11:11:25,tank01,low_quality,81.97,1.87,34.55,63.48,77.04,1.58,13.23,89.77,WARNING
2026-01-01T11:11:30,tank01,low_flow,75.28,2.06,31.39,64.16,64.76,1.76,12.21,90.24,CRITICAL
2026-01-01T11:11:35,tank01,high_temp,86.43,1.94,44.51,65.98,74.44,1.61,13.04,89.25,WARNING
2026-01-01T11:11:40,tank01,normal,73.2,1.89,46.22,64.49,64.85,1.59,11.83,91.56,NORMAL
2026-01-01T11:11:45,tank01,normal,73.28,1.9,47.59,65.31,65.01,1.57,11.82,91.29,NORMAL
2026-01-01T11:11:50,tank01,normal,74.06,1.86,46.37,63.22,65.8,1.95,11.91,92.02,NORMAL
2026-01-01T11:11:55,tank01,normal,73.38,1.82,46.23,62.49,64.71,1.62,11.78,91.34,NORMAL
2026-01-01T11:12:00,tank01,high_temp,87.37,1.94,46.5,60.8,71.77,1.6,12.83,88.29,WARNING
2026-01-01T11:12:05,tank01,normal,74.42,1.92,47.53,64.59,64.49,1.46,11.83,92.28,NORMAL
2026-01-01T11:12:10,tank01,normal,77.22,1.88,47.47,61.54,63.58,1.89,11.82,94.21,NORMAL
2026-01-01T11:12:15,tank01,high_temp,89.32,1.83,47.65,62.19,74.28,1.46,13.01,86.02,WARNING
2026-01-01T11:12:20,tank01,overpressure,75.81,2.79,48.53,63.05,67.35,1.28,12.61,89.53,WARNING
2026-01-01T11:12:25,tank01,high_temp,90.68,1.92,47.46,61.81,72.95,1.67,13.0,85.46,CRITICAL
2026-01-01T11:12:30,tank01,normal,76.73,1.87,47.97,61.02,64.91,1.4,11.89,93.63,NORMAL
2026-01-01T11:12:35,tank01,normal,78.64,1.85,47.76,58.48,64.47,1.49,11.91,94.09,NORMAL
2026-01-01T11:12:40,tank01,normal,77.35,1.86,47.54,59.69,64.75,1.32,11.9,94.18,NORMAL
2026-01-01T11:12:45,tank01,normal,77.64,1.8,47.5,61.05,62.58,1.39,11.7,94.11,NORMAL
2026-01-01T11:12:50,tank01,high_temp,92.38,1.9,45.53,60.97,76.9,1.36,13.38,84.57,CRITICAL
2026-01-01T11:12:55,tank01,normal,80.33,1.83,46.27,58.18,66.78,1.5,12.15,93.06,NORMAL
2026-01-01T11:13:00,tank01,normal,81.4,1.73,46.74,58.68,69.82,1.37,12.36,91.66,NORMAL
2026-01-01T11:13:05,tank01,high_temp,95.22,1.88,45.51,59.96,77.62,1.5,13.51,82.34,CRITICAL
2026-01-01T11:13:10,tank01,normal,80.26,2.0,45.28,60.1,71.34,1.25,12.64,94.24,NORMAL
2026-01-01T11:13:15,tank01,normal,81.56,1.95,44.9,60.64,71.96,1.36,12.7,93.06,NORMAL
2026-01-01T11:13:20,tank01,normal,82.58,1.96,43.52,60.36,71.71,1.19,12.74,91.97,NORMAL
2026-01-01T11:13:25,tank01,high_vibration,81.74,1.87,43.83,60.88,69.84,4.33,12.51,82.93,CRITICAL
2026-01-01T11:13:30,tank01,normal,79.98,1.94,42.72,57.96,71.04,1.48,12.6,93.63,NORMAL
2026-01-01T11:13:35,tank01,normal,82.54,2.01,39.69,60.1,74.11,1.19,13.01,91.23,NORMAL
2026-01-01T11:13:40,tank01,normal,82.98,1.97,43.42,60.23,72.58,1.38,12.83,91.72,NORMAL
2026-01-01T11:13:45,tank01,low_flow,81.97,2.4,26.16,61.96,71.22,1.68,13.21,86.29,CRITICAL
2026-01-01T11:13:50,tank01,normal,81.2,2.13,42.73,61.79,74.77,1.72,13.06,92.38,NORMAL
2026-01-01T11:13:55,tank01,normal,82.53,2.09,41.77,59.7,77.36,1.7,13.29,91.34,NORMAL
2026-01-01T11:14:00,tank01,normal,80.66,2.12,41.03,63.05,75.18,1.7,13.09,92.41,NORMAL
2026-01-01T11:14:05,tank01,normal,81.06,2.06,42.73,60.83,76.11,1.4,13.11,92.85,NORMAL
2026-01-01T11:14:10,tank01,normal,80.53,2.13,42.27,61.88,74.74,1.68,13.04,92.75,NORMAL
2026-01-01T11:14:15,tank01,normal,81.34,2.12,43.82,63.34,75.25,1.6,13.07,92.6,NORMAL
2026-01-01T11:14:20,tank01,normal,79.03,2.1,43.34,64.13,74.96,1.8,12.98,94.32,NORMAL
2026-01-01T11:14:25,tank01,overpressure,79.92,3.04,42.51,63.18,75.45,1.69,13.62,88.74,CRITICAL
2026-01-01T11:14:30,tank01,low_flow,79.15,2.39,29.05,63.03,74.53,1.74,13.33,89.22,CRITICAL
2026-01-01T11:14:35,tank01,high_temp,91.76,2.22,42.92,63.53,83.11,1.78,14.09,84.03,CRITICAL
2026-01-01T11:14:40,tank01,normal,78.45,2.05,45.3,64.97,76.2,1.52,13.0,95.32,NORMAL
2026-01-01T11:14:45,tank01,low_flow,78.67,2.33,30.68,64.67,72.93,1.71,13.13,90.25,CRITICAL
2026-01-01T11:14:50,tank01,normal,76.6,2.18,45.31,65.14,76.74,1.64,13.06,94.0,NORMAL
2026-01-01T11:14:55,tank01,normal,76.97,2.18,46.63,66.99,76.71,1.46,13.05,93.94,NORMAL
2026-01-01T11:15:00,tank01,normal,77.14,2.1,45.82,66.7,73.77,1.27,12.79,94.66,NORMAL
2026-01-01T11:15:05,tank01,normal,76.2,2.17,47.0,66.36,70.24,1.73,12.5,93.31,NORMAL
2026-01-01T11:15:10,tank01,normal,76.35,2.13,46.54,67.14,74.8,1.5,12.85,93.74,NORMAL
2026-01-01T11:15:15,tank01,low_quality,83.95,2.15,38.79,67.51,80.69,0.92,13.68,89.26,NORMAL
2026-01-01T11:15:20,tank01,normal,75.08,2.11,46.1,66.36,68.7,1.43,12.32,92.97,NORMAL
2026-01-01T11:15:25,tank01,normal,74.75,2.08,48.9,68.26,70.44,1.41,12.39,92.2,NORMAL
2026-01-01T11:15:30,tank01,low_flow,75.41,2.41,33.26,68.41,68.78,1.29,12.71,89.09,WARNING
2026-01-01T11:15:35,tank01,high_temp,87.54,2.11,47.26,70.2,75.29,1.47,13.21,87.71,WARNING
2026-01-01T11:15:40,tank01,normal,71.99,2.05,47.23,68.26,68.36,1.48,12.15,90.67,NORMAL
2026-01-01T11:15:45,tank01,normal,74.73,2.13,47.58,67.93,68.92,1.21,12.32,92.24,NORMAL
2026-01-01T11:15:50,tank01,high_temp,88.27,2.07,46.86,68.4,74.79,1.46,13.17,87.48,WARNING
2026-01-01T11:15:55,tank01,normal,73.9,2.08,47.54,72.03,69.46,1.58,12.31,91.86,NORMAL
2026-01-01T11:16:00,tank01,normal,74.09,1.99,46.68,68.18,65.82,0.97,11.98,92.62,NORMAL
2026-01-01T11:16:05,tank01,high_temp,87.44,1.97,46.91,70.57,74.06,1.16,13.03,88.29,WARNING
2026-01-01T11:16:10,tank01,normal,74.47,2.09,45.54,68.59,68.21,1.51,12.26,92.79,NORMAL
2026-01-01T11:16:15,tank01,normal,74.75,2.02,46.01,70.6,64.38,1.28,11.92,93.19,NORMAL
2026-01-01T11:16:20,tank01,normal,76.09,1.93,44.08,70.58,65.85,1.57,12.05,94.0,NORMAL
2026-01-01T11:16:25,tank01,normal,76.95,1.99,44.28,69.11,63.97,1.4,11.95,94.97,NORMAL
2026-01-01T11:16:30,tank01,normal,75.9,1.93,44.72,67.84,67.09,1.63,12.13,94.02,NORMAL
2026-01-01T11:16:35,tank01,overpressure,77.09,2.86,41.8,69.58,62.68,1.74,12.42,90.2,CRITICAL
2026-01-01T11:16:40,tank01,normal,78.54,1.88,42.53,70.21,63.91,2.0,11.96,94.36,NORMAL
2026-01-01T11:16:45,tank01,low_quality,85.7,1.97,34.81,68.69,72.66,1.65,13.04,87.53,WARNING
2026-01-01T11:16:50,tank01,normal,77.81,1.88,41.96,67.76,66.43,1.72,12.15,94.52,NORMAL
2026-01-01T11:16:55,tank01,high_temp,93.13,1.82,42.18,70.59,73.35,1.83,13.12,83.07,CRITICAL
2026-01-01T11:17:00,tank01,normal,78.38,1.8,41.87,66.56,63.17,1.63,11.86,93.92,NORMAL
2026-01-01T11:17:05,tank01,normal,79.24,1.87,43.05,67.22,69.33,1.86,12.4,93.94,NORMAL
2026-01-01T11:17:10,tank01,normal,79.77,1.85,41.36,68.23,64.55,1.69,12.05,93.04,NORMAL
2026-01-01T11:17:15,tank01,normal,80.88,1.87,42.07,66.16,65.75,1.49,12.17,92.44,NORMAL
2026-01-01T11:17:20,tank01,normal,80.72,1.96,43.1,65.9,65.52,1.56,12.19,93.31,NORMAL
2026-01-01T11:17:25,tank01,normal,80.89,1.84,45.35,66.51,65.86,1.43,12.12,92.96,NORMAL
2026-01-01T11:17:30,tank01,normal,82.28,1.74,40.77,65.26,65.6,1.52,12.15,90.44,NORMAL
2026-01-01T11:17:35,tank01,normal,80.11,1.8,43.77,66.79,68.11,1.47,12.27,93.09,NORMAL
2026-01-01T11:17:40,tank01,normal,81.98,1.85,43.68,64.74,67.97,1.49,12.35,91.91,NORMAL
2026-01-01T11:17:45,tank01,high_vibration,80.84,1.85,43.94,64.08,69.86,4.26,12.46,83.83,CRITICAL
2026-01-01T11:17:50,tank01,normal,82.33,1.86,44.73,66.13,70.33,1.27,12.54,91.98,NORMAL
2026-01-01T11:17:55,tank01,high_vibration,82.07,1.93,46.65,63.85,70.24,4.3,12.54,82.95,CRITICAL
2026-01-01T11:18:00,tank01,normal,82.76,1.89,44.64,65.14,72.62,1.16,12.75,91.77,NORMAL
2026-01-01T11:18:05,tank01,normal,81.15,1.97,44.98,62.58,72.04,1.27,12.7,93.49,NORMAL
2026-01-01T11:18:10,tank01,normal,81.54,1.88,47.31,62.33,73.15,1.43,12.71,92.15,NORMAL
2026-01-01T11:18:15,tank01,low_flow,83.11,2.1,31.39,62.31,73.41,1.31,13.16,88.25,CRITICAL
2026-01-01T11:18:20,tank01,high_temp,92.97,1.96,47.05,61.52,81.89,1.32,13.81,84.06,CRITICAL
2026-01-01T11:18:25,tank01,normal,81.16,1.9,48.08,62.53,76.74,0.92,12.99,92.35,NORMAL
2026-01-01T11:18:30,tank01,normal,79.89,2.02,47.51,61.78,72.08,1.12,12.66,93.85,NORMAL
2026-01-01T11:18:35,tank01,normal,79.87,1.89,47.84,61.58,75.4,1.12,12.85,93.34,NORMAL
2026-01-01T11:18:40,tank01,normal,78.64,1.95,48.69,62.46,73.46,1.31,12.67,94.34,NORMAL
2026-01-01T11:18:45,tank01,normal,77.7,1.92,46.8,60.78,73.93,1.37,12.7,94.93,NORMAL
2026-01-01T11:18:50,tank01,normal,79.03,2.03,47.2,59.24,75.94,1.42,12.96,94.52,NORMAL
2026-01-01T11:18:55,tank01,normal,78.08,1.96,46.36,62.34,73.05,1.38,12.66,95.38,NORMAL
2026-01-01T11:19:00,tank01,normal,76.96,2.01,47.63,60.19,77.87,1.38,13.03,94.53,NORMAL
2026-01-01T11:19:05,tank01,normal,77.48,1.98,45.31,59.2,76.08,1.62,12.92,95.42,NORMAL
2026-01-01T11:19:10,tank01,low_quality,84.27,2.05,40.19,59.26,85.32,1.69,13.98,89.85,NORMAL
2026-01-01T11:19:15,tank01,normal,75.21,2.07,45.04,62.83,74.1,1.69,12.75,93.52,NORMAL
2026-01-01T11:19:20,tank01,high_temp,89.3,2.05,45.09,61.57,83.61,1.61,13.92,87.24,WARNING
2026-01-01T11:19:25,tank01,normal,75.65,2.03,44.71,61.61,72.18,1.5,12.59,93.99,NORMAL
2026-01-01T11:19:30,tank01,normal,75.0,2.13,45.21,59.64,73.39,1.61,12.72,93.07,NORMAL
2026-01-01T11:19:35,tank01,low_flow,75.84,2.29,28.84,62.01,74.28,1.78,13.16,88.9,CRITICAL
2026-01-01T11:19:40,tank01,low_flow,73.93,2.41,26.81,60.37,72.78,1.93,13.08,86.37,CRITICAL
2026-01-01T11:19:45,tank01,normal,74.4,2.11,43.59,59.34,74.49,1.47,12.8,92.41,NORMAL
2026-01-01T11:19:50,tank01,normal,74.01,2.12,41.09,62.06,74.01,1.56,12.8,91.44,NORMAL
2026-01-01T11:19:55,tank01,low_quality,81.47,2.15,35.59,62.39,81.24,1.64,13.7,90.3,WARNING
2026-01-01T11:20:00,tank01,normal,73.36,2.13,41.94,58.77,72.18,1.59,12.62,91.1,NORMAL
2026-01-01T11:20:05,tank01,normal,75.49,2.12,42.64,62.77,70.65,1.44,12.55,92.94,NORMAL
2026-01-01T11:20:10,tank01,normal,73.55,2.17,43.87,60.27,70.62,1.37,12.5,91.51,NORMAL
2026-01-01T11:20:15,tank01,normal,75.14,2.17,40.73,60.96,70.17,1.45,12.56,91.96,NORMAL
2026-01-01T11:20:20,tank01,normal,75.79,2.14,43.16,59.91,71.02,1.61,12.59,93.2,NORMAL
2026-01-01T11:20:25,tank01,normal,75.14,2.16,43.38,60.98,68.63,1.67,12.39,92.63,NORMAL
2026-01-01T11:20:30,tank01,low_flow,76.35,2.41,27.62,62.99,69.05,1.43,12.85,88.36,CRITICAL
2026-01-01T11:20:35,tank01,normal,77.76,2.15,42.81,64.94,67.65,1.33,12.39,94.55,NORMAL
2026-01-01T11:20:40,tank01,normal,76.42,2.06,42.9,64.35,66.77,1.24,12.23,93.97,NORMAL
2026-01-01T11:20:45,tank01,normal,75.6,2.13,42.06,62.8,65.27,1.35,12.14,92.81,NORMAL
2026-01-01T11:20:50,tank01,normal,78.45,2.08,42.89,65.29,68.05,1.23,12.41,94.71,NORMAL
2026-01-01T11:20:55,tank01,normal,78.2,2.14,45.18,62.63,67.87,1.46,12.38,95.1,NORMAL
2026-01-01T11:21:00,tank01,high_temp,92.69,2.1,45.93,65.42,70.81,1.24,13.02,84.24,CRITICAL
2026-01-01T11:21:05,tank01,normal,78.99,2.12,44.93,68.58,64.95,1.09,12.17,94.62,NORMAL
2026-01-01T11:21:10,tank01,normal,77.48,2.04,46.19,68.36,65.29,1.51,12.08,95.1,NORMAL
2026-01-01T11:21:15,tank01,normal,79.44,2.11,47.47,66.65,64.73,1.56,12.11,93.77,NORMAL
2026-01-01T11:21:20,tank01,low_quality,89.71,2.03,39.92,66.14,70.25,1.31,12.93,85.81,WARNING
2026-01-01T11:21:25,tank01,normal,80.69,2.13,47.68,65.5,64.91,1.34,12.17,92.67,NORMAL
2026-01-01T11:21:30,tank01,normal,81.51,2.01,46.67,67.93,64.01,1.55,12.07,92.88,NORMAL
2026-01-01T11:21:35,tank01,normal,80.61,1.95,47.21,68.75,64.5,1.63,12.04,93.26,NORMAL
2026-01-01T11:21:40,tank01,low_flow,80.6,2.19,32.18,69.95,65.83,1.69,12.51,89.91,WARNING
2026-01-01T11:21:45,tank01,high_temp,95.52,1.88,46.47,67.0,73.26,1.65,13.16,81.91,CRITICAL
2026-01-01T11:21:50,tank01,normal,82.18,1.82,50.15,70.74,66.43,1.66,12.12,90.7,NORMAL
2026-01-01T11:21:55,tank01,normal,83.08,1.9,49.18,69.65,65.68,1.7,12.15,90.65,NORMAL
2026-01-01T11:22:00,tank01,high_temp,95.59,1.94,48.53,66.73,73.79,1.63,13.21,81.63,CRITICAL
2026-01-01T11:22:05,tank01,normal,82.32,1.9,48.05,70.43,65.47,1.94,12.13,91.52,NORMAL
2026-01-01T11:22:10,tank01,normal,82.11,1.88,47.59,70.68,68.36,1.39,12.35,91.67,NORMAL
2026-01-01T11:22:15,tank01,normal,82.2,1.91,46.58,69.03,70.49,1.42,12.55,91.98,NORMAL
2026-01-01T11:22:20,tank01,normal,81.34,1.84,45.42,68.64,69.49,1.71,12.42,92.58,NORMAL
2026-01-01T11:22:25,tank01,low_quality,87.97,1.87,37.29,67.74,77.1,1.71,13.37,85.95,WARNING
2026-01-01T11:22:30,tank01,high_vibration,80.75,1.8,45.15,70.21,69.91,4.88,12.42,81.34,CRITICAL
2026-01-01T11:22:35,tank01,normal,81.48,1.86,46.01,69.55,72.81,1.56,12.69,92.43,NORMAL
2026-01-01T11:22:40,tank01,normal,79.9,1.79,45.14,69.99,73.78,1.45,12.7,93.49,NORMAL
2026-01-01T11:22:45,tank01,normal,78.62,1.85,43.85,69.46,69.56,1.47,12.37,94.48,NORMAL
2026-01-01T11:22:50,tank01,high_vibration,81.75,1.81,42.74,71.22,75.18,4.25,12.91,82.66,CRITICAL
2026-01-01T11:22:55,tank01,normal,78.97,1.81,42.17,70.77,73.68,1.56,12.72,93.64,NORMAL
2026-01-01T11:23:00,tank01,normal,80.36,1.9,41.58,68.84,72.46,1.29,12.72,92.88,NORMAL
2026-01-01T11:23:05,tank01,normal,79.22,1.81,43.43,69.85,73.57,1.21,12.7,93.74,NORMAL
2026-01-01T11:23:10,tank01,normal,77.24,1.83,41.46,69.2,73.39,1.13,12.66,93.69,NORMAL
2026-01-01T11:23:15,tank01,low_quality,84.41,1.81,33.76,70.36,86.24,1.29,14.01,87.46,WARNING
2026-01-01T11:23:20,tank01,normal,77.41,1.88,40.75,70.17,75.93,1.42,12.91,93.89,NORMAL
2026-01-01T11:23:25,tank01,normal,75.02,1.82,42.6,68.6,74.66,1.38,12.68,92.26,NORMAL
2026-01-01T11:23:30,tank01,overpressure,75.76,2.92,41.6,67.73,76.62,1.34,13.53,88.87,CRITICAL
2026-01-01T11:23:35,tank01,high_vibration,75.09,1.88,42.55,66.56,76.24,4.26,12.84,83.57,CRITICAL
2026-01-01T11:23:40,tank01,high_temp,89.11,1.93,43.38,66.42,83.36,1.2,13.85,86.89,WARNING
2026-01-01T11:23:45,tank01,normal,74.69,1.87,43.9,66.07,76.04,1.43,12.79,92.61,NORMAL
2026-01-01T11:23:50,tank01,high_vibration,75.04,1.98,43.46,67.05,77.04,4.32,12.95,84.0,CRITICAL
2026-01-01T11:23:55,tank01,normal,75.94,1.93,42.36,66.55,77.72,1.4,13.02,93.46,NORMAL
2026-01-01T11:24:00,tank01,low_quality,80.56,2.01,36.53,65.2,83.93,1.33,13.79,91.92,WARNING
2026-01-01T11:24:05,tank01,normal,74.13,2.01,45.42,64.93,73.86,1.21,12.66,92.96,NORMAL
2026-01-01T11:24:10,tank01,low_flow,74.34,2.24,29.53,65.83,76.48,1.6,13.25,88.19,CRITICAL
2026-01-01T11:24:15,tank01,normal,75.14,2.03,46.75,64.36,75.76,1.64,12.83,93.25,NORMAL
2026-01-01T11:24:20,tank01,normal,73.97,1.98,46.64,65.1,74.81,1.58,12.69,92.45,NORMAL
2026-01-01T11:24:25,tank01,low_flow,74.31,2.27,30.49,65.65,74.05,1.45,13.06,88.25,CRITICAL
2026-01-01T11:24:30,tank01,high_vibration,74.42,1.99,46.19,62.63,73.34,4.48,12.6,83.05,CRITICAL
2026-01-01T11:24:35,tank01,normal,74.23,2.12,48.44,63.55,71.54,1.91,12.5,91.69,NORMAL
2026-01-01T11:24:40,tank01,high_temp,88.04,2.11,48.62,63.25,80.34,1.71,13.6,87.03,WARNING
2026-01-01T11:24:45,tank01,low_quality,83.34,2.13,38.26,61.58,80.4,1.64,13.64,89.64,NORMAL
2026-01-01T11:24:50,tank01,normal,74.72,2.2,46.78,61.64,72.76,1.54,12.68,92.11,NORMAL
2026-01-01T11:24:55,tank01,normal,77.2,2.11,48.38,61.6,69.0,1.68,12.38,93.99,NORMAL
2026-01-01T11:25:00,tank01,high_temp,91.15,2.14,46.77,60.62,75.2,1.62,13.34,84.98,CRITICAL
2026-01-01T11:25:05,tank01,low_flow,77.65,2.46,33.2,61.65,68.29,1.82,12.77,90.49,WARNING
2026-01-01T11:25:10,tank01,normal,78.1,2.17,47.6,59.21,69.16,1.72,12.46,94.44,NORMAL
2026-01-01T11:25:15,tank01,low_quality,85.8,2.2,39.36,60.64,78.82,1.73,13.61,87.74,WARNING
2026-01-01T11:25:20,tank01,normal,79.52,2.16,48.98,61.2,66.41,1.45,12.26,93.08,NORMAL
2026-01-01T11:25:25,tank01,normal,79.27,2.09,46.84,59.68,67.02,1.43,12.29,94.13,NORMAL
2026-01-01T11:25:30,tank01,high_temp,95.25,2.17,46.39,60.48,73.49,1.51,13.34,81.85,CRITICAL
2026-01-01T11:25:35,tank01,normal,80.73,2.22,46.02,59.05,65.58,1.32,12.31,92.6,NORMAL
2026-01-01T11:25:40,tank01,low_flow,80.0,2.41,30.48,59.69,64.13,1.37,12.52,88.84,CRITICAL
2026-01-01T11:25:45,tank01,normal,81.54,2.14,43.89,59.29,66.28,1.21,12.38,92.35,NORMAL
2026-01-01T11:25:50,tank01,high_temp,94.6,2.14,42.77,58.55,73.68,1.54,13.38,82.28,CRITICAL
2026-01-01T11:25:55,tank01,normal,82.63,2.18,43.54,62.42,64.01,1.04,12.26,91.24,NORMAL
2026-01-01T11:26:00,tank01,normal,81.43,2.14,41.79,59.35,64.26,1.38,12.24,91.94,NORMAL
2026-01-01T11:26:05,tank01,normal,81.16,2.11,42.07,59.98,65.56,1.06,12.31,92.37,NORMAL
2026-01-01T11:26:10,tank01,high_vibration,80.69,2.12,43.24,59.81,62.98,3.97,12.08,85.06,WARNING
2026-01-01T11:26:15,tank01,normal,81.2,2.08,41.81,61.54,63.56,1.56,12.14,92.41,NORMAL
2026-01-01T11:26:20,tank01,normal,81.46,2.03,39.84,62.39,63.52,1.15,12.14,91.99,NORMAL
2026-01-01T11:26:25,tank01,normal,81.95,2.11,43.32,61.35,63.4,1.48,12.15,92.08,NORMAL
2026-01-01T11:26:30,tank01,normal,81.85,2.07,42.34,61.14,64.66,1.47,12.23,92.12,NORMAL
2026-01-01T11:26:35,tank01,normal,81.03,2.04,42.46,60.89,63.98,1.24,12.14,92.88,NORMAL
2026-01-01T11:26:40,tank01,normal,81.82,2.07,42.97,60.82,67.5,1.41,12.45,92.26,NORMAL
2026-01-01T11:26:45,tank01,normal,82.73,1.99,41.35,61.22,66.98,1.47,12.41,91.48,NORMAL
2026-01-01T11:26:50,tank01,normal,79.84,2.07,43.78,63.75,66.27,1.44,12.28,93.97,NORMAL
2026-01-01T11:26:55,tank01,normal,79.67,2.0,44.65,65.63,70.97,1.56,12.6,94.66,NORMAL
2026-01-01T11:27:00,tank01,low_quality,87.83,2.0,36.54,64.23,78.13,1.73,13.54,86.5,WARNING
2026-01-01T11:27:05,tank01,normal,79.64,1.86,43.97,64.6,70.06,1.4,12.45,93.8,NORMAL
2026-01-01T11:27:10,tank01,normal,77.93,1.95,44.26,63.39,66.87,1.72,12.2,95.53,NORMAL
2026-01-01T11:27:15,tank01,high_vibration,77.49,1.9,44.45,66.09,67.18,4.52,12.17,84.88,CRITICAL
2026-01-01T11:27:20,tank01,low_flow,77.41,2.24,31.47,64.37,71.91,1.65,12.95,90.99,CRITICAL
2026-01-01T11:27:25,tank01,normal,76.46,1.93,46.48,64.83,73.06,1.62,12.6,94.13,NORMAL
2026-01-01T11:27:30,tank01,normal,76.88,1.88,46.56,67.12,73.08,1.76,12.58,94.16,NORMAL
2026-01-01T11:27:35,tank01,normal,74.44,1.85,44.96,65.37,75.58,1.55,12.71,92.56,NORMAL
2026-01-01T11:27:40,tank01,normal,76.34,1.89,47.25,65.36,71.51,1.98,12.44,93.64,NORMAL
2026-01-01T11:27:45,tank01,normal,74.09,1.92,48.22,69.48,73.74,1.8,12.55,91.85,NORMAL
2026-01-01T11:27:50,tank01,low_quality,83.48,1.89,39.19,64.23,84.0,1.75,13.77,89.9,NORMAL
2026-01-01T11:27:55,tank01,high_vibration,74.05,2.02,49.15,67.55,73.62,4.5,12.59,81.87,CRITICAL
2026-01-01T11:28:00,tank01,overpressure,75.8,2.82,47.74,69.36,74.13,1.75,13.18,89.58,CRITICAL
2026-01-01T11:28:05,tank01,normal,73.71,1.84,48.07,67.81,77.53,1.43,12.79,91.19,NORMAL
2026-01-01T11:28:10,tank01,normal,72.9,1.84,49.45,70.91,77.08,1.14,12.71,90.24,NORMAL
2026-01-01T11:28:15,tank01,normal,74.57,1.89,47.38,69.02,76.92,1.36,12.81,92.27,NORMAL
2026-01-01T11:28:20,tank01,normal,72.63,1.96,47.17,71.9,72.96,1.51,12.48,91.22,NORMAL
2026-01-01T11:28:25,tank01,low_flow,73.96,2.21,31.42,68.11,77.67,1.4,13.29,88.52,CRITICAL
2026-01-01T11:28:30,tank01,normal,74.76,1.93,46.93,69.48,73.35,1.27,12.57,92.75,NORMAL
2026-01-01T11:28:35,tank01,overpressure,74.58,2.85,45.5,70.29,74.55,1.24,13.23,89.07,CRITICAL
2026-01-01T11:28:40,tank01,normal,74.9,1.94,47.49,71.63,75.45,1.26,12.74,92.76,NORMAL
2026-01-01T11:28:45,tank01,low_flow,74.39,2.06,31.31,67.42,78.67,1.43,13.29,89.56,CRITICAL
2026-01-01T11:28:50,tank01,normal,74.48,1.85,45.19,70.08,76.9,1.55,12.82,92.58,NORMAL
2026-01-01T11:28:55,tank01,normal,76.03,1.96,43.93,71.58,75.54,1.3,12.84,94.03,NORMAL
2026-01-01T11:29:00,tank01,normal,75.3,2.06,43.85,69.35,76.62,1.22,12.97,93.38,NORMAL
2026-01-01T11:29:05,tank01,normal,76.17,1.94,45.52,69.74,74.24,1.47,12.7,94.18,NORMAL
2026-01-01T11:29:10,tank01,normal,76.6,1.99,43.23,68.99,73.03,1.21,12.69,94.46,NORMAL
2026-01-01T11:29:15,tank01,normal,77.13,1.88,42.95,68.49,72.07,1.07,12.57,94.25,NORMAL
2026-01-01T11:29:20,tank01,normal,78.78,1.95,42.62,70.24,73.27,1.68,12.76,94.57,NORMAL
2026-01-01T11:29:25,tank01,low_flow,77.2,2.29,27.64,70.53,71.53,1.52,13.0,89.62,CRITICAL
2026-01-01T11:29:30,tank01,normal,77.64,2.04,43.42,67.53,71.15,1.46,12.59,95.15,NORMAL
2026-01-01T11:29:35,tank01,normal,78.48,2.07,43.01,68.42,70.68,1.63,12.6,94.8,NORMAL
2026-01-01T11:29:40,tank01,low_quality,88.29,2.06,32.77,67.04,80.9,1.76,13.87,84.91,WARNING
2026-01-01T11:29:45,tank01,normal,80.7,2.03,42.96,68.85,69.33,1.72,12.54,93.32,NORMAL
2026-01-01T11:29:50,tank01,normal,82.77,2.04,42.67,70.73,67.37,1.49,12.46,91.64,NORMAL
2026-01-01T11:29:55,tank01,normal,82.32,2.15,41.65,65.35,65.52,1.79,12.37,91.19,NORMAL
2026-01-01T11:30:00,tank01,normal,82.17,2.04,42.04,67.11,67.09,1.62,12.42,91.94,NORMAL
2026-01-01T11:30:05,tank01,normal,82.1,2.11,43.02,65.93,69.73,1.6,12.66,91.89,NORMAL
2026-01-01T11:30:10,tank01,normal,80.86,2.06,42.83,70.14,63.4,2.06,12.09,92.75,NORMAL
2026-01-01T11:30:15,tank01,overpressure,80.73,3.1,43.4,64.19,66.12,1.6,12.92,88.05,CRITICAL
2026-01-01T11:30:20,tank01,low_quality,89.33,2.17,37.12,63.85,76.14,1.64,13.51,84.7,WARNING
2026-01-01T11:30:25,tank01,normal,82.48,2.12,46.35,63.66,62.09,1.65,12.02,91.69,NORMAL
2026-01-01T11:30:30,tank01,normal,81.37,2.1,45.39,66.32,63.76,1.58,12.12,92.89,NORMAL
2026-01-01T11:30:35,tank01,normal,81.16,2.15,47.43,61.81,64.54,1.32,12.18,92.26,NORMAL
2026-01-01T11:30:40,tank01,normal,82.86,2.16,46.68,64.86,63.67,1.53,12.17,91.15,NORMAL
2026-01-01T11:30:45,tank01,low_flow,81.17,2.37,32.4,62.1,63.65,1.5,12.46,88.63,WARNING
2026-01-01T11:30:50,tank01,high_temp,95.26,2.13,46.79,64.33,73.08,1.09,13.28,81.95,CRITICAL
2026-01-01T11:30:55,tank01,normal,80.3,2.18,47.5,62.09,61.01,1.25,11.89,92.74,NORMAL
2026-01-01T11:31:00,tank01,normal,80.37,2.14,48.15,61.98,63.85,1.16,12.08,92.73,NORMAL
2026-01-01T11:31:05,tank01,normal,79.66,2.19,47.57,62.45,64.39,1.33,12.14,93.17,NORMAL
2026-01-01T11:31:10,tank01,normal,79.63,2.18,48.08,61.72,63.15,1.16,12.03,93.12,NORMAL
2026-01-01T11:31:15,tank01,normal,79.14,2.09,47.22,63.92,62.81,1.19,11.95,94.12,NORMAL
2026-01-01T11:31:20,tank01,normal,79.47,2.09,46.6,60.65,63.86,1.41,12.05,94.06,NORMAL
2026-01-01T11:31:25,tank01,normal,78.31,2.12,46.66,60.84,67.72,1.4,12.34,94.74,NORMAL
2026-01-01T11:31:30,tank01,low_flow,78.49,2.38,32.34,60.3,68.69,1.26,12.8,90.55,WARNING
2026-01-01T11:31:35,tank01,low_quality,84.32,2.06,38.31,60.07,78.91,1.04,13.5,89.31,NORMAL
2026-01-01T11:31:40,tank01,high_vibration,76.04,1.96,46.48,59.26,68.1,4.41,12.21,84.3,CRITICAL
2026-01-01T11:31:45,tank01,low_flow,76.02,2.32,32.59,59.61,68.71,1.19,12.68,89.82,WARNING
2026-01-01T11:31:50,tank01,normal,76.0,2.04,46.08,60.36,70.3,1.22,12.43,94.05,NORMAL
2026-01-01T11:31:55,tank01,normal,73.6,2.12,44.43,59.5,71.05,1.39,12.5,91.96,NORMAL
2026-01-01T11:32:00,tank01,high_temp,89.9,2.0,44.01,59.55,77.4,1.72,13.43,86.81,WARNING
2026-01-01T11:32:05,tank01,normal,73.9,2.02,42.65,58.53,71.36,1.51,12.5,92.25,NORMAL
2026-01-01T11:32:10,tank01,low_flow,73.93,2.25,28.79,59.8,71.77,1.56,12.87,87.66,CRITICAL
2026-01-01T11:32:15,tank01,normal,73.53,2.01,43.18,60.25,71.88,1.22,12.52,92.12,NORMAL
2026-01-01T11:32:20,tank01,normal,72.59,1.85,42.62,60.53,71.33,1.49,12.36,90.61,NORMAL
2026-01-01T11:32:25,tank01,normal,73.84,1.89,43.06,62.26,71.35,1.54,12.41,91.85,NORMAL
2026-01-01T11:32:30,tank01,normal,73.72,1.94,42.89,61.73,74.21,1.81,12.67,91.94,NORMAL
2026-01-01T11:32:35,tank01,low_quality,82.7,1.84,35.27,60.06,82.54,1.63,13.66,89.27,WARNING
2026-01-01T11:32:40,tank01,normal,72.71,1.96,41.23,61.81,74.38,1.83,12.69,90.89,NORMAL
2026-01-01T11:32:45,tank01,normal,75.76,1.81,41.98,60.4,75.13,1.75,12.74,92.63,NORMAL
2026-01-01T11:32:50,tank01,overpressure,73.88,2.84,43.11,61.04,75.49,1.56,13.31,88.25,CRITICAL
2026-01-01T11:32:55,tank01,high_temp,89.17,1.83,41.53,62.32,85.96,1.45,14.03,85.92,WARNING
2026-01-01T11:33:00,tank01,normal,73.9,1.85,41.71,61.12,76.16,1.66,12.79,91.33,NORMAL
2026-01-01T11:33:05,tank01,normal,74.49,1.89,40.52,63.18,78.2,1.58,13.02,91.68,NORMAL
2026-01-01T11:33:10,tank01,normal,75.98,1.79,43.39,62.41,76.0,1.63,12.78,93.03,NORMAL
2026-01-01T11:33:15,tank01,normal,77.11,1.81,44.28,64.88,77.23,1.63,12.91,94.2,NORMAL
2026-01-01T11:33:20,tank01,normal,75.96,1.95,43.18,63.86,74.03,1.28,12.72,93.74,NORMAL
2026-01-01T11:33:25,tank01,normal,76.19,1.86,44.53,63.88,75.65,1.48,12.79,93.84,NORMAL
2026-01-01T11:33:30,tank01,normal,77.11,1.87,45.19,64.48,73.88,1.28,12.67,94.65,NORMAL
2026-01-01T11:33:35,tank01,low_flow,79.05,2.17,29.93,65.7,76.87,1.53,13.38,90.58,CRITICAL
2026-01-01T11:33:40,tank01,normal,79.73,1.79,44.53,65.32,75.37,1.53,12.83,93.52,NORMAL
2026-01-01T11:33:45,tank01,normal,80.31,1.76,45.3,65.58,75.37,1.0,12.82,93.01,NORMAL
2026-01-01T11:33:50,tank01,normal,80.26,1.87,46.15,67.2,73.61,1.44,12.73,93.36,NORMAL
2026-01-01T11:33:55,tank01,normal,80.61,1.91,46.19,66.51,74.09,1.22,12.8,93.29,NORMAL
2026-01-01T11:34:00,tank01,normal,80.75,1.88,47.14,66.63,73.18,1.23,12.7,92.79,NORMAL
2026-01-01T11:34:05,tank01,normal,81.22,1.96,47.54,67.37,72.13,1.48,12.67,92.75,NORMAL
2026-01-01T11:34:10,tank01,normal,79.98,1.92,48.13,66.77,72.53,1.07,12.63,93.35,NORMAL
2026-01-01T11:34:15,tank01,normal,82.1,1.8,47.14,66.7,72.2,1.24,12.61,91.37,NORMAL
2026-01-01T11:34:20,tank01,normal,81.74,1.83,48.93,70.32,71.85,1.5,12.56,91.35,NORMAL
2026-01-01T11:34:25,tank01,normal,82.09,1.96,47.71,72.62,68.39,1.69,12.39,92.04,NORMAL
2026-01-01T11:34:30,tank01,normal,82.15,2.07,48.94,66.57,70.08,1.69,12.58,91.54,NORMAL
2026-01-01T11:34:35,tank01,normal,81.85,2.05,48.25,71.13,67.7,1.25,12.38,92.06,NORMAL
2026-01-01T11:34:40,tank01,high_temp,96.11,2.04,48.6,69.44,75.48,1.62,13.42,81.32,CRITICAL
2026-01-01T11:34:45,tank01,normal,79.88,2.12,47.4,72.07,66.95,1.68,12.31,93.4,NORMAL
2026-01-01T11:34:50,tank01,normal,81.45,2.05,46.13,68.13,64.78,1.68,12.16,92.9,NORMAL
2026-01-01T11:34:55,tank01,high_vibration,83.11,2.06,46.81,70.97,63.85,4.48,12.14,81.48,CRITICAL
2026-01-01T11:35:00,tank01,normal,81.49,2.06,45.54,71.1,68.68,1.79,12.49,92.94,NORMAL
2026-01-01T11:35:05,tank01,normal,81.09,2.15,45.4,67.81,65.11,1.72,12.25,92.84,NORMAL
2026-01-01T11:35:10,tank01,normal,81.84,2.05,45.77,70.43,61.1,1.79,11.89,92.67,NORMAL
2026-01-01T11:35:15,tank01,low_flow,80.73,2.27,29.35,69.85,63.49,1.73,12.43,88.67,CRITICAL
2026-01-01T11:35:20,tank01,normal,79.97,2.08,43.96,69.6,65.11,1.47,12.19,93.88,NORMAL
2026-01-01T11:35:25,tank01,high_vibration,79.22,2.23,41.79,70.26,66.73,4.88,12.43,81.61,CRITICAL
2026-01-01T11:35:30,tank01,normal,78.57,2.09,42.89,70.2,64.46,1.47,12.13,94.58,NORMAL
2026-01-01T11:35:35,tank01,overpressure,78.56,3.13,41.87,70.62,60.74,1.56,12.47,89.13,CRITICAL
2026-01-01T11:35:40,tank01,normal,77.34,2.08,41.35,71.32,64.94,1.64,12.14,94.19,NORMAL
2026-01-01T11:35:45,tank01,normal,77.68,2.08,41.8,67.93,64.37,1.45,12.1,94.54,NORMAL
2026-01-01T11:35:50,tank01,normal,75.54,2.15,43.01,68.32,63.41,1.41,11.98,92.93,NORMAL
2026-01-01T11:35:55,tank01,low_flow,76.84,2.41,27.26,68.85,66.63,1.55,12.68,88.62,CRITICAL
2026-01-01T11:36:00,tank01,low_quality,85.13,2.17,35.19,68.0,76.11,1.22,13.42,87.35,WARNING
2026-01-01T11:36:05,tank01,normal,77.42,2.08,43.78,68.89,66.8,1.28,12.26,94.87,NORMAL
2026-01-01T11:36:10,tank01,high_temp,89.71,2.03,41.73,66.84,72.39,1.27,13.08,86.24,WARNING
2026-01-01T11:36:15,tank01,normal,74.17,2.19,42.52,64.56,67.24,1.4,12.28,91.55,NORMAL
2026-01-01T11:36:20,tank01,normal,76.15,2.06,43.05,65.82,66.39,1.29,12.19,93.81,NORMAL
2026-01-01T11:36:25,tank01,normal,74.61,2.1,43.88,66.82,66.9,1.11,12.19,92.68,NORMAL
2026-01-01T11:36:30,tank01,normal,74.73,2.08,45.81,65.24,68.52,1.29,12.28,92.95,NORMAL
2026-01-01T11:36:35,tank01,normal,74.78,2.23,44.12,66.76,69.42,1.28,12.47,92.21,NORMAL
2026-01-01T11:36:40,tank01,normal,73.05,2.08,44.17,64.58,69.8,1.34,12.36,91.66,NORMAL
2026-01-01T11:36:45,tank01,normal,74.72,2.03,44.61,65.68,69.3,1.49,12.33,93.32,NORMAL
2026-01-01T11:36:50,tank01,overpressure,74.55,3.14,44.61,64.3,72.41,1.26,13.24,87.63,CRITICAL
2026-01-01T11:36:55,tank01,normal,74.73,2.17,45.69,63.26,71.91,1.47,12.61,92.53,NORMAL
2026-01-01T11:37:00,tank01,high_vibration,73.03,2.05,47.21,64.41,73.32,4.53,12.58,81.33,CRITICAL
2026-01-01T11:37:05,tank01,overpressure,74.49,3.04,47.31,62.47,71.92,1.28,13.1,87.59,CRITICAL
2026-01-01T11:37:10,tank01,high_vibration,75.38,2.04,49.3,63.87,76.05,4.41,12.83,83.12,CRITICAL
2026-01-01T11:37:15,tank01,normal,75.75,2.03,47.77,60.47,72.78,1.61,12.6,93.48,NORMAL
2026-01-01T11:37:20,tank01,normal,75.65,1.95,46.47,63.21,74.18,1.34,12.68,93.62,NORMAL
2026-01-01T11:37:25,tank01,low_quality,84.92,1.98,39.63,62.46,82.81,1.58,13.76,89.35,NORMAL
2026-01-01T11:37:30,tank01,normal,77.07,1.97,49.02,62.46,75.33,1.59,12.78,94.14,NORMAL
2026-01-01T11:37:35,tank01,normal,75.58,1.91,47.78,60.42,75.85,1.6,12.77,93.06,NORMAL
2026-01-01T11:37:40,tank01,overpressure,78.84,2.97,47.95,59.71,75.16,1.89,13.44,89.76,CRITICAL
2026-01-01T11:37:45,tank01,overpressure,77.86,2.85,48.32,59.53,71.42,1.59,13.03,90.82,CRITICAL
2026-01-01T11:37:50,tank01,normal,79.95,1.9,47.87,61.12,75.51,1.68,12.86,93.33,NORMAL
2026-01-01T11:37:55,tank01,normal,78.94,1.91,46.91,60.24,76.25,1.61,12.91,94.38,NORMAL
2026-01-01T11:38:00,tank01,high_vibration,80.37,1.85,45.81,59.12,76.8,4.53,12.98,83.14,CRITICAL
2026-01-01T11:38:05,tank01,low_flow,81.11,2.1,30.66,62.45,75.73,1.41,13.29,89.57,CRITICAL
2026-01-01T11:38:10,tank01,normal,80.03,1.87,45.38,60.75,73.69,1.5,12.74,93.75,NORMAL
2026-01-01T11:38:15,tank01,normal,80.99,1.87,45.36,60.94,76.35,1.67,12.98,93.03,NORMAL
2026-01-01T11:38:20,tank01,normal,79.73,1.84,45.66,61.28,77.96,1.46,13.05,93.72,NORMAL
2026-01-01T11:38:25,tank01,normal,82.45,1.77,45.57,61.35,71.8,1.64,12.6,91.39,NORMAL
2026-01-01T11:38:30,tank01,normal,79.95,1.76,43.36,61.96,74.7,1.56,12.78,92.94,NORMAL
2026-01-01T11:38:35,tank01,high_temp,96.6,1.89,44.9,61.12,81.18,1.48,13.85,81.48,CRITICAL
2026-01-01T11:38:40,tank01,high_temp,95.97,1.86,44.92,60.51,80.86,1.24,13.79,81.78,CRITICAL
2026-01-01T11:38:45,tank01,normal,80.71,1.92,43.77,60.64,71.85,1.48,12.66,93.25,NORMAL
2026-01-01T11:38:50,tank01,normal,81.41,1.85,41.73,58.09,70.81,1.33,12.59,91.89,NORMAL
2026-01-01T11:38:55,tank01,normal,82.1,1.84,42.37,59.03,72.52,1.4,12.73,91.46,NORMAL
2026-01-01T11:39:00,tank01,normal,80.43,1.91,42.09,58.52,70.93,1.24,12.6,93.01,NORMAL
2026-01-01T11:39:05,tank01,normal,82.87,1.82,40.11,61.59,68.23,1.03,12.43,90.21,NORMAL
2026-01-01T11:39:10,tank01,normal,81.67,1.85,42.07,60.5,66.96,1.07,12.28,91.74,NORMAL
2026-01-01T11:39:15,tank01,low_quality,90.19,1.86,34.32,61.52,77.28,1.34,13.49,83.49,CRITICAL
2026-01-01T11:39:20,tank01,normal,81.08,1.91,43.07,62.49,66.36,1.09,12.24,92.76,NORMAL
2026-01-01T11:39:25,tank01,normal,80.48,2.0,43.71,63.87,63.15,1.31,12.01,93.8,NORMAL
2026-01-01T11:39:30,tank01,normal,80.4,2.02,43.13,62.96,64.23,1.39,12.11,93.65,NORMAL
2026-01-01T11:39:35,tank01,low_flow,79.59,2.2,29.58,63.38,64.4,1.53,12.42,89.94,CRITICAL
2026-01-01T11:39:40,tank01,normal,78.43,1.94,43.96,64.13,67.07,1.31,12.22,95.1,NORMAL
2026-01-01T11:39:45,tank01,normal,78.11,1.95,44.69,62.95,63.55,1.5,11.93,95.61,NORMAL
2026-01-01T11:39:50,tank01,normal,77.05,2.02,46.86,67.06,62.22,1.65,11.8,94.75,NORMAL
2026-01-01T11:39:55,tank01,normal,76.82,2.01,45.23,64.81,62.42,1.13,11.82,95.03,NORMAL
2026-01-01T11:40:00,tank01,low_flow,77.45,2.32,29.5,68.04,63.07,1.67,12.32,90.1,CRITICAL
2026-01-01T11:40:05,tank01,normal,77.22,2.0,47.13,66.85,64.69,1.81,11.98,94.87,NORMAL
2026-01-01T11:40:10,tank01,normal,76.42,2.04,46.32,68.11,63.01,1.46,11.86,94.29,NORMAL
2026-01-01T11:40:15,tank01,normal,75.0,2.09,48.41,68.85,65.18,1.69,11.99,92.46,NORMAL
2026-01-01T11:40:20,tank01,normal,75.33,2.03,44.95,65.22,65.55,1.75,12.05,93.81,NORMAL
2026-01-01T11:40:25,tank01,normal,73.89,2.1,46.63,67.25,63.41,1.91,11.85,91.99,NORMAL
2026-01-01T11:40:30,tank01,normal,73.95,2.16,47.09,67.58,66.0,1.78,12.09,91.62,NORMAL
2026-01-01T11:40:35,tank01,low_flow,74.87,2.28,33.76,69.3,64.28,1.86,12.25,89.46,WARNING
2026-01-01T11:40:40,tank01,high_vibration,73.75,2.17,46.56,67.65,66.18,4.77,12.11,80.49,CRITICAL
2026-01-01T11:40:45,tank01,low_flow,73.46,2.38,32.25,70.93,66.5,1.85,12.47,87.52,WARNING
2026-01-01T11:40:50,tank01,low_flow,74.51,2.36,33.53,71.23,66.79,1.63,12.49,88.72,WARNING
2026-01-01T11:40:55,tank01,normal,73.23,2.16,47.16,71.01,69.06,1.71,12.31,91.09,NORMAL
2026-01-01T11:41:00,tank01,normal,73.47,2.14,45.62,69.35,70.03,1.57,12.41,91.75,NORMAL
2026-01-01T11:41:05,tank01,normal,74.63,2.22,47.77,70.11,66.61,1.36,12.18,91.69,NORMAL
2026-01-01T11:41:10,tank01,normal,73.63,2.12,47.09,68.15,69.26,1.57,12.31,91.61,NORMAL
2026-01-01T11:41:15,tank01,low_quality,82.65,2.18,39.42,69.42,79.22,1.42,13.53,90.23,NORMAL
2026-01-01T11:41:20,tank01,normal,74.36,2.07,45.45,68.77,66.94,1.24,12.15,92.79,NORMAL
2026-01-01T11:41:25,tank01,normal,75.16,2.13,45.72,69.78,69.63,1.56,12.42,93.01,NORMAL
2026-01-01T11:41:30,tank01,low_flow,75.94,2.44,27.72,69.38,72.4,1.34,13.12,87.95,CRITICAL
2026-01-01T11:41:35,tank01,normal,75.14,2.13,43.89,69.68,72.71,1.44,12.69,92.93,NORMAL
2026-01-01T11:41:40,tank01,normal,76.37,2.11,44.61,71.12,69.27,1.45,12.43,94.13,NORMAL
2026-01-01T11:41:45,tank01,normal,77.19,2.22,42.29,72.68,74.07,1.45,12.94,93.6,NORMAL
2026-01-01T11:41:50,tank01,normal,76.29,2.11,43.81,69.1,75.78,1.18,12.96,93.88,NORMAL
2026-01-01T11:41:55,tank01,normal,77.89,2.1,43.4,70.96,76.27,1.53,13.05,95.01,NORMAL
2026-01-01T11:42:00,tank01,normal,77.62,2.1,41.82,70.28,75.86,1.64,13.03,94.43,NORMAL
2026-01-01T11:42:05,tank01,normal,78.4,2.03,42.34,70.54,73.88,1.21,12.85,94.86,NORMAL
2026-01-01T11:42:10,tank01,normal,78.52,2.05,41.14,69.56,74.59,1.25,12.94,94.4,NORMAL
2026-01-01T11:42:15,tank01,normal,79.31,2.01,43.41,69.57,75.56,1.52,12.98,94.57,NORMAL
2026-01-01T11:42:20,tank01,normal,81.33,1.9,41.79,69.86,75.87,1.54,13.03,92.22,NORMAL
2026-01-01T11:42:25,tank01,low_flow,80.92,2.25,27.27,66.43,73.89,1.18,13.28,88.15,CRITICAL
2026-01-01T11:42:30,tank01,high_vibration,82.2,2.02,40.57,67.73,74.61,4.36,13.04,82.18,CRITICAL
2026-01-01T11:42:35,tank01,normal,82.11,2.05,41.8,66.55,76.03,1.7,13.15,91.89,NORMAL
2026-01-01T11:42:40,tank01,normal,81.13,1.9,43.86,67.89,75.19,1.81,12.93,92.89,NORMAL
2026-01-01T11:42:45,tank01,normal,81.62,1.9,41.66,67.93,75.17,1.76,12.98,91.97,NORMAL
2026-01-01T11:42:50,tank01,normal,82.58,1.95,45.86,66.44,76.89,1.7,13.11,92.11,NORMAL
2026-01-01T11:42:55,tank01,normal,81.34,1.93,43.18,65.63,74.49,1.57,12.91,92.71,NORMAL
2026-01-01T11:43:00,tank01,normal,81.09,1.93,45.12,62.9,77.09,1.87,13.08,93.31,NORMAL
2026-01-01T11:43:05,tank01,normal,81.52,1.93,46.08,62.97,75.07,1.82,12.92,92.73,NORMAL
2026-01-01T11:43:10,tank01,high_vibration,82.04,1.93,45.04,64.13,74.37,4.77,12.89,81.51,CRITICAL
2026-01-01T11:43:15,tank01,normal,82.87,1.92,46.34,62.79,71.67,1.42,12.68,91.61,NORMAL
2026-01-01T11:43:20,tank01,low_quality,89.22,1.87,37.89,63.46,84.7,1.97,14.01,85.18,WARNING
2026-01-01T11:43:25,tank01,normal,81.39,1.81,47.21,62.86,73.36,1.5,12.69,91.94,NORMAL
2026-01-01T11:43:30,tank01,normal,81.27,1.87,46.89,62.82,70.98,1.81,12.53,92.42,NORMAL
2026-01-01T11:43:35,tank01,high_vibration,80.3,1.8,48.19,60.77,72.92,4.7,12.6,81.68,CRITICAL
2026-01-01T11:43:40,tank01,normal,79.19,1.88,47.47,64.13,68.26,1.55,12.25,93.87,NORMAL
2026-01-01T11:43:45,tank01,normal,79.21,1.87,48.44,59.99,71.23,1.55,12.47,93.58,NORMAL
2026-01-01T11:43:50,tank01,normal,78.24,1.89,46.29,60.05,68.28,1.35,12.25,94.95,NORMAL
2026-01-01T11:43:55,tank01,low_quality,86.0,1.91,38.43,59.98,78.45,1.36,13.43,87.91,WARNING
2026-01-01T11:44:00,tank01,normal,77.24,1.84,46.67,60.02,68.43,1.73,12.19,94.2,NORMAL
2026-01-01T11:44:05,tank01,high_temp,92.25,1.93,46.48,60.2,72.24,1.31,13.01,84.59,CRITICAL
2026-01-01T11:44:10,tank01,normal,76.93,1.91,48.48,59.56,66.13,1.57,12.02,93.86,NORMAL
2026-01-01T11:44:15,tank01,high_vibration,76.01,1.81,45.81,59.57,63.48,4.2,11.75,84.53,CRITICAL
2026-01-01T11:44:20,tank01,low_flow,76.72,2.11,31.0,59.03,62.23,1.26,12.08,91.01,CRITICAL
2026-01-01T11:44:25,tank01,high_temp,89.89,1.88,46.34,61.05,71.27,1.18,12.83,86.16,WARNING
2026-01-01T11:44:30,tank01,normal,76.58,1.85,46.12,58.12,64.4,1.48,11.87,93.9,NORMAL
2026-01-01T11:44:35,tank01,normal,75.73,1.89,44.88,60.11,63.71,1.49,11.83,93.71,NORMAL
2026-01-01T11:44:40,tank01,normal,76.47,1.91,44.84,58.07,64.66,1.24,11.94,94.35,NORMAL
2026-01-01T11:44:45,tank01,normal,75.12,1.9,42.93,61.03,66.27,1.48,12.05,92.83,NORMAL
2026-01-01T11:44:50,tank01,normal,74.47,2.02,43.36,57.88,64.52,1.44,11.96,92.86,NORMAL
2026-01-01T11:44:55,tank01,normal,75.02,1.97,42.25,60.12,65.7,1.33,12.05,92.92,NORMAL
2026-01-01T11:45:00,tank01,overpressure,75.43,3.0,41.62,58.51,65.11,1.31,12.65,88.22,CRITICAL
2026-01-01T11:45:05,tank01,overpressure,74.44,2.96,41.58,60.18,65.91,1.75,12.66,87.69,CRITICAL
2026-01-01T11:45:10,tank01,high_vibration,73.56,2.0,42.25,60.44,64.91,4.43,11.97,82.24,CRITICAL
2026-01-01T11:45:15,tank01,normal,74.16,1.95,40.57,61.65,64.79,1.36,11.97,91.76,NORMAL
2026-01-01T11:45:20,tank01,normal,74.25,2.04,41.98,60.88,64.94,1.82,12.02,92.24,NORMAL
2026-01-01T11:45:25,tank01,normal,75.5,2.05,43.62,59.03,64.44,1.85,11.99,93.55,NORMAL
2026-01-01T11:45:30,tank01,normal,75.75,2.13,42.48,62.24,62.88,1.62,11.94,93.03,NORMAL
2026-01-01T11:45:35,tank01,low_flow,75.94,2.27,28.16,62.76,67.03,1.6,12.58,88.87,CRITICAL
2026-01-01T11:45:40,tank01,high_temp,89.61,2.12,41.9,64.39,75.05,1.53,13.33,85.93,WARNING
2026-01-01T11:45:45,tank01,normal,74.49,2.17,44.23,64.11,65.19,1.69,12.09,92.3,NORMAL
2026-01-01T11:45:50,tank01,normal,76.53,2.16,42.38,62.36,66.51,1.56,12.27,93.47,NORMAL
2026-01-01T11:45:55,tank01,low_quality,86.37,2.11,35.08,64.52,80.04,1.63,13.74,86.68,WARNING
2026-01-01T11:46:00,tank01,normal,76.41,2.05,44.62,63.64,68.15,1.66,12.31,94.44,NORMAL
2026-01-01T11:46:05,tank01,normal,78.1,2.12,44.61,66.02,69.58,1.59,12.52,95.2,NORMAL
2026-01-01T11:46:10,tank01,normal,77.74,2.14,44.34,65.39,71.6,1.45,12.68,94.92,NORMAL
2026-01-01T11:46:15,tank01,normal,78.9,2.1,47.81,65.77,70.6,1.73,12.56,94.12,NORMAL
2026-01-01T11:46:20,tank01,normal,79.3,2.17,46.03,64.91,72.44,1.53,12.78,93.93,NORMAL
2026-01-01T11:46:25,tank01,low_quality,85.87,2.18,38.32,65.9,79.67,1.42,13.68,87.53,WARNING
2026-01-01T11:46:30,tank01,high_vibration,79.67,2.17,49.39,66.42,75.14,4.49,12.96,82.83,CRITICAL
2026-01-01T11:46:35,tank01,normal,82.08,2.25,47.93,67.31,72.16,1.48,12.87,90.96,NORMAL
2026-01-01T11:46:40,tank01,high_vibration,80.59,2.14,46.79,66.29,72.29,4.42,12.78,83.22,CRITICAL
2026-01-01T11:46:45,tank01,normal,80.08,2.09,48.93,67.28,74.11,1.32,12.85,93.03,NORMAL
2026-01-01T11:46:50,tank01,normal,81.45,2.21,49.53,67.12,73.31,1.16,12.89,91.22,NORMAL
2026-01-01T11:46:55,tank01,normal,82.18,2.17,48.06,67.64,74.03,1.2,12.97,91.24,NORMAL
2026-01-01T11:47:00,tank01,normal,81.02,2.22,49.01,70.1,76.81,1.08,13.17,91.61,NORMAL
2026-01-01T11:47:05,tank01,normal,82.31,2.08,46.81,69.2,76.01,1.28,13.1,91.9,NORMAL
2026-01-01T11:47:10,tank01,low_quality,90.7,1.97,41.15,69.15,86.06,1.02,14.17,85.35,CRITICAL
2026-01-01T11:47:15,tank01,low_flow,82.18,2.24,33.03,69.76,76.45,1.5,13.43,88.67,WARNING
2026-01-01T11:47:20,tank01,normal,82.72,2.08,46.0,69.31,75.93,0.97,13.12,91.79,NORMAL
2026-01-01T11:47:25,tank01,normal,81.79,2.1,46.59,68.52,76.23,1.32,13.11,92.28,NORMAL
2026-01-01T11:47:30,tank01,high_temp,94.6,1.99,47.75,71.84,84.75,1.68,14.1,82.81,CRITICAL
2026-01-01T11:47:35,tank01,overpressure,81.72,3.01,45.92,70.44,75.46,1.54,13.61,87.92,CRITICAL
2026-01-01T11:47:40,tank01,normal,80.81,2.08,45.96,72.13,76.88,1.37,13.13,93.28,NORMAL
2026-01-01T11:47:45,tank01,high_temp,93.98,2.03,46.11,70.08,83.37,1.55,14.02,83.58,CRITICAL
2026-01-01T11:47:50,tank01,high_temp,93.55,1.88,43.95,71.48,83.27,1.69,13.94,83.49,CRITICAL
2026-01-01T11:47:55,tank01,low_flow,80.3,2.15,29.61,70.37,73.51,1.56,13.13,89.69,CRITICAL
2026-01-01T11:48:00,tank01,normal,80.04,2.01,42.25,69.38,71.42,1.51,12.69,93.74,NORMAL
2026-01-01T11:48:05,tank01,normal,78.65,1.79,43.62,68.43,73.2,1.75,12.63,94.11,NORMAL
2026-01-01T11:48:10,tank01,normal,77.56,1.92,42.99,70.21,72.05,2.0,12.6,94.76,NORMAL
2026-01-01T11:48:15,tank01,normal,77.92,1.96,43.6,70.63,72.65,1.73,12.67,95.37,NORMAL
2026-01-01T11:48:20,tank01,normal,76.13,1.93,42.33,70.31,71.96,1.82,12.56,93.56,NORMAL
2026-01-01T11:48:25,tank01,high_temp,91.66,1.99,42.16,68.97,76.25,1.55,13.41,84.98,CRITICAL
2026-01-01T11:48:30,tank01,normal,76.94,1.84,42.78,69.59,70.99,2.04,12.45,93.7,NORMAL
2026-01-01T11:48:35,tank01,normal,76.75,1.87,41.9,67.92,70.0,1.73,12.4,93.64,NORMAL
2026-01-01T11:48:40,tank01,normal,76.07,1.74,43.22,67.98,67.94,1.6,12.11,92.79,NORMAL
2026-01-01T11:48:45,tank01,high_temp,89.94,1.87,42.7,67.9,74.37,1.57,13.13,85.81,WARNING
2026-01-01T11:48:50,tank01,normal,73.11,1.85,42.18,65.88,67.32,1.6,12.05,90.86,NORMAL
2026-01-01T11:48:55,tank01,low_flow,73.77,2.2,28.35,64.69,68.06,1.0,12.56,87.64,CRITICAL
2026-01-01T11:49:00,tank01,normal,75.01,1.93,44.54,65.95,67.24,1.5,12.12,93.28,NORMAL
2026-01-01T11:49:05,tank01,normal,76.22,1.9,44.69,64.04,64.9,1.71,11.95,94.07,NORMAL
2026-01-01T11:49:10,tank01,high_vibration,74.21,1.88,44.39,65.26,64.61,4.51,11.86,82.38,CRITICAL
2026-01-01T11:49:15,tank01,normal,74.01,1.83,44.75,62.21,64.57,1.19,11.81,92.1,NORMAL
2026-01-01T11:49:20,tank01,normal,74.66,1.78,44.92,64.72,63.75,1.28,11.74,92.39,NORMAL
2026-01-01T11:49:25,tank01,normal,73.65,1.83,47.65,65.7,63.68,1.34,11.69,91.24,NORMAL
2026-01-01T11:49:30,tank01,normal,74.8,1.8,48.79,64.26,66.54,1.58,11.92,91.68,NORMAL
2026-01-01T11:49:35,tank01,low_flow,73.85,2.18,32.03,63.59,65.57,1.42,12.29,88.72,WARNING
2026-01-01T11:49:40,tank01,normal,75.7,1.88,47.56,62.74,64.64,1.12,11.86,93.03,NORMAL
2026-01-01T11:49:45,tank01,normal,75.09,1.87,46.64,61.69,62.59,1.39,11.68,92.74,NORMAL
2026-01-01T11:49:50,tank01,normal,77.05,1.82,47.54,61.7,58.7,1.45,11.39,93.77,NORMAL
2026-01-01T11:49:55,tank01,high_vibration,75.19,1.93,47.72,61.99,64.38,4.18,11.85,84.16,CRITICAL
2026-01-01T11:50:00,tank01,normal,78.43,1.93,48.17,61.8,63.91,1.65,11.9,94.52,NORMAL
2026-01-01T11:50:05,tank01,normal,76.5,1.97,46.78,62.42,65.3,1.05,12.0,94.27,NORMAL
2026-01-01T11:50:10,tank01,low_flow,77.71,2.21,31.77,59.82,66.08,1.51,12.47,91.4,CRITICAL
2026-01-01T11:50:15,tank01,normal,77.82,2.05,47.02,60.74,66.24,1.46,12.16,95.1,NORMAL
2026-01-01T11:50:20,tank01,normal,78.54,2.13,46.88,61.1,67.26,1.74,12.31,94.46,NORMAL
2026-01-01T11:50:25,tank01,normal,79.14,2.03,47.14,59.01,67.69,1.52,12.3,94.45,NORMAL
2026-01-01T11:50:30,tank01,normal,79.22,2.03,46.97,61.07,67.76,1.6,12.31,94.42,NORMAL
2026-01-01T11:50:35,tank01,normal,79.65,2.09,46.18,58.95,68.16,1.7,12.4,94.01,NORMAL
2026-01-01T11:50:40,tank01,normal,79.05,2.06,46.53,55.57,69.3,1.71,12.45,94.54,NORMAL
2026-01-01T11:50:45,tank01,low_flow,82.47,2.35,30.96,59.06,69.45,1.47,12.97,87.41,CRITICAL
2026-01-01T11:50:50,tank01,low_flow,81.47,2.38,31.3,59.2,68.47,1.6,12.88,88.05,CRITICAL
2026-01-01T11:50:55,tank01,low_flow,81.0,2.27,28.79,59.22,68.39,1.64,12.83,88.34,CRITICAL
2026-01-01T11:51:00,tank01,normal,83.43,2.1,45.66,59.23,69.76,1.65,12.66,91.25,NORMAL
2026-01-01T11:51:05,tank01,normal,81.7,2.14,44.97,59.12,73.81,1.66,12.96,92.53,NORMAL
2026-01-01T11:51:10,tank01,high_temp,95.86,2.15,44.5,61.59,81.24,1.66,14.0,81.71,CRITICAL
2026-01-01T11:51:15,tank01,normal,82.48,2.11,42.14,59.15,72.44,1.74,12.9,91.39,NORMAL
2026-01-01T11:51:20,tank01,normal,82.12,2.01,41.57,63.64,74.2,1.73,12.98,91.98,NORMAL
2026-01-01T11:51:25,tank01,overpressure,82.74,3.15,41.92,61.65,73.95,1.61,13.66,85.93,CRITICAL
2026-01-01T11:51:30,tank01,normal,82.92,2.12,42.07,62.69,73.85,1.26,13.04,90.95,NORMAL
2026-01-01T11:51:35,tank01,normal,81.91,2.16,42.46,61.61,76.85,1.35,13.27,91.62,NORMAL
2026-01-01T11:51:40,tank01,low_flow,81.28,2.34,27.92,62.45,77.33,1.37,13.61,87.57,CRITICAL
2026-01-01T11:51:45,tank01,normal,80.17,2.1,42.62,61.86,76.3,1.38,13.13,93.28,NORMAL
2026-01-01T11:51:50,tank01,normal,80.68,2.14,42.24,63.4,76.56,1.48,13.2,92.58,NORMAL
2026-01-01T11:51:55,tank01,high_vibration,80.29,2.12,41.72,65.43,76.82,4.85,13.2,81.47,CRITICAL
2026-01-01T11:52:00,tank01,normal,80.1,2.16,44.15,64.23,77.81,1.28,13.26,93.4,NORMAL
2026-01-01T11:52:05,tank01,normal,78.64,2.1,44.42,62.83,76.88,0.92,13.11,94.86,NORMAL
2026-01-01T11:52:10,tank01,normal,80.52,2.13,44.03,63.5,77.5,1.34,13.23,93.24,NORMAL
2026-01-01T11:52:15,tank01,normal,79.65,2.13,44.52,64.35,73.99,1.23,12.92,94.01,NORMAL
2026-01-01T11:52:20,tank01,normal,79.63,2.11,44.62,63.95,76.2,1.29,13.08,94.13,NORMAL
2026-01-01T11:52:25,tank01,high_temp,92.62,2.06,44.86,65.61,82.44,1.22,13.94,84.69,CRITICAL
2026-01-01T11:52:30,tank01,normal,76.71,2.11,44.27,66.39,75.17,1.6,12.92,94.28,NORMAL
2026-01-01T11:52:35,tank01,overpressure,78.03,3.02,45.56,67.72,75.54,1.33,13.51,90.76,CRITICAL
2026-01-01T11:52:40,tank01,normal,76.94,2.09,48.31,66.16,72.93,1.65,12.67,93.95,NORMAL
2026-01-01T11:52:45,tank01,normal,75.45,2.0,48.02,66.8,73.17,1.21,12.6,93.33,NORMAL
2026-01-01T11:52:50,tank01,normal,75.45,1.96,47.7,67.83,71.21,1.4,12.42,93.2,NORMAL
2026-01-01T11:52:55,tank01,normal,74.77,2.02,49.0,66.75,72.06,1.42,12.48,92.49,NORMAL
2026-01-01T11:53:00,tank01,normal,75.61,1.97,48.88,67.73,72.77,1.35,12.54,93.09,NORMAL
2026-01-01T11:53:05,tank01,normal,73.83,2.03,47.52,68.58,73.71,1.89,12.62,92.08,NORMAL
2026-01-01T11:53:10,tank01,low_quality,81.71,1.92,41.76,68.46,77.35,1.72,13.16,92.0,NORMAL
2026-01-01T11:53:15,tank01,normal,73.52,1.9,48.61,67.22,67.55,1.54,12.02,91.25,NORMAL
2026-01-01T11:53:20,tank01,normal,76.17,1.96,48.69,69.94,67.06,1.67,12.09,93.5,NORMAL
2026-01-01T11:53:25,tank01,normal,74.36,1.94,48.75,67.61,67.68,1.81,12.08,92.06,NORMAL
2026-01-01T11:53:30,tank01,normal,73.96,1.85,47.66,69.94,69.78,1.83,12.2,91.58,NORMAL
2026-01-01T11:53:35,tank01,normal,74.07,1.97,46.55,70.53,66.1,1.66,12.0,92.53,NORMAL
2026-01-01T11:53:40,tank01,low_quality,81.88,1.85,38.34,71.95,76.44,1.63,13.11,90.67,NORMAL
2026-01-01T11:53:45,tank01,high_temp,87.89,1.88,45.2,69.42,73.76,1.68,12.98,87.91,WARNING
2026-01-01T11:53:50,tank01,normal,74.73,1.9,45.08,68.06,62.41,1.66,11.7,93.04,NORMAL
2026-01-01T11:53:55,tank01,low_flow,74.81,2.05,30.02,72.12,60.41,1.53,11.86,89.62,CRITICAL
2026-01-01T11:54:00,tank01,normal,75.42,1.85,45.74,68.18,65.62,1.6,11.94,93.13,NORMAL
2026-01-01T11:54:05,tank01,normal,76.21,1.82,43.9,69.16,64.71,1.48,11.9,93.49,NORMAL
2026-01-01T11:54:10,tank01,overpressure,76.74,2.88,43.27,71.74,64.06,1.53,12.51,90.2,CRITICAL
2026-01-01T11:54:15,tank01,high_vibration,76.23,1.85,43.15,67.38,60.73,4.78,11.61,82.33,CRITICAL
2026-01-01T11:54:20,tank01,normal,78.22,1.88,43.76,70.47,64.99,1.26,12.02,94.93,NORMAL
2026-01-01T11:54:25,tank01,high_vibration,77.9,1.86,42.3,72.29,64.86,4.74,12.01,83.6,CRITICAL
2026-01-01T11:54:30,tank01,normal,78.35,1.87,41.82,67.45,62.69,1.29,11.86,94.31,NORMAL
2026-01-01T11:54:35,tank01,normal,77.37,1.91,43.17,70.11,61.65,1.57,11.75,94.61,NORMAL
2026-01-01T11:54:40,tank01,low_flow,80.18,2.09,25.93,67.48,66.2,1.38,12.57,89.13,CRITICAL
2026-01-01T11:54:45,tank01,normal,78.6,1.8,40.9,66.86,64.12,1.44,11.96,93.53,NORMAL
2026-01-01T11:54:50,tank01,normal,80.37,1.91,41.45,68.56,62.86,1.26,11.96,92.89,NORMAL
2026-01-01T11:54:55,tank01,normal,81.3,1.87,41.39,65.86,65.47,1.3,12.18,91.97,NORMAL
2026-01-01T11:55:00,tank01,normal,79.45,1.93,42.15,66.24,66.74,1.28,12.25,93.83,NORMAL
2026-01-01T11:55:05,tank01,normal,80.97,1.9,40.8,65.01,68.39,1.59,12.43,92.22,NORMAL
2026-01-01T11:55:10,tank01,normal,82.17,1.89,43.66,66.74,66.4,1.35,12.26,91.98,NORMAL
2026-01-01T11:55:15,tank01,normal,81.33,1.98,42.49,66.82,69.87,1.13,12.58,92.77,NORMAL
2026-01-01T11:55:20,tank01,normal,82.12,1.9,43.16,64.32,67.46,1.51,12.36,91.97,NORMAL
2026-01-01T11:55:25,tank01,overpressure,81.8,2.98,43.51,64.14,68.33,1.7,13.05,87.89,CRITICAL
2026-01-01T11:55:30,tank01,normal,83.47,1.9,45.66,67.09,69.39,1.51,12.51,91.25,NORMAL
2026-01-01T11:55:35,tank01,low_quality,88.9,1.96,35.63,64.02,80.24,1.74,13.73,85.27,WARNING
2026-01-01T11:55:40,tank01,normal,82.3,1.95,45.18,65.36,70.62,1.46,12.61,92.49,NORMAL
2026-01-01T11:55:45,tank01,overpressure,82.45,3.01,46.23,61.48,72.52,1.7,13.39,87.29,CRITICAL
2026-01-01T11:55:50,tank01,high_temp,96.51,1.96,47.08,62.47,83.75,1.64,14.07,81.41,CRITICAL
2026-01-01T11:55:55,tank01,normal,79.9,2.17,48.32,62.66,73.25,1.34,12.84,92.89,NORMAL
2026-01-01T11:56:00,tank01,normal,81.79,2.02,46.98,61.19,74.79,1.53,12.94,92.58,NORMAL
2026-01-01T11:56:05,tank01,normal,81.31,2.04,47.69,62.57,76.1,1.57,13.04,92.62,NORMAL
2026-01-01T11:56:10,tank01,normal,80.88,2.02,47.59,62.84,75.34,1.81,12.95,93.11,NORMAL
2026-01-01T11:56:15,tank01,normal,79.16,2.12,48.37,60.31,73.94,1.78,12.84,93.68,NORMAL
2026-01-01T11:56:20,tank01,high_temp,93.5,2.2,49.65,60.48,83.45,1.88,14.05,82.23,CRITICAL
2026-01-01T11:56:25,tank01,normal,78.31,2.21,48.47,60.49,74.37,1.67,12.9,93.83,NORMAL
2026-01-01T11:56:30,tank01,low_quality,85.02,2.14,39.0,60.25,87.03,1.61,14.21,88.52,WARNING
2026-01-01T11:56:35,tank01,normal,77.31,2.21,47.97,60.37,75.34,1.6,12.95,93.68,NORMAL
2026-01-01T11:56:40,tank01,normal,76.05,2.15,48.12,61.68,76.15,1.41,12.94,93.01,NORMAL
2026-01-01T11:56:45,tank01,normal,76.71,2.17,47.75,58.95,76.21,1.27,12.98,93.49,NORMAL
2026-01-01T11:56:50,tank01,normal,76.65,2.2,47.46,61.92,73.67,1.6,12.8,93.38,NORMAL
2026-01-01T11:56:55,tank01,low_quality,84.2,2.1,37.63,60.24,84.77,1.59,14.0,89.02,WARNING
2026-01-01T11:57:00,tank01,normal,76.09,2.24,44.81,60.28,76.43,1.19,13.07,93.33,NORMAL
2026-01-01T11:57:05,tank01,normal,76.61,2.14,43.71,60.23,75.65,1.56,12.98,93.93,NORMAL
2026-01-01T11:57:10,tank01,normal,74.95,2.15,45.02,61.2,76.19,1.1,12.96,92.97,NORMAL
2026-01-01T11:57:15,tank01,normal,74.23,2.18,44.27,60.4,73.29,1.28,12.74,92.08,NORMAL
2026-01-01T11:57:20,tank01,low_flow,73.62,2.41,30.58,59.83,74.78,1.48,13.18,87.04,CRITICAL
2026-01-01T11:57:25,tank01,normal,75.0,2.13,43.26,60.41,72.72,1.18,12.7,92.66,NORMAL
2026-01-01T11:57:30,tank01,normal,73.78,2.11,43.19,59.68,71.73,1.51,12.57,91.84,NORMAL
2026-01-01T11:57:35,tank01,low_quality,81.33,2.13,35.35,61.8,82.77,1.48,13.81,90.46,WARNING
2026-01-01T11:57:40,tank01,high_temp,88.57,2.02,41.18,61.76,80.93,1.34,13.73,87.0,WARNING
2026-01-01T11:57:45,tank01,high_vibration,73.27,2.06,41.88,60.32,70.23,4.09,12.43,83.0,CRITICAL
2026-01-01T11:57:50,tank01,low_flow,74.14,2.35,28.1,61.49,71.77,1.14,12.96,87.12,CRITICAL
2026-01-01T11:57:55,tank01,normal,73.2,2.0,42.78,61.27,70.77,1.27,12.42,91.83,NORMAL
2026-01-01T11:58:00,tank01,normal,75.12,2.03,41.63,60.99,66.81,1.5,12.19,92.85,NORMAL
2026-01-01T11:58:05,tank01,normal,75.58,1.97,41.85,62.98,67.94,1.49,12.26,93.26,NORMAL
2026-01-01T11:58:10,tank01,high_temp,90.71,2.01,41.94,62.44,76.29,1.6,13.4,85.63,CRITICAL
2026-01-01T11:58:15,tank01,normal,76.07,1.94,42.82,63.33,68.86,1.87,12.31,93.68,NORMAL
2026-01-01T11:58:20,tank01,normal,77.1,2.02,43.96,61.37,65.66,1.44,12.12,94.97,NORMAL
2026-01-01T11:58:25,tank01,normal,76.85,1.95,44.31,65.5,67.84,1.88,12.24,94.71,NORMAL
2026-01-01T11:58:30,tank01,normal,76.58,2.03,43.01,64.98,66.57,1.67,12.2,94.28,NORMAL
2026-01-01T11:58:35,tank01,normal,76.5,1.96,44.91,66.81,65.38,1.7,12.03,94.63,NORMAL
2026-01-01T11:58:40,tank01,normal,76.19,1.98,43.9,64.31,68.29,1.92,12.28,94.27,NORMAL
2026-01-01T11:58:45,tank01,normal,78.16,1.87,45.58,64.99,61.65,1.61,11.71,95.07,NORMAL
2026-01-01T11:58:50,tank01,normal,79.93,1.83,47.36,64.75,67.28,1.86,12.17,93.14,NORMAL
2026-01-01T11:58:55,tank01,normal,79.7,1.78,45.53,63.56,63.87,1.79,11.88,93.48,NORMAL
2026-01-01T11:59:00,tank01,normal,80.12,1.85,47.56,66.0,64.15,1.75,11.93,93.0,NORMAL
2026-01-01T11:59:05,tank01,low_flow,80.63,2.15,29.83,68.13,64.13,1.65,12.39,89.49,CRITICAL
2026-01-01T11:59:10,tank01,normal,79.46,1.83,47.52,66.29,66.92,1.75,12.12,93.41,NORMAL
2026-01-01T11:59:15,tank01,normal,79.24,1.76,47.1,69.36,64.57,1.8,11.89,93.34,NORMAL
2026-01-01T11:59:20,tank01,normal,80.58,1.71,46.78,68.11,67.08,1.73,12.11,92.15,NORMAL
2026-01-01T11:59:25,tank01,normal,81.02,1.88,50.32,69.33,63.16,1.46,11.86,91.81,NORMAL
2026-01-01T11:59:30,tank01,normal,81.02,1.87,47.35,69.32,66.37,1.75,12.15,92.51,NORMAL
2026-01-01T11:59:35,tank01,normal,81.18,1.98,47.31,68.44,65.34,1.24,12.14,92.94,NORMAL
2026-01-01T11:59:40,tank01,normal,81.82,1.8,47.02,68.89,68.29,1.41,12.29,91.61,NORMAL
2026-01-01T11:59:45,tank01,low_quality,90.03,1.76,39.79,69.44,78.67,1.39,13.45,84.48,CRITICAL
2026-01-01T11:59:50,tank01,normal,83.44,1.84,46.77,69.17,67.29,1.02,12.29,90.68,NORMAL
2026-01-01T11:59:55,tank01,low_flow,83.39,2.09,31.87,70.04,67.32,1.52,12.66,88.24,CRITICAL
2026-01-01T12:00:00,tank01,normal,81.93,1.99,46.09,70.49,68.09,1.32,12.41,92.71,NORMAL
2026-01-01T12:00:05,tank01,normal,81.29,1.9,46.69,67.5,69.16,1.17,12.41,92.61,NORMAL
2026-01-01T12:00:10,tank01,low_quality,90.41,1.97,37.61,71.06,78.22,1.51,13.59,84.69,CRITICAL
2026-01-01T12:00:15,tank01,overpressure,80.94,2.96,43.85,69.96,67.86,1.22,12.98,88.69,CRITICAL
2026-01-01T12:00:20,tank01,normal,80.93,2.01,44.68,70.65,71.56,1.2,12.69,93.7,NORMAL
2026-01-01T12:00:25,tank01,normal,79.95,1.94,43.2,69.67,71.29,1.16,12.62,93.79,NORMAL
2026-01-01T12:00:30,tank01,normal,80.67,2.02,43.92,67.9,74.58,1.54,12.94,93.64,NORMAL
2026-01-01T12:00:35,tank01,normal,79.37,1.88,41.6,71.36,71.01,1.28,12.57,93.55,NORMAL
2026-01-01T12:00:40,tank01,low_quality,87.07,2.01,34.18,69.59,81.89,1.47,13.85,86.46,WARNING
2026-01-01T12:00:45,tank01,normal,79.07,2.09,41.57,70.46,75.16,1.33,13.01,93.9,NORMAL
2026-01-01T12:00:50,tank01,normal,78.23,1.98,42.64,69.12,75.23,1.64,12.92,95.16,NORMAL
2026-01-01T12:00:55,tank01,normal,77.26,2.08,42.18,70.13,77.43,1.47,13.13,94.33,NORMAL
2026-01-01T12:01:00,tank01,normal,76.16,2.11,40.0,68.51,75.05,1.67,12.95,92.83,NORMAL
2026-01-01T12:01:05,tank01,high_vibration,75.69,1.95,41.14,68.95,75.42,4.6,12.86,82.67,CRITICAL
2026-01-01T12:01:10,tank01,normal,76.49,2.14,41.41,67.84,76.48,1.58,13.07,93.28,NORMAL
2026-01-01T12:01:15,tank01,normal,75.29,2.06,41.63,65.48,75.03,1.79,12.88,92.81,NORMAL
2026-01-01T12:01:20,tank01,normal,74.93,2.07,42.15,67.06,76.17,1.98,12.95,92.66,NORMAL
2026-01-01T12:01:25,tank01,normal,73.04,2.14,42.36,67.12,72.04,1.79,12.61,90.9,NORMAL
2026-01-01T12:01:30,tank01,normal,74.36,2.02,43.44,67.01,73.71,1.63,12.69,92.8,NORMAL
2026-01-01T12:01:35,tank01,normal,74.46,2.08,45.09,65.29,73.81,1.55,12.71,92.91,NORMAL
2026-01-01T12:01:40,tank01,low_quality,81.78,2.19,35.14,65.82,83.82,1.46,13.95,89.75,WARNING
2026-01-01T12:01:45,tank01,normal,74.17,2.17,45.16,66.75,74.14,1.59,12.78,92.22,NORMAL
2026-01-01T12:01:50,tank01,normal,73.8,2.13,44.32,66.54,73.21,1.28,12.69,92.02,NORMAL
2026-01-01T12:01:55,tank01,normal,74.58,2.12,44.0,64.47,74.59,1.39,12.81,92.6,NORMAL
2026-01-01T12:02:00,tank01,low_flow,72.07,2.36,30.65,65.26,74.55,1.46,13.09,86.14,CRITICAL
2026-01-01T12:02:05,tank01,low_flow,75.26,2.41,31.14,64.07,73.06,1.45,13.08,88.44,CRITICAL
2026-01-01T12:02:10,tank01,normal,74.82,2.23,47.96,61.91,75.05,1.56,12.87,91.7,NORMAL
2026-01-01T12:02:15,tank01,normal,75.08,2.17,46.39,64.54,71.36,1.39,12.57,92.6,NORMAL
2026-01-01T12:02:20,tank01,low_flow,75.88,2.37,32.69,58.95,70.33,1.45,12.84,89.47,WARNING
2026-01-01T12:02:25,tank01,normal,75.61,2.04,47.55,61.77,74.0,1.27,12.7,93.39,NORMAL
2026-01-01T12:02:30,tank01,normal,75.81,2.17,46.85,61.14,71.32,1.13,12.58,93.04,NORMAL
2026-01-01T12:02:35,tank01,normal,75.16,2.18,47.54,61.77,69.23,1.38,12.39,92.33,NORMAL
2026-01-01T12:02:40,tank01,low_flow,75.98,2.44,33.81,60.99,69.7,1.36,12.81,89.46,WARNING
2026-01-01T12:02:45,tank01,low_flow,77.21,2.35,32.92,61.46,68.79,1.24,12.73,90.65,WARNING
2026-01-01T12:02:50,tank01,normal,77.43,2.12,47.34,60.32,67.7,1.47,12.3,94.4,NORMAL
2026-01-01T12:02:55,tank01,normal,77.64,2.05,47.71,60.56,70.97,1.24,12.52,94.78,NORMAL
2026-01-01T12:03:00,tank01,normal,78.58,2.07,46.37,61.09,69.19,1.22,12.44,94.88,NORMAL
2026-01-01T12:03:05,tank01,low_flow,81.33,2.35,32.34,59.36,66.79,1.55,12.71,88.59,WARNING
2026-01-01T12:03:10,tank01,high_vibration,80.78,2.04,46.37,60.86,65.83,4.46,12.22,83.5,CRITICAL
2026-01-01T12:03:15,tank01,low_flow,79.32,2.19,30.55,59.33,66.12,1.36,12.53,90.43,CRITICAL
2026-01-01T12:03:20,tank01,normal,82.45,2.02,44.8,59.35,66.38,1.56,12.32,92.51,NORMAL
2026-01-01T12:03:25,tank01,normal,81.05,2.02,43.72,62.09,63.92,1.84,12.1,93.31,NORMAL
2026-01-01T12:03:30,tank01,normal,81.64,2.03,45.21,59.13,62.87,1.58,12.02,93.06,NORMAL
2026-01-01T12:03:35,tank01,high_vibration,83.07,1.99,44.05,60.97,63.66,4.79,12.12,80.72,CRITICAL
2026-01-01T12:03:40,tank01,normal,81.58,2.0,44.15,60.64,63.11,1.77,12.04,93.08,NORMAL
2026-01-01T12:03:45,tank01,normal,83.4,1.94,41.78,60.38,64.48,1.77,12.2,90.82,NORMAL
2026-01-01T12:03:50,tank01,normal,82.46,1.9,42.82,61.49,64.09,1.62,12.1,91.59,NORMAL
2026-01-01T12:03:55,tank01,normal,82.14,1.96,42.7,58.58,62.61,1.69,12.01,92.1,NORMAL
2026-01-01T12:04:00,tank01,normal,79.47,1.83,43.11,63.01,64.45,1.56,11.99,93.56,NORMAL
2026-01-01T12:04:05,tank01,normal,82.11,1.87,41.81,61.03,64.13,1.61,12.09,91.45,NORMAL
2026-01-01T12:04:10,tank01,normal,81.65,1.84,40.56,58.7,66.13,1.69,12.24,91.35,NORMAL
2026-01-01T12:04:15,tank01,normal,80.63,1.96,39.89,62.07,65.81,1.81,12.26,92.55,NORMAL
2026-01-01T12:04:20,tank01,normal,80.77,1.92,43.75,62.28,64.62,1.6,12.09,93.23,NORMAL
2026-01-01T12:04:25,tank01,normal,80.85,1.91,41.75,64.6,64.4,1.44,12.1,92.61,NORMAL
2026-01-01T12:04:30,tank01,normal,78.63,1.89,41.89,62.64,65.09,1.63,12.07,94.2,NORMAL
2026-01-01T12:04:35,tank01,normal,79.3,1.84,41.92,61.23,67.94,1.48,12.29,93.44,NORMAL
2026-01-01T12:04:40,tank01,normal,78.53,1.87,42.83,64.12,65.13,1.43,12.04,94.39,NORMAL
2026-01-01T12:04:45,tank01,low_quality,88.32,1.88,36.06,63.61,77.07,1.61,13.4,85.43,WARNING
2026-01-01T12:04:50,tank01,normal,79.04,1.86,42.29,65.16,70.42,1.69,12.48,93.82,NORMAL
2026-01-01T12:04:55,tank01,normal,77.55,1.85,44.31,63.13,70.42,1.27,12.41,94.74,NORMAL
2026-01-01T12:05:00,tank01,normal,77.84,1.91,45.41,64.99,71.18,1.3,12.5,95.33,NORMAL
2026-01-01T12:05:05,tank01,normal,77.18,1.92,45.11,65.56,69.26,1.47,12.33,94.95,NORMAL
2026-01-01T12:05:10,tank01,normal,77.59,1.88,45.63,63.63,74.16,1.56,12.7,94.94,NORMAL
2026-01-01T12:05:15,tank01,normal,76.65,1.93,47.88,64.37,70.63,1.1,12.39,93.91,NORMAL
2026-01-01T12:05:20,tank01,normal,76.0,1.84,46.46,65.8,73.36,1.55,12.55,93.32,NORMAL
2026-01-01T12:05:25,tank01,normal,75.56,1.89,46.77,67.35,72.33,1.37,12.48,93.17,NORMAL
2026-01-01T12:05:30,tank01,low_flow,74.7,2.09,33.37,66.52,72.45,1.33,12.79,90.16,WARNING
2026-01-01T12:05:35,tank01,high_temp,87.77,2.07,47.76,68.14,81.82,1.22,13.71,87.61,WARNING
2026-01-01T12:05:40,tank01,normal,75.1,1.87,49.18,68.87,72.48,1.26,12.44,92.14,NORMAL
2026-01-01T12:05:45,tank01,low_flow,73.52,2.19,32.96,68.26,74.46,1.45,12.98,88.68,WARNING
2026-01-01T12:05:50,tank01,normal,75.37,2.0,45.92,67.39,75.71,1.4,12.83,93.77,NORMAL
2026-01-01T12:05:55,tank01,normal,74.42,1.92,47.94,67.66,74.06,1.31,12.59,92.19,NORMAL
2026-01-01T12:06:00,tank01,normal,73.54,1.99,48.0,69.78,74.75,1.12,12.66,91.86,NORMAL
2026-01-01T12:06:05,tank01,low_flow,74.11,2.23,33.58,70.56,77.62,1.45,13.27,89.09,WARNING
2026-01-01T12:06:10,tank01,low_flow,73.89,2.31,31.38,70.23,78.34,1.62,13.4,87.94,CRITICAL
2026-01-01T12:06:15,tank01,normal,73.8,1.97,46.98,69.71,76.43,1.24,12.81,92.23,NORMAL
2026-01-01T12:06:20,tank01,normal,75.55,2.05,46.89,70.02,76.12,1.44,12.88,93.43,NORMAL
2026-01-01T12:06:25,tank01,normal,75.5,2.08,46.22,71.47,76.28,1.52,12.92,93.43,NORMAL
2026-01-01T12:06:30,tank01,normal,74.98,2.15,46.99,73.91,75.69,2.01,12.89,92.42,NORMAL
2026-01-01T12:06:35,tank01,high_temp,89.15,2.18,45.22,68.28,83.45,1.47,13.98,86.67,WARNING
2026-01-01T12:06:40,tank01,low_flow,76.94,2.39,29.98,70.83,74.68,1.69,13.27,89.48,CRITICAL
2026-01-01T12:06:45,tank01,normal,76.84,2.11,43.81,70.46,75.48,1.57,12.95,94.31,NORMAL
2026-01-01T12:06:50,tank01,overpressure,76.79,3.01,44.34,70.82,73.57,1.94,13.33,89.86,CRITICAL
2026-01-01T12:06:55,tank01,high_vibration,76.24,2.04,42.69,69.2,76.61,4.67,13.0,83.21,CRITICAL
2026-01-01T12:07:00,tank01,low_flow,77.87,2.4,27.16,69.05,72.16,1.61,13.14,89.44,CRITICAL
2026-01-01T12:07:05,tank01,overpressure,78.44,3.2,41.27,68.9,74.91,1.38,13.65,88.73,CRITICAL
2026-01-01T12:07:10,tank01,normal,78.91,2.17,43.23,71.53,69.13,1.5,12.55,94.02,NORMAL
2026-01-01T12:07:15,tank01,low_flow,79.92,2.32,26.02,71.34,70.38,1.51,13.03,88.24,CRITICAL
2026-01-01T12:07:20,tank01,normal,78.57,2.15,41.39,69.79,68.81,1.36,12.53,93.94,NORMAL
2026-01-01T12:07:25,tank01,normal,80.95,2.18,40.99,68.91,70.75,1.58,12.78,91.9,NORMAL
2026-01-01T12:07:30,tank01,overpressure,80.78,3.12,41.31,68.04,68.94,1.42,13.19,87.38,CRITICAL
2026-01-01T12:07:35,tank01,normal,81.96,2.15,41.18,67.94,69.53,0.93,12.69,91.33,NORMAL
2026-01-01T12:07:40,tank01,normal,80.4,2.05,42.58,67.94,67.78,1.21,12.42,93.37,NORMAL
2026-01-01T12:07:45,tank01,normal,81.0,2.1,41.4,66.42,66.56,1.33,12.39,92.37,NORMAL
2026-01-01T12:07:50,tank01,normal,81.62,2.08,42.77,64.83,65.53,1.52,12.3,92.33,NORMAL
2026-01-01T12:07:55,tank01,normal,81.72,2.12,45.64,67.39,67.3,1.26,12.42,92.46,NORMAL
2026-01-01T12:08:00,tank01,normal,82.67,2.2,43.56,64.99,66.21,1.09,12.44,91.12,NORMAL
2026-01-01T12:08:05,tank01,normal,81.03,2.15,46.9,65.11,64.49,1.45,12.18,92.5,NORMAL
2026-01-01T12:08:10,tank01,normal,82.1,2.0,46.2,64.97,64.06,1.17,12.1,92.62,NORMAL
2026-01-01T12:08:15,tank01,normal,82.77,2.09,45.07,64.69,66.43,1.26,12.38,91.93,NORMAL
2026-01-01T12:08:20,tank01,low_quality,90.81,1.98,38.08,66.29,73.3,1.37,13.21,84.58,CRITICAL
2026-01-01T12:08:25,tank01,normal,81.38,1.98,45.68,63.47,63.64,1.64,12.04,93.21,NORMAL
2026-01-01T12:08:30,tank01,normal,83.35,2.02,47.17,63.4,62.63,1.54,12.02,91.34,NORMAL
2026-01-01T12:08:35,tank01,low_flow,81.81,2.25,32.05,62.36,62.35,1.38,12.31,88.67,WARNING
2026-01-01T12:08:40,tank01,normal,82.07,1.94,48.11,61.96,65.25,1.56,12.12,91.86,NORMAL
2026-01-01T12:08:45,tank01,normal,79.89,2.0,46.83,62.87,65.9,1.57,12.16,94.11,NORMAL
2026-01-01T12:08:50,tank01,normal,78.05,2.0,47.5,61.29,65.74,1.5,12.09,95.32,NORMAL
2026-01-01T12:08:55,tank01,low_quality,89.0,1.88,39.71,60.78,76.68,1.52,13.34,85.84,WARNING
2026-01-01T12:09:00,tank01,low_quality,86.36,1.92,39.94,59.14,76.31,1.54,13.25,88.09,WARNING
2026-01-01T12:09:05,tank01,normal,78.18,1.87,48.54,63.31,64.59,1.73,11.91,94.32,NORMAL
2026-01-01T12:09:10,tank01,normal,77.65,1.91,49.09,59.92,68.42,1.52,12.21,94.25,NORMAL
2026-01-01T12:09:15,tank01,normal,77.7,1.96,47.81,62.34,70.76,1.93,12.45,94.85,NORMAL
2026-01-01T12:09:20,tank01,normal,78.59,1.91,46.82,60.66,69.67,1.67,12.37,94.64,NORMAL
2026-01-01T12:09:25,tank01,high_vibration,77.11,1.93,46.47,59.72,68.64,4.45,12.27,84.83,CRITICAL
2026-01-01T12:09:30,tank01,normal,76.97,1.79,45.88,58.54,68.78,1.75,12.2,93.95,NORMAL
2026-01-01T12:09:35,tank01,normal,75.93,1.81,46.27,61.41,68.51,1.63,12.15,93.17,NORMAL
2026-01-01T12:09:40,tank01,normal,74.09,1.84,45.48,58.98,71.36,1.84,12.35,92.14,NORMAL
2026-01-01T12:09:45,tank01,high_vibration,76.02,1.94,43.4,62.8,70.31,4.55,12.42,83.61,CRITICAL
2026-01-01T12:09:50,tank01,normal,74.28,1.88,43.12,59.47,69.43,1.64,12.27,92.15,NORMAL
2026-01-01T12:09:55,tank01,low_flow,73.9,2.07,29.35,59.47,73.59,1.41,12.91,88.65,CRITICAL
2026-01-01T12:10:00,tank01,low_quality,82.48,1.74,35.41,60.22,83.97,1.46,13.7,88.94,WARNING
2026-01-01T12:10:05,tank01,normal,74.3,1.84,42.44,59.66,74.62,1.37,12.67,91.78,NORMAL
2026-01-01T12:10:10,tank01,normal,74.79,1.89,40.26,59.15,75.13,1.6,12.79,91.87,NORMAL
2026-01-01T12:10:15,tank01,high_vibration,73.15,1.79,42.32,60.7,74.22,4.72,12.57,79.79,CRITICAL
2026-01-01T12:10:20,tank01,normal,74.43,1.89,42.15,61.51,75.38,1.54,12.76,92.05,NORMAL
2026-01-01T12:10:25,tank01,normal,74.11,1.88,40.96,61.35,74.65,1.27,12.71,91.47,NORMAL
2026-01-01T12:10:30,tank01,low_quality,82.07,1.91,35.02,62.42,83.33,0.97,13.75,90.01,WARNING
2026-01-01T12:10:35,tank01,normal,74.09,1.95,42.72,60.54,76.52,1.34,12.88,92.27,NORMAL
2026-01-01T12:10:40,tank01,normal,75.01,1.92,42.08,63.0,74.45,1.79,12.73,92.62,NORMAL
2026-01-01T12:10:45,tank01,normal,74.34,1.94,43.21,62.63,74.47,1.38,12.7,92.49,NORMAL
2026-01-01T12:10:50,tank01,low_quality,83.33,1.94,35.21,66.48,88.76,1.19,14.24,89.27,WARNING
2026-01-01T12:10:55,tank01,high_temp,89.42,1.95,43.38,61.77,84.46,1.15,13.96,86.78,WARNING
2026-01-01T12:11:00,tank01,low_quality,83.97,1.87,35.98,63.71,84.59,1.03,13.87,88.59,WARNING
2026-01-01T12:11:05,tank01,normal,76.33,1.96,43.95,65.37,76.12,1.42,12.9,94.28,NORMAL
2026-01-01T12:11:10,tank01,low_flow,76.84,2.22,30.37,64.62,75.36,1.22,13.21,90.37,CRITICAL
2026-01-01T12:11:15,tank01,low_flow,77.38,2.34,29.94,66.94,73.54,1.35,13.16,90.09,CRITICAL
2026-01-01T12:11:20,tank01,normal,77.63,1.92,46.53,65.85,74.33,1.55,12.73,94.93,NORMAL
2026-01-01T12:11:25,tank01,normal,79.06,2.12,46.79,65.94,74.96,1.53,12.94,94.13,NORMAL
2026-01-01T12:11:30,tank01,normal,80.84,2.06,45.21,64.98,72.99,1.59,12.82,93.54,NORMAL
2026-01-01T12:11:35,tank01,low_flow,80.49,2.31,30.74,68.05,73.63,1.4,13.23,89.0,CRITICAL
2026-01-01T12:11:40,tank01,normal,78.6,2.06,46.37,66.72,74.79,1.6,12.88,94.89,NORMAL
2026-01-01T12:11:45,tank01,high_temp,95.61,2.09,47.04,67.25,79.29,1.87,13.76,81.82,CRITICAL
2026-01-01T12:11:50,tank01,normal,81.86,2.09,47.27,66.02,71.82,1.8,12.75,92.09,NORMAL
2026-01-01T12:11:55,tank01,normal,81.31,2.08,48.47,68.38,72.16,1.69,12.73,92.24,NORMAL
2026-01-01T12:12:00,tank01,overpressure,80.67,3.12,49.45,69.11,69.83,1.71,13.14,87.3,CRITICAL
2026-01-01T12:12:05,tank01,high_temp,95.08,2.09,49.17,68.41,79.76,1.74,13.75,81.69,CRITICAL
2026-01-01T12:12:10,tank01,normal,81.82,2.11,48.78,67.1,66.04,1.36,12.27,91.62,NORMAL
2026-01-01T12:12:15,tank01,overpressure,82.46,3.16,48.02,68.7,67.73,1.68,13.07,86.12,CRITICAL
2026-01-01T12:12:20,tank01,normal,81.88,2.19,47.98,69.64,66.86,1.66,12.4,91.4,NORMAL
2026-01-01T12:12:25,tank01,normal,81.25,2.12,46.87,70.88,65.24,1.16,12.23,92.49,NORMAL
2026-01-01T12:12:30,tank01,normal,81.38,2.21,46.66,69.78,65.29,1.54,12.29,91.99,NORMAL
2026-01-01T12:12:35,tank01,high_temp,95.25,2.23,46.64,69.76,70.86,1.42,13.16,81.52,CRITICAL
2026-01-01T12:12:40,tank01,low_flow,82.86,2.35,32.19,70.91,64.89,1.69,12.6,87.42,WARNING
2026-01-01T12:12:45,tank01,low_flow,79.93,2.36,29.55,69.41,65.8,1.15,12.63,88.89,CRITICAL
2026-01-01T12:12:50,tank01,low_quality,89.3,2.18,36.91,71.87,71.72,1.22,13.17,84.6,WARNING
2026-01-01T12:12:55,tank01,normal,80.8,2.13,43.29,71.28,64.2,1.42,12.19,92.82,NORMAL
2026-01-01T12:13:00,tank01,normal,79.12,2.11,44.1,71.08,63.13,1.4,12.03,94.38,NORMAL
2026-01-01T12:13:05,tank01,low_flow,79.31,2.38,27.7,70.6,64.53,1.31,12.55,88.79,CRITICAL
2026-01-01T12:13:10,tank01,high_temp,93.28,2.1,42.59,68.99,73.89,1.31,13.33,83.45,CRITICAL
2026-01-01T12:13:15,tank01,normal,79.2,2.05,40.46,67.57,66.31,1.39,12.3,93.71,NORMAL
2026-01-01T12:13:20,tank01,normal,78.3,2.11,41.78,68.66,63.12,1.07,12.04,94.42,NORMAL
2026-01-01T12:13:25,tank01,normal,76.91,2.12,41.67,68.62,65.89,1.47,12.22,93.77,NORMAL
2026-01-01T12:13:30,tank01,normal,76.84,2.07,41.86,67.63,67.08,1.64,12.29,93.98,NORMAL
2026-01-01T12:13:35,tank01,normal,76.93,2.0,41.78,69.61,66.33,0.98,12.19,94.37,NORMAL
2026-01-01T12:13:40,tank01,normal,76.57,2.07,41.99,65.22,64.85,1.53,12.1,93.83,NORMAL
2026-01-01T12:13:45,tank01,normal,75.27,2.02,43.28,68.13,65.1,1.25,12.03,93.44,NORMAL
2026-01-01T12:13:50,tank01,normal,74.97,2.03,43.63,66.1,66.08,1.34,12.1,93.22,NORMAL
2026-01-01T12:13:55,tank01,normal,75.67,1.94,42.38,66.63,64.74,1.53,11.98,93.3,NORMAL
2026-01-01T12:14:00,tank01,normal,74.55,1.98,43.81,66.65,68.12,1.3,12.22,93.01,NORMAL
2026-01-01T12:14:05,tank01,normal,73.63,1.99,42.78,68.78,68.53,1.73,12.24,92.1,NORMAL
2026-01-01T12:14:10,tank01,high_vibration,74.74,1.95,43.83,65.67,67.92,4.63,12.19,82.48,CRITICAL
2026-01-01T12:14:15,tank01,normal,74.11,1.94,42.93,66.33,68.49,1.61,12.22,92.25,NORMAL
2026-01-01T12:14:20,tank01,normal,74.71,1.95,44.13,66.32,70.31,1.71,12.37,93.06,NORMAL
2026-01-01T12:14:25,tank01,normal,74.54,1.92,44.74,66.0,70.02,1.93,12.32,92.96,NORMAL
2026-01-01T12:14:30,tank01,low_quality,81.97,1.85,39.03,65.69,79.39,1.28,13.33,90.77,NORMAL
2026-01-01T12:14:35,tank01,normal,75.38,1.91,47.65,65.97,73.45,1.8,12.57,92.94,NORMAL
2026-01-01T12:14:40,tank01,normal,73.63,1.85,48.66,62.99,73.07,1.56,12.44,91.08,NORMAL
2026-01-01T12:14:45,tank01,normal,73.78,1.96,46.44,62.96,71.9,1.85,12.44,92.27,NORMAL
2026-01-01T12:14:50,tank01,normal,74.44,1.81,47.24,62.79,73.19,1.6,12.47,91.84,NORMAL
2026-01-01T12:14:55,tank01,normal,75.26,1.94,46.61,62.65,73.68,1.43,12.62,93.24,NORMAL
2026-01-01T12:15:00,tank01,normal,76.73,1.86,47.33,61.84,73.11,1.48,12.55,93.74,NORMAL
2026-01-01T12:15:05,tank01,normal,76.54,1.94,47.5,60.27,72.2,1.58,12.52,93.96,NORMAL
2026-01-01T12:15:10,tank01,normal,74.99,1.81,47.94,61.81,77.47,1.25,12.81,92.06,NORMAL
2026-01-01T12:15:15,tank01,normal,77.04,1.76,49.72,60.18,73.47,1.51,12.5,92.89,NORMAL
2026-01-01T12:15:20,tank01,normal,77.59,1.88,47.19,61.09,76.53,1.39,12.87,94.55,NORMAL
2026-01-01T12:15:25,tank01,high_temp,92.68,1.8,48.28,60.97,84.69,1.57,13.91,83.18,CRITICAL
2026-01-01T12:15:30,tank01,normal,78.7,1.86,46.89,59.93,76.52,1.19,12.9,94.31,NORMAL
2026-01-01T12:15:35,tank01,normal,79.05,1.91,46.38,58.96,72.89,1.28,12.65,94.41,NORMAL
2026-01-01T12:15:40,tank01,normal,79.04,1.84,46.48,60.66,77.21,1.12,12.95,94.03,NORMAL
2026-01-01T12:15:45,tank01,normal,78.47,1.96,45.3,60.56,75.04,1.11,12.85,95.35,NORMAL
2026-01-01T12:15:50,tank01,normal,80.66,1.89,47.43,60.09,76.66,0.88,12.97,92.84,NORMAL
2026-01-01T12:15:55,tank01,normal,81.43,1.98,44.09,60.7,75.95,0.98,13.04,93.09,NORMAL
2026-01-01T12:16:00,tank01,normal,80.46,1.93,45.6,59.54,74.66,1.09,12.86,93.63,NORMAL
2026-01-01T12:16:05,tank01,normal,79.84,2.0,44.22,59.76,74.66,1.33,12.9,94.43,NORMAL
2026-01-01T12:16:10,tank01,normal,82.3,1.96,44.99,60.47,75.02,1.52,12.97,92.57,NORMAL
2026-01-01T12:16:15,tank01,normal,81.53,1.94,43.92,58.68,73.98,1.27,12.87,92.8,NORMAL
2026-01-01T12:16:20,tank01,normal,82.41,1.95,42.13,58.19,70.62,1.47,12.66,91.72,NORMAL
2026-01-01T12:16:25,tank01,normal,81.23,2.01,41.19,62.5,73.39,1.34,12.9,92.57,NORMAL
2026-01-01T12:16:30,tank01,normal,82.33,1.97,41.0,61.94,71.16,1.39,12.73,91.61,NORMAL
2026-01-01T12:16:35,tank01,overpressure,82.25,2.97,42.82,60.69,70.77,1.58,13.27,87.41,CRITICAL
2026-01-01T12:16:40,tank01,normal,81.73,2.1,41.66,60.56,69.56,1.57,12.65,91.87,NORMAL
2026-01-01T12:16:45,tank01,normal,81.83,1.97,41.98,59.2,69.18,1.34,12.54,92.24,NORMAL
2026-01-01T12:16:50,tank01,normal,82.41,2.09,41.79,60.58,67.5,1.54,12.5,91.43,NORMAL
2026-01-01T12:16:55,tank01,normal,80.55,2.17,40.86,60.9,69.35,1.94,12.65,92.22,NORMAL
2026-01-01T12:17:00,tank01,low_flow,80.33,2.35,27.82,63.11,65.3,1.52,12.63,88.2,CRITICAL
2026-01-01T12:17:05,tank01,normal,81.5,2.15,40.87,61.42,65.23,1.65,12.34,91.61,NORMAL
2026-01-01T12:17:10,tank01,normal,80.66,2.09,42.52,65.94,66.82,1.73,12.38,92.95,NORMAL
2026-01-01T12:17:15,tank01,high_temp,93.98,2.17,43.27,60.08,74.82,1.63,13.46,82.74,CRITICAL
2026-01-01T12:17:20,tank01,normal,78.32,2.09,45.7,62.6,64.87,1.94,12.11,95.11,NORMAL
2026-01-01T12:17:25,tank01,high_vibration,79.09,2.18,43.31,64.79,62.4,4.67,12.02,83.19,CRITICAL
2026-01-01T12:17:30,tank01,low_flow,76.44,2.37,30.52,65.81,63.56,1.46,12.34,89.34,CRITICAL
2026-01-01T12:17:35,tank01,normal,76.48,2.03,45.11,66.43,66.8,1.67,12.18,94.67,NORMAL
2026-01-01T12:17:40,tank01,low_quality,85.57,2.22,37.06,65.17,73.48,1.79,13.22,87.22,WARNING
2026-01-01T12:17:45,tank01,normal,75.12,2.13,46.27,66.37,63.38,1.36,11.91,92.89,NORMAL
2026-01-01T12:17:50,tank01,high_temp,89.49,2.1,46.89,65.75,71.55,1.38,12.97,86.39,WARNING
2026-01-01T12:17:55,tank01,normal,74.5,2.07,47.62,67.89,66.1,1.64,12.05,92.36,NORMAL
2026-01-01T12:18:00,tank01,normal,76.0,2.11,47.07,67.7,65.11,1.48,12.05,93.43,NORMAL
2026-01-01T12:18:05,tank01,high_vibration,74.9,2.07,47.09,68.18,60.71,4.37,11.64,83.34,CRITICAL
2026-01-01T12:18:10,tank01,high_vibration,74.14,2.21,47.21,69.07,67.48,4.57,12.24,81.21,CRITICAL
2026-01-01T12:18:15,tank01,normal,74.39,2.13,49.01,68.78,63.19,1.55,11.83,91.64,NORMAL
2026-01-01T12:18:20,tank01,normal,73.84,2.11,47.65,67.58,63.69,1.38,11.86,91.65,NORMAL
2026-01-01T12:18:25,tank01,normal,75.07,2.2,48.39,68.17,65.52,1.1,12.09,91.97,NORMAL
2026-01-01T12:18:30,tank01,normal,73.9,2.13,48.14,68.47,62.45,1.24,11.77,91.51,NORMAL
2026-01-01T12:18:35,tank01,low_quality,83.38,2.1,40.43,67.45,77.83,1.13,13.38,90.35,NORMAL
2026-01-01T12:18:40,tank01,normal,74.83,2.06,48.48,70.01,67.17,1.22,12.13,92.45,NORMAL
2026-01-01T12:18:45,tank01,high_vibration,73.32,2.06,47.67,71.6,67.08,4.39,12.08,81.97,CRITICAL
2026-01-01T12:18:50,tank01,normal,74.1,2.04,45.1,68.29,67.9,1.28,12.21,92.83,NORMAL
2026-01-01T12:18:55,tank01,normal,75.88,2.04,44.98,68.21,66.86,1.44,12.17,94.21,NORMAL
2026-01-01T12:19:00,tank01,overpressure,75.24,2.96,43.87,70.16,68.77,1.53,12.88,88.85,CRITICAL
2026-01-01T12:19:05,tank01,normal,75.31,2.05,45.07,70.19,69.7,1.53,12.39,93.71,NORMAL
2026-01-01T12:19:10,tank01,normal,75.49,1.94,44.32,69.04,66.25,1.51,12.06,93.64,NORMAL
2026-01-01T12:19:15,tank01,normal,74.74,1.97,44.22,70.84,72.56,1.59,12.57,93.23,NORMAL
2026-01-01T12:19:20,tank01,low_flow,76.34,2.19,28.12,68.79,72.87,1.79,13.01,89.57,CRITICAL
2026-01-01T12:19:25,tank01,normal,75.94,1.87,43.85,69.99,75.26,1.82,12.76,93.52,NORMAL
2026-01-01T12:19:30,tank01,normal,77.33,1.89,42.51,71.86,74.04,1.68,12.74,94.3,NORMAL
2026-01-01T12:19:35,tank01,normal,78.12,1.92,42.48,67.65,71.8,1.72,12.6,94.9,NORMAL
2026-01-01T12:19:40,tank01,normal,76.73,1.83,42.86,69.89,72.55,1.68,12.56,93.64,NORMAL
2026-01-01T12:19:45,tank01,normal,79.58,1.86,42.15,69.06,72.2,1.67,12.65,93.41,NORMAL
2026-01-01T12:19:50,tank01,low_flow,78.76,2.2,27.99,67.39,75.4,1.58,13.29,90.18,CRITICAL
2026-01-01T12:19:55,tank01,normal,80.34,1.94,42.46,71.55,73.11,1.79,12.78,93.29,NORMAL
2026-01-01T12:20:00,tank01,normal,78.94,1.84,42.1,67.38,74.09,1.75,12.77,93.79,NORMAL
2026-01-01T12:20:05,tank01,high_vibration,80.94,1.96,40.93,68.41,75.09,4.7,13.0,81.74,CRITICAL
2026-01-01T12:20:10,tank01,normal,80.29,1.8,42.11,66.36,77.77,1.59,13.08,92.54,NORMAL
2026-01-01T12:20:15,tank01,overpressure,81.32,2.8,42.02,67.03,76.89,1.69,13.64,88.78,WARNING
2026-01-01T12:20:20,tank01,normal,81.13,1.89,42.27,65.52,77.53,1.56,13.13,92.4,NORMAL
2026-01-01T12:20:25,tank01,normal,82.58,1.91,43.74,67.58,74.21,1.55,12.9,91.8,NORMAL
2026-01-01T12:20:30,tank01,normal,83.52,1.84,44.19,67.63,75.37,1.44,12.98,90.85,NORMAL
2026-01-01T12:20:35,tank01,low_flow,82.04,2.05,30.31,63.25,75.04,1.21,13.24,89.05,CRITICAL
2026-01-01T12:20:40,tank01,normal,81.52,1.8,45.94,61.79,73.16,1.27,12.69,92.13,NORMAL
2026-01-01T12:20:45,tank01,normal,82.18,1.81,45.25,65.34,70.4,1.28,12.51,91.86,NORMAL
2026-01-01T12:20:50,tank01,overpressure,80.8,2.85,46.93,64.51,74.87,1.5,13.42,89.17,CRITICAL
2026-01-01T12:20:55,tank01,normal,82.58,1.9,47.54,64.34,70.91,1.64,12.58,91.43,NORMAL
2026-01-01T12:21:00,tank01,low_flow,81.18,2.11,32.13,62.64,73.26,1.48,13.08,89.83,WARNING
2026-01-01T12:21:05,tank01,normal,79.68,1.88,48.54,62.53,72.16,1.35,12.56,93.26,NORMAL
2026-01-01T12:21:10,tank01,normal,80.72,1.88,48.97,61.78,70.55,1.18,12.46,92.36,NORMAL
2026-01-01T12:21:15,tank01,normal,81.97,1.97,47.25,62.05,69.2,1.21,12.47,92.33,NORMAL
2026-01-01T12:21:20,tank01,normal,79.29,1.98,48.0,60.49,72.78,1.54,12.67,94.19,NORMAL
2026-01-01T12:21:25,tank01,normal,77.96,1.96,46.83,62.91,70.7,1.36,12.47,95.29,NORMAL
2026-01-01T12:21:30,tank01,normal,78.87,1.97,47.48,61.39,68.24,1.35,12.29,94.58,NORMAL
2026-01-01T12:21:35,tank01,normal,78.87,2.02,47.54,59.34,70.26,1.26,12.48,94.63,NORMAL
2026-01-01T12:21:40,tank01,normal,78.06,2.0,47.67,60.45,66.66,1.49,12.16,95.26,NORMAL
2026-01-01T12:21:45,tank01,normal,78.7,1.94,49.49,57.56,68.2,1.65,12.24,94.05,NORMAL
2026-01-01T12:21:50,tank01,normal,77.57,1.97,47.08,58.37,68.27,1.37,12.26,95.01,NORMAL
2026-01-01T12:21:55,tank01,overpressure,77.39,3.06,45.89,58.92,66.71,1.43,12.81,90.01,CRITICAL
2026-01-01T12:22:00,tank01,high_vibration,75.63,2.11,45.15,59.88,64.9,4.41,12.05,84.03,CRITICAL
2026-01-01T12:22:05,tank01,normal,75.75,2.02,46.75,60.38,64.51,1.65,11.95,93.75,NORMAL
2026-01-01T12:22:10,tank01,low_quality,83.24,2.12,37.15,60.05,75.73,1.64,13.27,89.52,WARNING
2026-01-01T12:22:15,tank01,normal,75.3,2.16,44.81,60.34,61.05,1.96,11.77,93.12,NORMAL
2026-01-01T12:22:20,tank01,normal,74.25,2.07,45.46,59.43,64.84,1.72,11.97,92.74,NORMAL
2026-01-01T12:22:25,tank01,normal,75.16,2.07,43.68,60.21,65.05,1.63,12.05,93.17,NORMAL
2026-01-01T12:22:30,tank01,low_quality,82.68,2.05,34.83,61.29,73.75,2.1,13.09,89.27,WARNING
2026-01-01T12:22:35,tank01,normal,73.67,2.24,44.76,60.15,61.4,1.81,11.79,91.51,NORMAL
2026-01-01T12:22:40,tank01,low_quality,82.16,2.12,34.84,61.08,73.56,1.75,13.1,89.74,WARNING
2026-01-01T12:22:45,tank01,normal,73.15,2.06,41.11,62.92,62.51,1.8,11.81,91.11,NORMAL
2026-01-01T12:22:50,tank01,normal,75.03,2.11,41.88,60.11,60.39,1.57,11.72,92.46,NORMAL
2026-01-01T12:22:55,tank01,low_flow,74.16,2.41,26.71,60.9,61.27,1.43,12.17,86.49,CRITICAL
2026-01-01T12:23:00,tank01,normal,72.59,2.02,42.08,62.11,67.19,1.67,12.13,91.11,NORMAL
2026-01-01T12:23:05,tank01,high_temp,89.12,2.17,41.94,60.19,70.73,1.34,13.0,86.05,WARNING
2026-01-01T12:23:10,tank01,normal,74.18,2.15,41.89,63.14,64.33,1.45,12.04,91.58,NORMAL
2026-01-01T12:23:15,tank01,normal,75.97,2.2,41.28,61.68,63.94,1.12,12.1,92.54,NORMAL
2026-01-01T12:23:20,tank01,normal,75.27,2.03,41.82,61.9,65.17,1.41,12.06,93.02,NORMAL
2026-01-01T12:23:25,tank01,high_vibration,76.03,2.12,42.4,62.03,64.95,4.27,12.11,84.19,CRITICAL
2026-01-01T12:23:30,tank01,high_vibration,76.49,2.11,43.43,62.49,67.33,4.49,12.3,83.96,CRITICAL
2026-01-01T12:23:35,tank01,high_temp,91.66,2.14,43.93,63.14,74.58,1.32,13.34,84.78,CRITICAL
2026-01-01T12:23:40,tank01,normal,78.21,2.11,44.06,63.67,67.02,1.42,12.31,95.07,NORMAL
2026-01-01T12:23:45,tank01,low_quality,86.99,2.08,37.15,64.82,81.58,1.25,13.83,86.89,WARNING
2026-01-01T12:23:50,tank01,low_quality,86.13,2.02,36.6,64.18,80.5,1.25,13.69,87.7,WARNING
2026-01-01T12:23:55,tank01,overpressure,77.88,3.1,46.7,66.92,72.39,1.32,13.29,89.98,CRITICAL
2026-01-01T12:24:00,tank01,low_quality,89.88,2.06,38.07,63.28,81.02,1.63,13.84,85.06,WARNING
2026-01-01T12:24:05,tank01,high_vibration,80.62,2.12,47.5,67.65,73.31,4.37,12.84,83.34,CRITICAL
2026-01-01T12:24:10,tank01,normal,81.7,2.06,47.21,67.99,71.8,1.47,12.72,92.39,NORMAL
2026-01-01T12:24:15,tank01,normal,79.63,2.08,48.81,68.46,72.31,1.37,12.69,93.43,NORMAL
2026-01-01T12:24:20,tank01,normal,80.69,2.05,47.56,67.77,74.43,1.6,12.89,93.09,NORMAL
2026-01-01T12:24:25,tank01,overpressure,81.79,3.0,47.14,68.54,74.95,1.48,13.54,87.62,CRITICAL
2026-01-01T12:24:30,tank01,low_flow,81.59,2.2,32.17,69.11,75.5,1.65,13.32,89.11,WARNING
2026-01-01T12:24:35,tank01,normal,81.82,1.91,48.73,67.83,74.11,1.52,12.8,91.75,NORMAL
2026-01-01T12:24:40,tank01,normal,82.11,1.97,47.62,67.71,77.46,1.46,13.13,92.1,NORMAL
2026-01-01T12:24:45,tank01,normal,82.48,1.94,48.86,67.38,76.22,1.55,13.0,91.36,NORMAL
2026-01-01T12:24:50,tank01,low_quality,89.97,1.87,40.99,70.01,86.79,2.03,14.15,85.27,WARNING
2026-01-01T12:24:55,tank01,low_quality,90.32,1.79,39.36,70.98,85.03,1.71,14.0,84.31,CRITICAL
2026-01-01T12:25:00,tank01,high_vibration,81.91,1.89,46.42,69.81,76.12,4.81,12.99,80.93,CRITICAL
2026-01-01T12:25:05,tank01,normal,80.83,1.94,47.87,70.7,75.21,1.97,12.89,92.86,NORMAL
2026-01-01T12:25:10,tank01,normal,82.1,1.9,46.45,68.58,73.84,1.66,12.81,92.04,NORMAL
2026-01-01T12:25:15,tank01,normal,82.83,1.91,45.93,69.97,75.15,1.76,12.95,91.68,NORMAL
2026-01-01T12:25:20,tank01,normal,80.7,1.87,45.76,71.74,75.97,1.47,12.93,93.13,NORMAL
2026-01-01T12:25:25,tank01,normal,80.51,1.79,45.16,69.89,75.22,1.66,12.83,93.05,NORMAL
2026-01-01T12:25:30,tank01,normal,80.81,1.87,43.37,70.11,72.2,1.3,12.67,92.82,NORMAL
2026-01-01T12:25:35,tank01,normal,79.95,1.83,43.56,70.0,73.21,1.34,12.7,93.33,NORMAL
2026-01-01T12:25:40,tank01,normal,79.17,1.89,43.09,69.91,72.35,1.32,12.65,94.11,NORMAL
2026-01-01T12:25:45,tank01,normal,79.89,1.78,42.61,68.92,73.37,1.4,12.7,92.89,NORMAL
2026-01-01T12:25:50,tank01,high_vibration,79.0,1.93,42.88,69.52,72.78,4.46,12.71,84.53,CRITICAL
2026-01-01T12:25:55,tank01,low_quality,85.27,1.88,33.07,67.01,82.21,1.36,13.76,86.95,WARNING
2026-01-01T12:26:00,tank01,normal,77.67,1.84,42.14,68.54,71.41,1.31,12.51,94.22,NORMAL
2026-01-01T12:26:05,tank01,normal,77.62,1.88,41.99,70.78,70.4,1.31,12.46,94.36,NORMAL
2026-01-01T12:26:10,tank01,low_quality,83.09,1.94,34.41,70.43,80.51,1.37,13.58,89.23,WARNING
2026-01-01T12:26:15,tank01,normal,78.41,1.92,42.32,71.51,70.85,1.46,12.54,94.64,NORMAL
2026-01-01T12:26:20,tank01,normal,74.76,1.95,43.26,68.9,68.33,1.27,12.23,92.88,NORMAL
2026-01-01T12:26:25,tank01,normal,75.25,1.87,42.14,68.35,68.91,1.37,12.26,92.58,NORMAL
2026-01-01T12:26:30,tank01,normal,75.21,1.97,44.23,66.82,68.75,1.53,12.27,93.55,NORMAL
2026-01-01T12:26:35,tank01,normal,75.0,1.89,42.89,67.41,66.24,1.51,12.04,92.68,NORMAL
2026-01-01T12:26:40,tank01,normal,74.73,1.89,43.3,66.46,66.14,1.55,12.01,92.54,NORMAL
2026-01-01T12:26:45,tank01,normal,74.04,2.05,43.67,64.43,64.79,1.53,11.98,92.46,NORMAL
2026-01-01T12:26:50,tank01,normal,73.52,1.92,44.74,64.93,64.34,1.28,11.83,92.17,NORMAL
2026-01-01T12:26:55,tank01,normal,74.4,2.04,44.89,66.39,65.16,1.35,12.0,93.05,NORMAL
2026-01-01T12:27:00,tank01,normal,72.5,2.09,44.73,65.54,65.3,1.43,11.98,91.34,NORMAL
2026-01-01T12:27:05,tank01,low_flow,73.72,2.29,31.21,61.98,62.28,1.55,12.1,87.88,CRITICAL
2026-01-01T12:27:10,tank01,normal,74.01,2.08,46.43,62.81,64.18,1.89,11.9,92.27,NORMAL
2026-01-01T12:27:15,tank01,high_temp,89.28,2.14,47.06,60.65,73.38,1.56,13.13,86.33,WARNING
2026-01-01T12:27:20,tank01,high_temp,88.27,2.03,45.78,62.44,71.52,1.51,12.9,87.96,WARNING
2026-01-01T12:27:25,tank01,low_flow,75.7,2.28,33.54,61.47,64.6,1.76,12.31,89.99,WARNING
2026-01-01T12:27:30,tank01,high_vibration,75.3,2.04,48.12,62.08,65.48,4.8,12.0,81.8,CRITICAL
2026-01-01T12:27:35,tank01,normal,74.55,2.12,49.88,60.86,64.24,1.51,11.9,91.58,NORMAL
2026-01-01T12:27:40,tank01,normal,75.83,2.23,47.71,63.2,62.96,1.7,11.93,92.54,NORMAL
2026-01-01T12:27:45,tank01,normal,77.92,2.14,47.12,62.35,64.37,1.85,12.06,94.73,NORMAL
2026-01-01T12:27:50,tank01,normal,76.02,2.08,48.03,59.03,65.83,1.7,12.07,93.38,NORMAL
2026-01-01T12:27:55,tank01,overpressure,77.07,3.09,49.35,62.41,64.67,1.64,12.6,88.79,CRITICAL
2026-01-01T12:28:00,tank01,normal,78.17,2.14,47.95,59.39,64.92,1.73,12.11,94.41,NORMAL
2026-01-01T12:28:05,tank01,normal,78.54,2.14,48.23,61.31,65.16,1.66,12.13,94.08,NORMAL
2026-01-01T12:28:10,tank01,normal,78.75,2.09,47.89,61.81,66.58,1.51,12.22,94.28,NORMAL
2026-01-01T12:28:15,tank01,low_quality,88.27,2.14,39.06,62.12,78.2,1.35,13.6,86.1,WARNING
2026-01-01T12:28:20,tank01,normal,78.97,2.07,46.09,56.38,67.5,1.36,12.32,94.63,NORMAL
2026-01-01T12:28:25,tank01,high_temp,93.89,2.19,46.14,59.64,77.79,1.48,13.66,82.85,CRITICAL
2026-01-01T12:28:30,tank01,high_vibration,81.41,2.09,45.25,59.89,68.27,4.51,12.48,82.87,CRITICAL
2026-01-01T12:28:35,tank01,normal,79.78,2.0,45.63,61.1,70.05,1.22,12.51,94.49,NORMAL
2026-01-01T12:28:40,tank01,normal,80.29,2.15,42.87,60.59,68.47,1.5,12.53,93.0,NORMAL
2026-01-01T12:28:45,tank01,normal,81.1,2.18,45.88,60.74,72.88,1.4,12.89,92.53,NORMAL
2026-01-01T12:28:50,tank01,low_flow,82.6,2.37,28.02,58.72,72.14,1.5,13.25,86.44,CRITICAL
2026-01-01T12:28:55,tank01,low_flow,82.42,2.37,27.77,61.33,70.81,1.33,13.15,86.51,CRITICAL
2026-01-01T12:29:00,tank01,low_flow,81.69,2.32,27.12,59.2,73.93,1.33,13.35,87.18,CRITICAL
2026-01-01T12:29:05,tank01,normal,82.18,2.05,41.99,57.8,75.24,1.18,13.08,91.89,NORMAL
2026-01-01T12:29:10,tank01,normal,82.48,2.09,41.71,60.85,75.76,1.34,13.16,91.39,NORMAL
2026-01-01T12:29:15,tank01,normal,80.83,2.02,42.06,60.89,73.74,1.66,12.9,93.06,NORMAL
2026-01-01T12:29:20,tank01,normal,82.02,2.03,40.28,60.62,77.36,1.12,13.26,91.67,NORMAL
2026-01-01T12:29:25,tank01,normal,81.2,2.02,43.87,61.33,74.67,1.36,12.97,93.2,NORMAL
2026-01-01T12:29:30,tank01,normal,82.43,1.99,42.12,64.75,76.95,1.42,13.19,91.9,NORMAL
2026-01-01T12:29:35,tank01,normal,80.93,2.01,42.29,62.99,77.51,1.57,13.2,93.07,NORMAL
2026-01-01T12:29:40,tank01,low_quality,89.64,2.04,35.11,62.69,87.29,1.48,14.37,84.61,WARNING
2026-01-01T12:29:45,tank01,normal,80.06,1.95,42.98,62.83,74.98,1.59,12.92,93.68,NORMAL
2026-01-01T12:29:50,tank01,normal,79.23,1.89,42.87,65.88,76.71,1.63,13.0,93.99,NORMAL
2026-01-01T12:29:55,tank01,high_vibration,79.01,1.94,45.03,63.85,75.96,4.59,12.93,84.56,CRITICAL
2026-01-01T12:30:00,tank01,normal,79.22,1.97,44.89,63.72,76.66,1.8,13.02,94.91,NORMAL
2026-01-01T12:30:05,tank01,high_temp,92.22,1.85,45.94,64.69,81.5,1.68,13.7,84.33,CRITICAL
2026-01-01T12:30:10,tank01,normal,76.58,1.93,45.55,67.48,77.82,1.86,13.0,94.45,NORMAL
2026-01-01T12:30:15,tank01,normal,76.78,1.87,46.38,65.72,73.37,1.64,12.6,94.11,NORMAL
2026-01-01T12:30:20,tank01,normal,77.02,1.92,46.64,65.85,74.26,2.03,12.7,94.33,NORMAL
2026-01-01T12:30:25,tank01,normal,77.16,1.89,45.6,67.31,72.3,1.78,12.55,94.69,NORMAL
2026-01-01T12:30:30,tank01,normal,75.44,1.89,46.51,68.79,71.61,1.66,12.43,93.15,NORMAL
2026-01-01T12:30:35,tank01,normal,75.81,1.9,45.86,67.54,73.84,1.56,12.63,93.62,NORMAL
2026-01-01T12:30:40,tank01,normal,74.79,1.82,45.78,67.29,69.85,1.69,12.23,92.48,NORMAL
2026-01-01T12:30:45,tank01,normal,75.74,1.84,48.12,68.02,74.62,1.84,12.63,92.75,NORMAL
2026-01-01T12:30:50,tank01,high_temp,87.94,1.9,49.85,67.37,78.74,1.66,13.33,86.81,WARNING
2026-01-01T12:30:55,tank01,normal,75.41,1.79,48.51,70.23,70.45,1.53,12.24,92.11,NORMAL
2026-01-01T12:31:00,tank01,normal,74.14,1.8,47.45,69.63,70.24,1.32,12.21,91.51,NORMAL
2026-01-01T12:31:05,tank01,normal,75.39,1.9,47.34,68.39,68.47,1.39,12.17,92.97,NORMAL
2026-01-01T12:31:10,tank01,low_flow,72.01,2.1,32.02,69.75,70.01,1.43,12.54,87.75,WARNING
2026-01-01T12:31:15,tank01,normal,74.64,1.77,48.49,69.61,67.74,1.2,11.99,91.45,NORMAL
2026-01-01T12:31:20,tank01,normal,73.05,1.74,46.98,69.21,67.13,1.38,11.9,90.49,NORMAL
2026-01-01T12:31:25,tank01,normal,74.8,1.93,47.07,70.57,66.29,1.22,12.0,92.74,NORMAL
2026-01-01T12:31:30,tank01,normal,74.09,1.88,45.28,69.59,63.93,1.26,11.79,92.39,NORMAL
2026-01-01T12:31:35,tank01,overpressure,74.11,2.89,44.53,68.99,66.33,1.33,12.6,88.5,CRITICAL
2026-01-01T12:31:40,tank01,normal,75.19,1.87,44.63,69.63,62.97,1.5,11.75,93.16,NORMAL
2026-01-01T12:31:45,tank01,high_temp,90.24,1.91,46.22,70.42,72.65,1.23,12.97,86.05,CRITICAL
2026-01-01T12:31:50,tank01,low_quality,85.69,1.9,36.67,71.41,71.42,1.16,12.87,87.64,WARNING
2026-01-01T12:31:55,tank01,normal,77.01,1.93,42.2,67.68,63.0,1.51,11.88,94.23,NORMAL
2026-01-01T12:32:00,tank01,low_quality,84.16,1.93,35.16,70.35,71.18,1.34,12.85,88.59,WARNING
2026-01-01T12:32:05,tank01,normal,77.03,2.05,43.97,68.55,63.4,1.56,11.95,94.78,NORMAL
2026-01-01T12:32:10,tank01,normal,78.16,1.98,42.58,67.36,65.87,1.61,12.16,95.16,NORMAL
2026-01-01T12:32:15,tank01,normal,77.02,1.98,41.8,71.59,64.48,1.56,12.03,94.37,NORMAL
2026-01-01T12:32:20,tank01,normal,77.85,2.02,41.93,68.76,64.64,1.7,12.09,95.01,NORMAL
2026-01-01T12:32:25,tank01,low_quality,86.17,2.01,36.92,69.26,72.74,1.65,13.06,87.79,WARNING
2026-01-01T12:32:30,tank01,normal,80.15,2.08,41.24,66.72,64.79,1.52,12.22,93.03,NORMAL
2026-01-01T12:32:35,tank01,high_vibration,80.32,2.15,41.98,67.92,66.17,4.49,12.36,82.82,CRITICAL
2026-01-01T12:32:40,tank01,low_quality,89.84,2.04,33.63,67.13,76.09,1.5,13.5,84.1,WARNING
2026-01-01T12:32:45,tank01,normal,79.83,2.06,43.14,65.92,64.45,1.79,12.14,93.89,NORMAL
2026-01-01T12:32:50,tank01,high_temp,95.0,2.13,41.96,66.01,75.49,1.71,13.54,81.85,CRITICAL
2026-01-01T12:32:55,tank01,normal,81.12,2.16,43.37,68.57,65.34,1.93,12.31,92.44,NORMAL
2026-01-01T12:33:00,tank01,normal,81.39,2.17,44.17,66.64,67.86,1.64,12.51,92.38,NORMAL
2026-01-01T12:33:05,tank01,normal,81.48,2.12,44.14,66.0,68.47,1.84,12.53,92.56,NORMAL
2026-01-01T12:33:10,tank01,normal,81.12,2.09,45.03,64.53,68.63,1.89,12.5,93.2,NORMAL
2026-01-01T12:33:15,tank01,normal,82.59,2.12,45.18,64.81,69.93,1.71,12.67,91.91,NORMAL
2026-01-01T12:33:20,tank01,high_temp,96.36,2.13,45.56,64.62,79.38,1.59,13.84,81.45,CRITICAL
2026-01-01T12:33:25,tank01,high_temp,95.4,2.22,44.89,66.5,78.86,1.58,13.83,81.8,CRITICAL
2026-01-01T12:33:30,tank01,normal,81.43,2.19,48.5,62.95,69.95,1.69,12.62,91.62,NORMAL
2026-01-01T12:33:35,tank01,normal,81.12,2.17,47.43,64.43,72.86,1.71,12.85,92.2,NORMAL
2026-01-01T12:33:40,tank01,normal,82.07,2.22,46.94,62.02,73.71,1.52,12.98,91.38,NORMAL
2026-01-01T12:33:45,tank01,normal,79.72,2.06,48.14,63.45,74.09,1.39,12.83,93.65,NORMAL
2026-01-01T12:33:50,tank01,low_flow,79.86,2.36,33.93,61.15,72.98,1.26,13.14,90.05,WARNING
2026-01-01T12:33:55,tank01,normal,79.95,2.16,48.24,62.34,74.24,1.48,12.91,92.93,NORMAL
2026-01-01T12:34:00,tank01,normal,79.85,2.02,47.57,62.23,75.8,1.45,12.96,93.89,NORMAL
2026-01-01T12:34:05,tank01,normal,76.77,2.14,48.61,61.28,76.41,1.4,12.97,93.48,NORMAL
2026-01-01T12:34:10,tank01,normal,79.02,2.2,46.97,60.26,74.84,1.55,12.97,93.76,NORMAL
2026-01-01T12:34:15,tank01,low_flow,78.65,2.34,31.52,61.64,77.73,1.36,13.51,90.42,CRITICAL
2026-01-01T12:34:20,tank01,normal,77.96,2.15,46.39,60.64,75.89,1.31,13.0,94.88,NORMAL
2026-01-01T12:34:25,tank01,normal,77.63,2.13,46.88,60.84,77.75,1.57,13.12,94.61,NORMAL
2026-01-01T12:34:30,tank01,normal,76.59,2.01,45.64,60.3,73.27,1.66,12.68,94.71,NORMAL
2026-01-01T12:34:35,tank01,normal,76.1,1.97,44.9,58.35,76.02,1.52,12.88,94.43,NORMAL
2026-01-01T12:34:40,tank01,low_flow,75.5,2.14,31.25,60.71,77.78,1.38,13.3,90.0,CRITICAL
2026-01-01T12:34:45,tank01,normal,76.27,1.98,46.05,60.5,74.8,1.71,12.77,94.34,NORMAL
2026-01-01T12:34:50,tank01,low_flow,73.75,2.28,30.39,60.68,75.13,1.41,13.13,87.78,CRITICAL
2026-01-01T12:34:55,tank01,normal,76.28,1.92,43.17,57.19,73.29,1.62,12.66,93.86,NORMAL
2026-01-01T12:35:00,tank01,normal,74.94,1.98,41.98,60.56,73.58,1.63,12.69,92.84,NORMAL
2026-01-01T12:35:05,tank01,low_flow,74.45,2.22,28.18,59.19,72.3,1.58,12.93,88.04,CRITICAL
2026-01-01T12:35:10,tank01,normal,74.07,1.92,43.25,60.66,74.51,1.76,12.69,92.21,NORMAL
2026-01-01T12:35:15,tank01,normal,74.19,1.92,41.97,59.49,71.42,1.73,12.46,91.98,NORMAL
2026-01-01T12:35:20,tank01,normal,74.29,1.97,41.23,60.29,72.76,1.73,12.61,92.11,NORMAL
2026-01-01T12:35:25,tank01,low_flow,73.38,2.15,26.25,60.81,71.92,1.67,12.85,87.12,CRITICAL
2026-01-01T12:35:30,tank01,normal,74.53,1.92,42.27,61.2,70.69,1.53,12.41,92.33,NORMAL
2026-01-01T12:35:35,tank01,normal,75.16,1.84,40.09,60.82,70.73,1.78,12.42,91.86,NORMAL
2026-01-01T12:35:40,tank01,high_temp,88.67,1.91,41.3,63.2,75.93,1.67,13.26,86.62,WARNING
2026-01-01T12:35:45,tank01,normal,75.41,1.9,43.54,61.65,70.49,1.79,12.39,93.21,NORMAL
2026-01-01T12:35:50,tank01,normal,74.75,1.81,40.66,61.36,67.54,1.71,12.12,91.54,NORMAL
2026-01-01T12:35:55,tank01,normal,75.81,1.86,42.33,65.18,68.55,1.34,12.24,92.99,NORMAL
2026-01-01T12:36:00,tank01,normal,75.26,1.87,41.31,64.17,69.06,1.34,12.28,92.37,NORMAL
2026-01-01T12:36:05,tank01,normal,76.61,1.8,44.12,63.51,64.17,1.83,11.85,93.72,NORMAL
2026-01-01T12:36:10,tank01,high_vibration,75.25,1.86,43.41,63.04,65.85,4.27,11.99,83.75,CRITICAL
2026-01-01T12:36:15,tank01,low_quality,85.19,1.91,35.99,65.58,76.79,1.67,13.3,87.89,WARNING
2026-01-01T12:36:20,tank01,normal,77.35,1.76,45.65,64.95,65.09,1.41,11.9,94.17,NORMAL
2026-01-01T12:36:25,tank01,normal,78.95,1.91,44.72,66.51,64.29,1.43,11.98,94.75,NORMAL
2026-01-01T12:36:30,tank01,low_flow,79.52,2.13,31.42,66.55,62.86,1.43,12.22,90.8,CRITICAL
2026-01-01T12:36:35,tank01,normal,79.3,1.92,47.17,66.2,64.38,1.21,11.97,94.07,NORMAL
2026-01-01T12:36:40,tank01,overpressure,79.89,2.87,45.97,65.96,65.54,1.14,12.67,90.0,CRITICAL
2026-01-01T12:36:45,tank01,high_vibration,80.67,1.97,46.76,68.17,61.19,4.21,11.8,84.58,CRITICAL
2026-01-01T12:36:50,tank01,high_vibration,80.12,1.83,49.35,67.31,66.39,4.26,12.07,83.4,CRITICAL
2026-01-01T12:36:55,tank01,normal,81.45,1.88,48.14,66.82,63.18,1.17,11.9,92.03,NORMAL
2026-01-01T12:37:00,tank01,normal,80.64,1.88,48.67,68.65,62.75,1.0,11.84,92.49,NORMAL
2026-01-01T12:37:05,tank01,low_quality,89.86,1.97,38.59,68.91,74.8,1.4,13.28,85.35,WARNING
2026-01-01T12:37:10,tank01,normal,81.5,1.91,47.82,67.37,62.86,1.53,11.9,92.23,NORMAL
2026-01-01T12:37:15,tank01,normal,82.23,2.04,47.12,66.78,65.76,1.15,12.24,92.12,NORMAL
2026-01-01T12:37:20,tank01,normal,82.26,1.98,48.86,70.71,67.23,1.68,12.3,91.76,NORMAL
2026-01-01T12:37:25,tank01,overpressure,82.99,2.95,46.56,69.15,65.93,1.64,12.83,87.13,CRITICAL
2026-01-01T12:37:30,tank01,normal,82.95,2.0,47.76,71.43,65.17,1.61,12.19,91.6,NORMAL
2026-01-01T12:37:35,tank01,normal,83.29,2.04,48.24,72.53,65.72,1.54,12.26,91.02,NORMAL
2026-01-01T12:37:40,tank01,high_temp,94.94,1.98,45.31,71.4,75.07,1.52,13.36,83.14,CRITICAL
2026-01-01T12:37:45,tank01,high_vibration,82.8,1.99,45.99,69.75,71.77,4.61,12.73,81.67,CRITICAL
2026-01-01T12:37:50,tank01,normal,81.21,2.05,46.02,69.47,67.25,1.49,12.36,93.06,NORMAL
2026-01-01T12:37:55,tank01,normal,80.44,2.07,46.43,70.54,69.8,1.68,12.54,93.46,NORMAL
2026-01-01T12:38:00,tank01,normal,80.21,2.14,43.12,70.32,68.16,1.65,12.5,93.18,NORMAL
2026-01-01T12:38:05,tank01,high_temp,95.72,2.14,44.42,71.38,76.94,1.69,13.65,81.84,CRITICAL
2026-01-01T12:38:10,tank01,high_temp,94.36,2.13,44.39,70.29,79.65,1.75,13.81,82.95,CRITICAL
2026-01-01T12:38:15,tank01,normal,79.88,2.1,42.64,67.68,73.13,1.88,12.87,93.52,NORMAL
2026-01-01T12:38:20,tank01,normal,78.26,2.13,42.62,70.61,71.96,1.66,12.74,94.56,NORMAL
2026-01-01T12:38:25,tank01,normal,80.13,2.15,41.8,69.35,73.37,1.71,12.94,92.86,NORMAL
2026-01-01T12:38:30,tank01,overpressure,77.23,3.16,44.05,70.75,77.09,1.68,13.72,89.41,CRITICAL
2026-01-01T12:38:35,tank01,low_flow,76.88,2.36,26.05,67.88,73.88,1.49,13.24,88.65,CRITICAL
2026-01-01T12:38:40,tank01,high_temp,90.49,2.16,41.14,68.64,84.71,1.51,14.17,84.87,CRITICAL
2026-01-01T12:38:45,tank01,normal,77.27,2.18,42.41,67.43,73.75,1.68,12.89,93.89,NORMAL
2026-01-01T12:38:50,tank01,normal,75.69,2.12,43.72,69.14,74.98,1.16,12.89,93.33,NORMAL
2026-01-01T12:38:55,tank01,normal,76.06,2.14,42.51,68.88,73.83,1.37,12.84,93.22,NORMAL
2026-01-01T12:39:00,tank01,normal,74.73,2.15,41.83,68.31,75.99,1.49,12.99,91.99,NORMAL
2026-01-01T12:39:05,tank01,normal,74.94,2.08,42.53,68.27,75.63,1.29,12.91,92.7,NORMAL
2026-01-01T12:39:10,tank01,high_vibration,74.32,2.09,44.37,67.21,74.84,4.3,12.8,83.45,CRITICAL
2026-01-01T12:39:15,tank01,normal,73.28,2.1,43.9,68.45,75.95,1.29,12.88,91.67,NORMAL
2026-01-01T12:39:20,tank01,low_flow,73.9,2.39,29.17,65.25,75.81,1.14,13.28,87.03,CRITICAL
2026-01-01T12:39:25,tank01,normal,73.68,2.07,45.18,66.0,75.52,1.25,12.82,92.36,NORMAL
2026-01-01T12:39:30,tank01,normal,74.55,2.06,44.76,65.63,75.46,1.58,12.84,93.06,NORMAL
2026-01-01T12:39:35,tank01,normal,74.67,2.18,44.26,64.34,71.84,1.38,12.63,92.41,NORMAL
2026-01-01T12:39:40,tank01,overpressure,73.22,3.0,46.17,66.63,76.56,1.04,13.43,87.12,CRITICAL
2026-01-01T12:39:45,tank01,low_flow,72.48,2.32,31.77,63.67,75.32,1.25,13.12,86.93,CRITICAL
2026-01-01T12:39:50,tank01,normal,75.34,2.1,45.6,61.24,74.35,1.65,12.78,93.37,NORMAL
2026-01-01T12:39:55,tank01,normal,74.38,2.03,48.66,64.06,72.71,1.32,12.54,92.22,NORMAL
2026-01-01T12:40:00,tank01,normal,74.58,1.96,49.24,60.69,71.09,1.66,12.36,92.15,NORMAL
2026-01-01T12:40:05,tank01,overpressure,75.04,2.94,46.23,62.71,73.06,1.29,13.17,88.77,CRITICAL
2026-01-01T12:40:10,tank01,high_vibration,76.85,1.95,47.0,61.31,69.41,4.72,12.32,83.48,CRITICAL
2026-01-01T12:40:15,tank01,normal,76.29,1.91,47.26,61.94,68.55,1.45,12.21,93.71,NORMAL
2026-01-01T12:40:20,tank01,normal,76.96,1.92,48.02,61.15,68.69,1.53,12.24,94.07,NORMAL
2026-01-01T12:40:25,tank01,normal,77.41,1.9,48.79,62.46,68.51,1.53,12.21,94.1,NORMAL
2026-01-01T12:40:30,tank01,low_flow,76.18,2.08,33.48,62.93,66.22,1.56,12.33,91.34,WARNING
2026-01-01T12:40:35,tank01,normal,78.01,1.9,48.91,60.87,66.71,1.71,12.09,94.53,NORMAL
2026-01-01T12:40:40,tank01,normal,79.31,1.94,46.96,59.98,68.33,1.63,12.3,94.21,NORMAL
2026-01-01T12:40:45,tank01,high_temp,93.34,1.9,46.38,57.74,74.31,1.72,13.19,83.64,CRITICAL
2026-01-01T12:40:50,tank01,normal,78.73,1.92,46.2,58.41,67.95,1.42,12.25,94.73,NORMAL
2026-01-01T12:40:55,tank01,normal,81.18,1.79,46.24,61.08,63.26,1.66,11.87,92.23,NORMAL
2026-01-01T12:41:00,tank01,normal,81.28,1.82,46.44,61.0,64.55,1.66,12.0,92.29,NORMAL
2026-01-01T12:41:05,tank01,normal,80.88,1.96,44.11,59.96,62.87,1.4,11.97,93.43,NORMAL
2026-01-01T12:41:10,tank01,normal,81.17,1.88,44.82,59.65,66.27,1.58,12.19,92.99,NORMAL
2026-01-01T12:41:15,tank01,normal,80.96,1.81,44.71,61.22,63.59,1.72,11.93,92.74,NORMAL
2026-01-01T12:41:20,tank01,normal,82.97,1.78,44.65,60.05,64.19,1.52,12.02,91.09,NORMAL
2026-01-01T12:41:25,tank01,low_flow,81.34,2.02,28.07,60.06,63.65,1.5,12.33,89.14,CRITICAL
2026-01-01T12:41:30,tank01,normal,81.91,1.76,42.29,61.87,62.73,1.38,11.9,91.21,NORMAL
2026-01-01T12:41:35,tank01,normal,83.01,1.94,41.43,61.62,63.66,1.09,12.12,91.03,NORMAL
2026-01-01T12:41:40,tank01,high_temp,96.17,1.9,43.65,59.43,73.42,1.28,13.24,81.51,CRITICAL
2026-01-01T12:41:45,tank01,high_temp,96.18,1.84,44.05,61.26,72.77,1.35,13.15,81.32,CRITICAL
2026-01-01T12:41:50,tank01,normal,82.24,1.81,42.9,61.84,64.74,1.33,12.09,91.37,NORMAL
2026-01-01T12:41:55,tank01,high_vibration,82.19,1.83,43.07,62.02,66.06,4.29,12.2,82.38,CRITICAL
2026-01-01T12:42:00,tank01,high_temp,95.21,1.94,42.99,60.83,74.35,1.51,13.32,82.27,CRITICAL
2026-01-01T12:42:05,tank01,normal,81.27,2.02,41.91,60.64,65.27,1.34,12.24,92.69,NORMAL
2026-01-01T12:42:10,tank01,low_flow,79.92,2.2,26.82,61.51,66.64,1.24,12.65,88.99,CRITICAL
2026-01-01T12:42:15,tank01,normal,79.67,1.88,41.3,65.82,66.97,1.21,12.26,93.24,NORMAL
2026-01-01T12:42:20,tank01,normal,79.68,1.91,43.1,63.42,66.1,1.55,12.18,93.79,NORMAL
2026-01-01T12:42:25,tank01,normal,80.75,1.8,44.41,64.05,67.1,1.36,12.21,92.8,NORMAL
2026-01-01T12:42:30,tank01,low_flow,79.01,2.32,27.16,65.34,67.08,1.3,12.72,89.18,CRITICAL
2026-01-01T12:42:35,tank01,normal,79.11,2.04,46.03,64.46,70.39,1.58,12.54,94.73,NORMAL
2026-01-01T12:42:40,tank01,normal,79.26,2.0,44.91,65.26,69.85,1.35,12.49,95.03,NORMAL
2026-01-01T12:42:45,tank01,normal,75.87,2.03,44.51,65.37,71.25,1.49,12.53,94.13,NORMAL
2026-01-01T12:42:50,tank01,normal,77.18,2.0,46.88,65.3,69.19,1.54,12.35,94.91,NORMAL
2026-01-01T12:42:55,tank01,normal,77.49,2.08,47.61,64.83,73.81,1.9,12.77,94.55,NORMAL
2026-01-01T12:43:00,tank01,normal,76.5,2.1,45.89,67.24,72.55,1.62,12.67,94.14,NORMAL
2026-01-01T12:43:05,tank01,high_temp,90.02,2.14,48.02,67.67,81.58,1.59,13.79,85.53,CRITICAL
2026-01-01T12:43:10,tank01,normal,74.48,2.03,47.02,64.36,75.0,1.69,12.75,92.72,NORMAL
2026-01-01T12:43:15,tank01,normal,75.28,2.04,48.4,68.44,73.02,1.58,12.6,92.92,NORMAL
2026-01-01T12:43:20,tank01,normal,74.13,2.17,47.17,68.14,73.77,1.67,12.72,91.71,NORMAL
2026-01-01T12:43:25,tank01,normal,75.33,2.1,47.16,70.92,78.19,1.52,13.07,92.94,NORMAL
2026-01-01T12:43:30,tank01,normal,74.25,2.1,48.82,68.34,73.43,1.7,12.63,91.71,NORMAL
2026-01-01T12:43:35,tank01,normal,74.49,2.13,49.62,68.35,76.6,1.56,12.89,91.58,NORMAL
2026-01-01T12:43:40,tank01,normal,73.69,2.14,49.57,71.39,75.42,1.63,12.78,90.94,NORMAL
2026-01-01T12:43:45,tank01,overpressure,73.85,3.16,47.35,68.68,75.67,1.83,13.45,86.52,CRITICAL
2026-01-01T12:43:50,tank01,normal,75.04,2.13,47.78,68.9,75.53,1.58,12.85,92.45,NORMAL
2026-01-01T12:43:55,tank01,normal,74.63,2.15,46.92,70.34,75.87,1.44,12.9,92.23,NORMAL
2026-01-01T12:44:00,tank01,normal,75.26,2.17,46.46,69.59,75.55,1.68,12.91,92.71,NORMAL
2026-01-01T12:44:05,tank01,low_quality,81.68,2.19,36.22,73.21,87.22,1.69,14.2,90.09,WARNING
2026-01-01T12:44:10,tank01,normal,75.01,2.17,44.56,69.55,75.62,1.39,12.93,92.8,NORMAL
2026-01-01T12:44:15,tank01,low_quality,83.15,2.13,37.34,70.7,85.81,1.51,14.08,89.55,WARNING
2026-01-01T12:44:20,tank01,high_temp,90.44,2.2,43.62,69.46,80.13,1.4,13.79,85.35,CRITICAL
2026-01-01T12:44:25,tank01,normal,77.3,2.13,43.04,72.12,73.31,1.07,12.81,94.35,NORMAL
2026-01-01T12:44:30,tank01,low_flow,75.85,2.48,29.3,69.54,71.63,1.45,13.06,88.04,CRITICAL
2026-01-01T12:44:35,tank01,normal,77.73,2.13,44.36,68.48,72.45,1.4,12.74,95.01,NORMAL
2026-01-01T12:44:40,tank01,high_vibration,77.61,2.14,43.51,70.0,70.99,4.38,12.64,85.09,CRITICAL
2026-01-01T12:44:45,tank01,normal,78.3,2.05,42.84,68.77,72.07,1.19,12.7,95.0,NORMAL
2026-01-01T12:44:50,tank01,normal,78.09,2.16,42.48,71.94,70.31,1.48,12.62,94.53,NORMAL
2026-01-01T12:44:55,tank01,normal,79.41,2.11,41.1,68.91,69.81,1.43,12.61,93.43,NORMAL
2026-01-01T12:45:00,tank01,normal,80.34,2.13,42.38,67.33,69.99,1.37,12.65,92.94,NORMAL
2026-01-01T12:45:05,tank01,normal,79.43,2.01,42.22,66.57,69.74,1.21,12.54,94.18,NORMAL
2026-01-01T12:45:10,tank01,normal,80.61,1.99,42.23,71.23,66.97,1.53,12.33,93.28,NORMAL
2026-01-01T12:45:15,tank01,normal,79.98,1.99,42.45,65.51,67.94,1.53,12.39,93.86,NORMAL
2026-01-01T12:45:20,tank01,low_quality,89.54,2.0,34.46,68.59,77.52,1.51,13.57,84.69,WARNING
2026-01-01T12:45:25,tank01,normal,81.01,2.08,42.99,64.86,64.83,1.47,12.22,92.81,NORMAL
2026-01-01T12:45:30,tank01,normal,82.4,1.93,44.81,68.98,65.55,1.8,12.2,92.31,NORMAL
2026-01-01T12:45:35,tank01,high_vibration,80.73,1.83,44.89,66.13,67.43,4.66,12.24,82.43,CRITICAL
2026-01-01T12:45:40,tank01,normal,82.3,1.93,44.67,65.83,65.38,1.65,12.19,92.35,NORMAL
2026-01-01T12:45:45,tank01,low_quality,90.49,1.92,35.97,64.86,73.3,1.94,13.19,83.99,CRITICAL
2026-01-01T12:45:50,tank01,normal,81.38,1.92,44.65,63.2,64.8,1.8,12.11,92.95,NORMAL
2026-01-01T12:45:55,tank01,normal,82.79,1.83,46.29,66.41,64.3,1.63,12.03,91.24,NORMAL
2026-01-01T12:46:00,tank01,normal,81.24,1.83,45.88,66.4,63.42,1.75,11.92,92.5,NORMAL
2026-01-01T12:46:05,tank01,normal,81.56,1.94,47.08,62.62,64.97,1.89,12.1,92.51,NORMAL
2026-01-01T12:46:10,tank01,normal,82.14,1.88,47.1,63.99,63.7,1.53,11.98,91.79,NORMAL
2026-01-01T12:46:15,tank01,normal,81.72,1.85,47.45,59.54,64.85,1.38,12.04,91.85,NORMAL
2026-01-01T12:46:20,tank01,normal,80.18,1.83,48.8,63.3,65.32,1.55,12.0,92.59,NORMAL
2026-01-01T12:46:25,tank01,normal,80.44,1.82,47.61,62.2,64.34,1.5,11.94,92.61,NORMAL
2026-01-01T12:46:30,tank01,normal,80.47,1.81,48.26,63.02,60.57,1.89,11.62,92.38,NORMAL
2026-01-01T12:46:35,tank01,normal,80.15,1.87,45.71,61.95,64.3,1.25,11.99,93.57,NORMAL
2026-01-01T12:46:40,tank01,high_temp,93.12,1.81,49.17,62.39,74.29,1.48,13.09,82.68,CRITICAL
2026-01-01T12:46:45,tank01,normal,79.74,1.84,47.72,61.06,65.19,1.39,12.0,93.22,NORMAL
2026-01-01T12:46:50,tank01,normal,79.4,1.9,47.74,62.83,66.25,1.6,12.11,93.79,NORMAL
2026-01-01T12:46:55,tank01,normal,78.78,1.9,48.09,60.14,67.89,1.38,12.21,94.14,NORMAL
2026-01-01T12:47:00,tank01,normal,76.73,1.85,47.89,57.94,66.7,1.18,12.03,93.59,NORMAL
2026-01-01T12:47:05,tank01,normal,77.27,1.76,47.24,59.96,68.3,1.04,12.13,93.7,NORMAL
2026-01-01T12:47:10,tank01,normal,74.28,1.84,45.9,61.13,70.39,1.22,12.28,92.19,NORMAL
2026-01-01T12:47:15,tank01,normal,76.45,1.91,46.09,58.93,67.04,1.52,12.11,94.13,NORMAL
2026-01-01T12:47:20,tank01,normal,75.92,1.98,45.77,60.58,67.17,1.35,12.15,94.13,NORMAL
2026-01-01T12:47:25,tank01,normal,73.92,1.93,46.05,60.75,70.27,1.35,12.31,92.34,NORMAL
2026-01-01T12:47:30,tank01,normal,74.59,2.04,42.84,59.79,70.33,1.25,12.44,92.72,NORMAL
2026-01-01T12:47:35,tank01,overpressure,73.19,3.02,43.99,60.28,71.16,1.29,13.04,87.02,CRITICAL
2026-01-01T12:47:40,tank01,low_quality,81.83,1.96,34.84,59.39,80.39,1.52,13.54,90.39,WARNING
2026-01-01T12:47:45,tank01,normal,73.68,1.92,44.31,62.2,75.54,1.36,12.74,92.21,NORMAL
2026-01-01T12:47:50,tank01,high_vibration,74.13,2.02,43.34,61.34,73.21,4.41,12.64,82.94,CRITICAL
2026-01-01T12:47:55,tank01,normal,73.43,2.0,41.96,60.25,73.04,1.45,12.62,91.79,NORMAL
2026-01-01T12:48:00,tank01,normal,74.68,2.04,42.35,62.26,74.58,1.48,12.8,92.65,NORMAL
2026-01-01T12:48:05,tank01,normal,74.78,2.08,42.0,61.23,74.02,1.48,12.78,92.44,NORMAL
2026-01-01T12:48:10,tank01,normal,73.38,1.99,41.58,62.06,75.2,1.75,12.79,91.64,NORMAL
2026-01-01T12:48:15,tank01,normal,74.64,2.06,42.19,60.65,75.92,1.55,12.92,92.47,NORMAL
2026-01-01T12:48:20,tank01,normal,73.56,2.01,42.16,61.1,75.46,1.72,12.82,91.93,NORMAL
2026-01-01T12:48:25,tank01,normal,74.28,2.09,41.87,63.02,76.12,1.57,12.94,91.99,NORMAL
2026-01-01T12:48:30,tank01,normal,75.43,2.07,41.52,63.86,75.45,1.58,12.92,92.87,NORMAL
2026-01-01T12:48:35,tank01,normal,75.84,2.08,43.29,61.78,76.48,1.73,12.99,93.54,NORMAL
2026-01-01T12:48:40,tank01,normal,75.98,2.11,43.56,63.97,75.93,1.62,12.97,93.57,NORMAL
2026-01-01T12:48:45,tank01,normal,76.6,2.14,43.68,64.67,77.3,1.79,13.11,93.89,NORMAL
2026-01-01T12:48:50,tank01,normal,76.96,2.16,45.46,64.75,76.37,1.89,13.03,94.29,NORMAL
2026-01-01T12:48:55,tank01,overpressure,77.38,3.09,44.63,63.18,75.8,1.91,13.57,90.01,CRITICAL
2026-01-01T12:49:00,tank01,normal,77.25,2.12,47.16,66.74,73.84,1.61,12.79,94.32,NORMAL
2026-01-01T12:49:05,tank01,normal,80.16,2.15,45.19,65.13,72.83,1.57,12.85,93.56,NORMAL
2026-01-01T12:49:10,tank01,normal,79.73,2.15,46.23,68.01,74.83,1.13,12.98,93.62,NORMAL
2026-01-01T12:49:15,tank01,high_vibration,78.95,2.16,46.63,67.65,74.31,4.22,12.91,85.17,CRITICAL
2026-01-01T12:49:20,tank01,normal,80.58,2.11,47.53,68.11,72.41,1.43,12.76,92.88,NORMAL
2026-01-01T12:49:25,tank01,normal,80.87,2.06,46.28,65.79,72.04,1.51,12.73,93.21,NORMAL
2026-01-01T12:49:30,tank01,normal,80.62,2.12,47.04,68.31,72.7,1.19,12.8,92.91,NORMAL
2026-01-01T12:49:35,tank01,normal,80.69,2.14,46.59,68.59,73.03,1.51,12.85,92.91,NORMAL
2026-01-01T12:49:40,tank01,normal,81.16,2.14,46.91,69.03,69.84,1.37,12.6,92.45,NORMAL
2026-01-01T12:49:45,tank01,normal,82.61,2.02,47.41,68.92,71.24,1.33,12.68,91.84,NORMAL
2026-01-01T12:49:50,tank01,normal,82.71,2.15,48.55,67.79,68.09,1.76,12.49,90.85,NORMAL
2026-01-01T12:49:55,tank01,normal,82.75,2.16,49.16,68.24,68.16,1.44,12.49,90.61,NORMAL
2026-01-01T12:50:00,tank01,normal,81.77,2.13,46.8,70.3,68.17,1.41,12.49,92.05,NORMAL
2026-01-01T12:50:05,tank01,normal,81.83,2.06,45.77,70.1,66.89,1.24,12.35,92.65,NORMAL
2026-01-01T12:50:10,tank01,normal,81.39,2.09,47.1,71.31,69.14,1.34,12.52,92.48,NORMAL
2026-01-01T12:50:15,tank01,normal,82.25,2.03,47.18,69.98,65.44,1.55,12.21,92.12,NORMAL
2026-01-01T12:50:20,tank01,normal,80.04,1.97,46.62,69.55,63.2,1.33,11.94,93.92,NORMAL
2026-01-01T12:50:25,tank01,normal,82.19,2.03,44.36,70.12,64.27,1.34,12.16,92.55,NORMAL
2026-01-01T12:50:30,tank01,normal,81.64,1.93,44.58,69.65,67.35,1.42,12.33,92.82,NORMAL
2026-01-01T12:50:35,tank01,high_temp,94.89,1.98,43.95,68.91,73.8,1.58,13.28,82.97,CRITICAL
2026-01-01T12:50:40,tank01,normal,81.72,2.02,45.51,70.55,63.53,1.39,12.06,93.01,NORMAL
2026-01-01T12:50:45,tank01,normal,79.27,1.97,44.2,71.01,63.83,1.6,12.0,94.68,NORMAL
2026-01-01T12:50:50,tank01,normal,78.21,1.97,44.12,69.66,66.68,1.73,12.2,95.45,NORMAL
2026-01-01T12:50:55,tank01,normal,77.68,1.95,43.2,67.73,62.42,1.43,11.85,95.07,NORMAL
2026-01-01T12:51:00,tank01,normal,77.99,1.98,42.3,69.13,65.64,1.94,12.15,95.24,NORMAL
2026-01-01T12:51:05,tank01,normal,78.19,1.93,43.24,67.52,65.57,1.69,12.1,95.09,NORMAL
2026-01-01T12:51:10,tank01,high_temp,90.3,1.87,43.82,70.68,73.92,1.67,13.09,85.85,CRITICAL
2026-01-01T12:51:15,tank01,normal,75.93,1.83,43.37,68.21,63.69,1.76,11.82,93.18,NORMAL
2026-01-01T12:51:20,tank01,low_quality,84.39,1.9,31.92,66.49,74.01,1.79,13.11,87.42,CRITICAL
2026-01-01T12:51:25,tank01,low_flow,75.8,2.03,28.05,69.08,64.52,1.6,12.24,89.94,CRITICAL
2026-01-01T12:51:30,tank01,high_vibration,75.1,1.86,42.57,67.06,67.2,4.45,12.11,82.71,CRITICAL
2026-01-01T12:51:35,tank01,normal,75.28,1.85,40.32,66.85,66.04,1.54,12.04,92.02,NORMAL
2026-01-01T12:51:40,tank01,normal,75.18,1.8,41.83,67.66,67.68,1.78,12.12,92.09,NORMAL
2026-01-01T12:51:45,tank01,normal,73.39,1.91,42.8,65.47,69.49,1.73,12.26,91.53,NORMAL
2026-01-01T12:51:50,tank01,normal,73.54,1.81,43.53,66.57,68.77,1.39,12.14,91.34,NORMAL
2026-01-01T12:51:55,tank01,normal,74.98,1.87,44.45,66.8,68.15,1.63,12.16,92.95,NORMAL
2026-01-01T12:52:00,tank01,normal,74.23,1.93,45.87,64.16,69.52,1.62,12.26,92.6,NORMAL
2026-01-01T12:52:05,tank01,normal,74.02,1.83,44.27,65.12,69.76,1.18,12.24,91.99,NORMAL
2026-01-01T12:52:10,tank01,normal,75.2,1.82,45.82,64.23,70.86,1.3,12.33,92.78,NORMAL
2026-01-01T12:52:15,tank01,normal,74.08,1.83,46.22,63.87,71.02,0.91,12.31,91.88,NORMAL
2026-01-01T12:52:20,tank01,high_vibration,74.25,1.94,45.93,64.13,74.5,4.2,12.66,83.83,CRITICAL
2026-01-01T12:52:25,tank01,low_quality,82.27,1.84,40.2,63.8,81.03,1.42,13.45,90.79,NORMAL
2026-01-01T12:52:30,tank01,normal,74.67,1.99,47.02,61.48,72.88,1.36,12.56,92.95,NORMAL
2026-01-01T12:52:35,tank01,normal,75.24,1.84,49.06,62.72,72.21,1.33,12.4,92.12,NORMAL
2026-01-01T12:52:40,tank01,normal,74.38,2.03,48.9,62.71,73.77,1.2,12.62,92.17,NORMAL
2026-01-01T12:52:45,tank01,overpressure,75.05,2.91,46.54,59.98,78.92,1.43,13.61,88.86,CRITICAL
2026-01-01T12:52:50,tank01,normal,77.1,1.89,46.75,62.01,76.09,1.28,12.83,94.33,NORMAL
2026-01-01T12:52:55,tank01,high_vibration,77.47,1.94,47.65,61.28,76.42,4.77,12.89,83.55,CRITICAL
2026-01-01T12:53:00,tank01,normal,78.02,1.95,47.42,61.13,74.57,1.45,12.77,95.15,NORMAL
2026-01-01T12:53:05,tank01,normal,79.5,2.0,47.28,62.43,74.35,1.28,12.82,94.3,NORMAL
2026-01-01T12:53:10,tank01,high_vibration,79.13,2.04,48.74,59.01,76.3,4.79,12.97,82.85,CRITICAL
2026-01-01T12:53:15,tank01,normal,79.14,2.0,47.25,61.44,76.54,1.52,12.99,94.56,NORMAL
2026-01-01T12:53:20,tank01,normal,78.78,2.0,46.72,61.26,78.97,1.54,13.18,94.98,NORMAL
2026-01-01T12:53:25,tank01,normal,79.08,1.99,46.78,60.95,76.78,1.39,13.0,94.67,NORMAL
2026-01-01T12:53:30,tank01,normal,79.4,2.03,44.79,62.11,77.58,1.77,13.14,94.73,NORMAL
2026-01-01T12:53:35,tank01,normal,79.28,1.96,44.81,60.49,73.97,1.55,12.8,94.8,NORMAL
2026-01-01T12:53:40,tank01,normal,80.35,2.09,43.57,59.54,76.5,1.59,13.13,93.42,NORMAL
2026-01-01T12:53:45,tank01,normal,81.41,2.08,45.88,56.93,73.94,1.51,12.92,92.83,NORMAL
2026-01-01T12:53:50,tank01,normal,81.83,2.07,45.68,61.27,74.41,1.66,12.96,92.62,NORMAL
2026-01-01T12:53:55,tank01,normal,80.87,2.17,44.0,61.6,74.26,1.69,13.01,92.76,NORMAL
2026-01-01T12:54:00,tank01,low_quality,89.9,2.18,34.22,61.37,84.78,1.61,14.27,83.49,WARNING
2026-01-01T12:54:05,tank01,normal,82.32,2.18,42.84,61.62,72.15,1.62,12.91,91.33,NORMAL
2026-01-01T12:54:10,tank01,normal,82.62,2.06,42.92,62.32,73.51,1.39,12.95,91.7,NORMAL
2026-01-01T12:54:15,tank01,low_flow,81.76,2.43,26.87,60.36,73.09,1.59,13.36,86.48,CRITICAL
2026-01-01T12:54:20,tank01,normal,81.87,2.11,42.66,63.13,70.01,1.39,12.68,91.96,NORMAL
2026-01-01T12:54:25,tank01,normal,81.79,2.18,40.54,63.44,70.08,1.37,12.76,91.12,NORMAL
2026-01-01T12:54:30,tank01,high_vibration,81.54,2.16,40.52,62.55,69.88,4.39,12.73,81.87,CRITICAL
2026-01-01T12:54:35,tank01,normal,80.56,2.13,41.77,61.56,68.72,1.46,12.57,92.63,NORMAL
2026-01-01T12:54:40,tank01,normal,80.17,2.22,41.57,61.83,71.12,1.35,12.81,92.39,NORMAL
2026-01-01T12:54:45,tank01,normal,81.96,2.1,43.78,62.59,70.05,1.13,12.67,92.21,NORMAL
2026-01-01T12:54:50,tank01,overpressure,80.63,3.11,41.13,64.24,68.1,1.23,13.11,87.54,CRITICAL
2026-01-01T12:54:55,tank01,normal,79.63,2.15,43.85,62.54,68.04,1.36,12.46,93.76,NORMAL
2026-01-01T12:55:00,tank01,low_flow,79.26,2.37,28.81,61.74,65.49,1.37,12.61,89.18,CRITICAL
2026-01-01T12:55:05,tank01,normal,77.06,2.14,45.62,64.11,64.3,1.2,12.06,94.44,NORMAL
2026-01-01T12:55:10,tank01,normal,79.18,2.08,43.59,63.83,65.04,1.33,12.18,94.34,NORMAL
2026-01-01T12:55:15,tank01,high_temp,90.35,2.11,44.0,63.22,73.78,1.19,13.22,85.94,CRITICAL
2026-01-01T12:55:20,tank01,normal,77.99,2.01,45.95,65.27,65.45,1.31,12.1,95.69,NORMAL
2026-01-01T12:55:25,tank01,normal,77.44,1.94,47.01,65.41,63.33,1.5,11.85,94.78,NORMAL
2026-01-01T12:55:30,tank01,normal,75.76,2.06,46.35,65.96,63.86,1.23,11.92,93.67,NORMAL
2026-01-01T12:55:35,tank01,normal,76.73,2.06,46.66,68.24,63.85,1.33,11.95,94.32,NORMAL
2026-01-01T12:55:40,tank01,normal,76.09,2.14,46.33,66.03,62.35,1.53,11.86,93.54,NORMAL
2026-01-01T12:55:45,tank01,normal,76.98,1.98,46.71,69.85,62.5,1.29,11.8,94.72,NORMAL
2026-01-01T12:55:50,tank01,normal,74.47,1.9,47.92,68.94,66.93,1.62,12.01,92.12,NORMAL
2026-01-01T12:55:55,tank01,high_temp,88.51,2.0,47.62,68.01,73.38,1.42,13.01,87.45,WARNING
2026-01-01T12:56:00,tank01,normal,73.91,2.0,47.93,68.79,65.1,1.65,11.91,92.18,NORMAL
2026-01-01T12:56:05,tank01,overpressure,74.79,2.89,50.28,65.55,64.28,1.68,12.37,87.81,CRITICAL
2026-01-01T12:56:10,tank01,normal,74.52,1.88,48.17,67.4,65.6,1.55,11.89,91.98,NORMAL
2026-01-01T12:56:15,tank01,normal,72.79,1.88,46.7,70.12,67.4,1.73,12.0,91.06,NORMAL
2026-01-01T12:56:20,tank01,normal,73.92,1.91,47.5,69.26,68.76,1.82,12.15,91.87,NORMAL
2026-01-01T12:56:25,tank01,normal,73.14,1.86,48.48,70.74,67.04,1.69,11.95,90.78,NORMAL
2026-01-01T12:56:30,tank01,normal,75.62,1.84,47.77,71.71,67.25,1.53,12.03,92.7,NORMAL
2026-01-01T12:56:35,tank01,normal,74.44,1.86,46.41,70.93,70.5,1.97,12.29,92.27,NORMAL
2026-01-01T12:56:40,tank01,high_temp,88.82,1.91,45.53,71.61,76.87,1.84,13.28,87.29,WARNING
2026-01-01T12:56:45,tank01,normal,74.96,1.78,45.4,71.48,69.23,1.56,12.17,92.52,NORMAL
2026-01-01T12:56:50,tank01,normal,74.55,1.87,43.07,70.33,71.63,1.51,12.45,92.31,NORMAL
2026-01-01T12:56:55,tank01,normal,76.34,1.89,44.13,71.07,69.41,1.6,12.32,93.99,NORMAL
2026-01-01T12:57:00,tank01,normal,76.76,1.82,44.73,69.44,71.43,1.57,12.44,94.1,NORMAL
2026-01-01T12:57:05,tank01,normal,78.1,1.79,42.07,68.44,72.07,1.66,12.55,94.14,NORMAL
2026-01-01T12:57:10,tank01,low_flow,76.63,2.13,27.83,70.53,72.45,1.62,12.96,90.03,CRITICAL
2026-01-01T12:57:15,tank01,normal,76.25,1.8,41.7,69.94,73.34,1.69,12.61,92.88,NORMAL
2026-01-01T12:57:20,tank01,normal,78.09,1.82,41.64,70.1,73.6,1.38,12.7,94.2,NORMAL
2026-01-01T12:57:25,tank01,overpressure,80.16,2.88,41.42,69.6,73.83,1.5,13.42,89.09,CRITICAL
2026-01-01T12:57:30,tank01,normal,79.66,1.89,41.44,68.96,74.92,1.27,12.9,93.33,NORMAL
2026-01-01T12:57:35,tank01,normal,79.81,1.81,43.68,69.21,75.01,1.04,12.83,93.36,NORMAL
2026-01-01T12:57:40,tank01,normal,79.39,1.93,42.08,69.22,75.4,1.41,12.94,93.9,NORMAL
2026-01-01T12:57:45,tank01,low_quality,88.77,1.83,33.57,68.32,88.91,1.21,14.37,84.22,WARNING
2026-01-01T12:57:50,tank01,overpressure,81.34,2.95,43.63,67.38,77.82,1.19,13.78,88.41,CRITICAL
2026-01-01T12:57:55,tank01,normal,81.72,1.91,46.12,68.03,75.93,1.27,12.98,92.5,NORMAL
2026-01-01T12:58:00,tank01,high_temp,95.83,1.88,43.0,65.66,83.46,1.37,14.03,81.51,CRITICAL
2026-01-01T12:58:05,tank01,high_temp,94.79,1.91,43.23,64.14,84.58,1.37,14.11,82.52,CRITICAL
2026-01-01T12:58:10,tank01,normal,82.53,1.93,43.82,64.69,77.18,1.34,13.15,91.93,NORMAL
2026-01-01T12:58:15,tank01,normal,81.83,1.92,43.94,65.83,74.25,1.27,12.89,92.48,NORMAL
2026-01-01T12:58:20,tank01,normal,81.68,1.96,43.64,65.55,73.57,1.61,12.86,92.69,NORMAL
2026-01-01T12:58:25,tank01,low_flow,80.75,2.33,30.25,64.55,74.43,1.58,13.32,88.61,CRITICAL
2026-01-01T12:58:30,tank01,normal,82.97,2.01,47.07,64.52,76.76,1.66,13.13,91.68,NORMAL
2026-01-01T12:58:35,tank01,high_temp,95.77,2.03,46.85,65.63,78.86,1.61,13.7,82.04,CRITICAL
2026-01-01T12:58:40,tank01,overpressure,80.99,3.14,46.16,62.01,70.69,1.79,13.28,87.77,CRITICAL
2026-01-01T12:58:45,tank01,normal,81.64,2.07,47.86,62.09,72.16,1.75,12.75,92.19,NORMAL
2026-01-01T12:58:50,tank01,normal,81.44,2.05,47.08,62.47,70.12,1.75,12.58,92.63,NORMAL
2026-01-01T12:58:55,tank01,normal,80.67,2.13,47.52,62.99,72.64,1.88,12.8,92.7,NORMAL
2026-01-01T12:59:00,tank01,normal,82.03,2.11,48.24,61.53,70.76,1.44,12.67,91.6,NORMAL
2026-01-01T12:59:05,tank01,normal,80.02,2.16,49.71,63.04,69.52,1.47,12.51,92.5,NORMAL
2026-01-01T12:59:10,tank01,normal,78.86,2.22,47.24,61.44,71.03,2.07,12.67,93.44,NORMAL
2026-01-01T12:59:15,tank01,high_vibration,80.04,2.17,48.79,61.2,68.4,4.76,12.44,81.67,CRITICAL
2026-01-01T12:59:20,tank01,high_vibration,77.88,2.16,48.14,59.87,71.92,4.54,12.66,84.17,CRITICAL
2026-01-01T12:59:25,tank01,low_flow,77.67,2.42,33.43,61.7,66.49,1.89,12.6,90.78,WARNING
2026-01-01T12:59:30,tank01,low_flow,78.47,2.42,31.69,62.83,67.49,1.53,12.73,90.22,CRITICAL
2026-01-01T12:59:35,tank01,normal,79.23,2.15,46.17,62.22,68.9,1.2,12.48,94.05,NORMAL
2026-01-01T12:59:40,tank01,normal,75.22,2.17,47.04,61.52,66.84,1.48,12.2,92.55,NORMAL
2026-01-01T12:59:45,tank01,normal,74.13,2.12,47.7,61.47,65.95,1.22,12.06,91.8,NORMAL
2026-01-01T12:59:50,tank01,low_quality,83.94,2.14,37.58,61.21,75.14,1.66,13.25,88.98,WARNING
2026-01-01T12:59:55,tank01,low_quality,84.09,2.24,38.12,60.99,73.75,1.51,13.2,88.5,NORMAL
2026-01-01T13:00:00,tank01,overpressure,76.46,3.13,45.42,58.36,65.01,1.39,12.69,89.11,CRITICAL
2026-01-01T13:00:05,tank01,normal,74.11,2.14,44.47,60.33,64.22,1.27,11.98,92.26,NORMAL
2026-01-01T13:00:10,tank01,normal,73.82,2.19,42.54,61.9,65.4,1.28,12.12,91.32,NORMAL
2026-01-01T13:00:15,tank01,normal,74.84,2.13,44.22,60.32,66.05,1.43,12.14,92.78,NORMAL
2026-01-01T13:00:20,tank01,overpressure,72.83,3.04,41.83,61.3,63.16,1.54,12.43,86.15,CRITICAL
2026-01-01T13:00:25,tank01,normal,72.73,2.15,41.19,61.39,62.52,1.72,11.85,90.36,NORMAL
2026-01-01T13:00:30,tank01,normal,74.28,2.0,42.78,62.23,66.39,1.59,12.1,92.64,NORMAL
2026-01-01T13:00:35,tank01,overpressure,73.47,3.04,42.84,61.35,66.15,1.44,12.68,86.85,CRITICAL
2026-01-01T13:00:40,tank01,high_temp,88.85,2.09,43.12,62.4,71.0,1.51,12.95,86.95,WARNING
2026-01-01T13:00:45,tank01,high_temp,88.6,2.05,42.04,59.26,72.37,1.22,13.05,87.05,WARNING
2026-01-01T13:00:50,tank01,normal,74.38,2.0,42.01,60.65,67.06,1.65,12.17,92.52,NORMAL
2026-01-01T13:00:55,tank01,high_vibration,75.09,2.03,42.53,61.16,65.14,4.4,12.04,83.46,CRITICAL
2026-01-01T13:01:00,tank01,low_flow,75.76,2.19,27.07,63.02,64.15,1.47,12.31,88.88,CRITICAL
2026-01-01T13:01:05,tank01,normal,76.0,1.91,42.74,62.75,66.02,1.51,12.07,93.47,NORMAL
2026-01-01T13:01:10,tank01,low_flow,74.77,2.13,27.4,62.28,67.47,1.39,12.51,88.53,CRITICAL
2026-01-01T13:01:15,tank01,normal,76.35,1.93,45.75,64.3,66.21,1.34,12.06,94.2,NORMAL
2026-01-01T13:01:20,tank01,normal,76.46,1.99,45.09,65.69,65.27,1.52,12.03,94.76,NORMAL
2026-01-01T13:01:25,tank01,normal,77.05,1.96,45.0,66.29,71.43,1.73,12.53,95.09,NORMAL
2026-01-01T13:01:30,tank01,normal,78.97,1.88,44.81,64.3,68.7,1.56,12.32,94.63,NORMAL
2026-01-01T13:01:35,tank01,normal,77.96,1.93,47.01,65.75,71.16,1.6,12.48,95.12,NORMAL
2026-01-01T13:01:40,tank01,normal,78.51,1.92,44.95,65.97,72.02,1.48,12.6,95.22,NORMAL
2026-01-01T13:01:45,tank01,normal,78.72,1.95,48.19,66.54,69.23,1.39,12.35,94.4,NORMAL
2026-01-01T13:01:50,tank01,normal,79.48,1.92,46.58,65.84,73.75,1.76,12.74,94.08,NORMAL
2026-01-01T13:01:55,tank01,normal,79.41,1.94,47.39,68.49,69.73,1.59,12.41,94.03,NORMAL
2026-01-01T13:02:00,tank01,normal,81.22,1.83,46.85,64.86,71.51,1.45,12.55,92.26,NORMAL
2026-01-01T13:02:05,tank01,normal,79.48,1.94,47.33,68.03,76.75,1.47,12.98,93.99,NORMAL
2026-01-01T13:02:10,tank01,normal,81.64,1.86,47.82,67.28,72.11,1.79,12.62,91.88,NORMAL
2026-01-01T13:02:15,tank01,normal,80.58,1.81,46.23,69.18,75.05,1.31,12.81,92.81,NORMAL
2026-01-01T13:02:20,tank01,normal,82.49,1.85,48.08,66.73,76.47,1.34,12.98,91.14,NORMAL
2026-01-01T13:02:25,tank01,low_flow,82.04,2.02,30.86,67.85,74.45,1.39,13.17,89.33,CRITICAL
2026-01-01T13:02:30,tank01,normal,82.0,1.82,48.28,67.37,76.87,1.38,12.97,91.26,NORMAL
2026-01-01T13:02:35,tank01,normal,81.01,1.83,49.19,67.37,75.06,1.43,12.8,91.87,NORMAL
2026-01-01T13:02:40,tank01,normal,80.76,1.83,48.23,70.96,73.28,1.36,12.66,92.29,NORMAL
2026-01-01T13:02:45,tank01,normal,80.87,1.87,47.28,68.38,76.34,1.04,12.94,92.62,NORMAL
2026-01-01T13:02:50,tank01,normal,81.49,1.85,47.09,69.12,74.74,1.12,12.83,92.13,NORMAL
2026-01-01T13:02:55,tank01,normal,81.76,1.87,47.15,68.87,77.78,1.15,13.09,91.99,NORMAL
2026-01-01T13:03:00,tank01,normal,81.27,1.94,45.72,71.23,74.12,1.29,12.84,93.06,NORMAL
2026-01-01T13:03:05,tank01,normal,80.25,2.03,43.25,71.22,74.05,1.17,12.9,93.75,NORMAL
2026-01-01T13:03:10,tank01,normal,79.87,1.95,43.51,69.54,74.67,1.45,12.89,93.98,NORMAL
2026-01-01T13:03:15,tank01,normal,79.38,1.92,44.74,70.47,75.47,1.69,12.9,94.49,NORMAL
2026-01-01T13:03:20,tank01,normal,78.79,2.03,42.94,71.32,75.98,1.27,13.01,94.77,NORMAL
2026-01-01T13:03:25,tank01,normal,78.25,1.95,42.74,72.81,75.34,1.5,12.91,95.02,NORMAL
2026-01-01T13:03:30,tank01,low_quality,85.36,2.05,35.63,69.02,82.47,1.52,13.85,87.88,WARNING
2026-01-01T13:03:35,tank01,high_temp,92.94,2.04,41.77,69.42,80.54,1.69,13.83,83.77,CRITICAL
2026-01-01T13:03:40,tank01,normal,77.06,2.09,42.41,67.9,73.14,1.4,12.78,94.2,NORMAL
2026-01-01T13:03:45,tank01,normal,76.65,2.0,41.74,66.3,74.48,1.68,12.83,94.15,NORMAL
2026-01-01T13:03:50,tank01,normal,76.14,2.04,42.47,67.61,70.41,1.64,12.5,93.77,NORMAL
2026-01-01T13:03:55,tank01,high_temp,89.77,2.11,41.66,67.78,77.44,1.71,13.53,85.81,WARNING
2026-01-01T13:04:00,tank01,normal,74.48,2.05,41.66,69.69,69.66,1.79,12.41,92.29,NORMAL
2026-01-01T13:04:05,tank01,normal,74.48,2.06,42.25,69.44,68.88,1.7,12.34,92.39,NORMAL
2026-01-01T13:04:10,tank01,normal,74.8,2.09,43.13,67.37,69.27,1.59,12.39,92.67,NORMAL
2026-01-01T13:04:15,tank01,normal,75.69,2.02,42.22,67.29,67.57,1.52,12.26,93.45,NORMAL
2026-01-01T13:04:20,tank01,normal,74.44,2.09,42.82,67.33,66.27,1.71,12.15,92.33,NORMAL
2026-01-01T13:04:25,tank01,normal,74.7,2.17,42.92,65.31,68.12,1.41,12.35,92.18,NORMAL
2026-01-01T13:04:30,tank01,low_flow,73.08,2.43,28.82,65.76,65.0,1.76,12.42,86.14,CRITICAL
2026-01-01T13:04:35,tank01,high_vibration,74.43,2.1,44.21,65.08,64.24,4.42,11.97,82.91,CRITICAL
2026-01-01T13:04:40,tank01,low_flow,73.5,2.44,29.14,63.62,65.21,1.48,12.45,86.47,CRITICAL
2026-01-01T13:04:45,tank01,normal,75.68,2.13,47.85,63.51,63.96,1.29,11.95,92.87,NORMAL
2026-01-01T13:04:50,tank01,normal,73.58,2.1,46.93,62.72,61.3,1.63,11.67,91.72,NORMAL
2026-01-01T13:04:55,tank01,normal,74.71,2.17,46.81,64.54,65.44,1.45,12.07,92.25,NORMAL
2026-01-01T13:05:00,tank01,normal,73.88,2.15,46.15,64.09,61.82,1.28,11.76,91.89,NORMAL
2026-01-01T13:05:05,tank01,low_flow,74.97,2.38,32.51,61.39,63.38,1.39,12.26,88.71,WARNING
2026-01-01T13:05:10,tank01,normal,74.39,2.16,48.64,63.19,63.6,1.27,11.88,91.6,NORMAL
2026-01-01T13:05:15,tank01,low_flow,75.13,2.37,32.91,62.71,66.04,1.25,12.47,88.97,WARNING
2026-01-01T13:05:20,tank01,normal,76.0,2.05,46.65,61.66,63.55,1.19,11.89,93.85,NORMAL
2026-01-01T13:05:25,tank01,normal,75.64,2.14,47.19,63.86,63.31,1.33,11.91,92.97,NORMAL
2026-01-01T13:05:30,tank01,normal,75.95,2.07,47.64,59.59,63.59,1.71,11.89,93.46,NORMAL
2026-01-01T13:05:35,tank01,normal,76.4,2.11,47.39,62.04,62.1,1.16,11.82,93.63,NORMAL
2026-01-01T13:05:40,tank01,high_temp,92.11,2.06,46.23,59.09,70.33,1.34,12.93,84.82,CRITICAL
2026-01-01T13:05:45,tank01,high_temp,92.19,2.1,47.73,62.11,69.77,1.42,12.89,84.16,CRITICAL
2026-01-01T13:05:50,tank01,normal,80.31,2.15,46.48,59.32,68.64,1.14,12.49,93.17,NORMAL
2026-01-01T13:05:55,tank01,normal,79.19,2.13,47.27,58.63,67.03,1.2,12.31,93.9,NORMAL
2026-01-01T13:06:00,tank01,normal,80.59,2.02,45.38,60.12,69.34,1.48,12.5,93.87,NORMAL
2026-01-01T13:06:05,tank01,normal,80.07,1.97,46.74,60.88,69.93,1.33,12.48,93.85,NORMAL
2026-01-01T13:06:10,tank01,normal,80.35,1.99,46.05,58.87,70.92,1.44,12.58,93.9,NORMAL
2026-01-01T13:06:15,tank01,normal,81.16,1.91,45.21,57.77,68.21,1.53,12.36,93.14,NORMAL
2026-01-01T13:06:20,tank01,low_flow,80.65,2.27,28.82,59.03,72.68,1.82,13.17,88.59,CRITICAL
2026-01-01T13:06:25,tank01,normal,82.47,1.93,44.3,60.62,72.05,1.68,12.73,92.11,NORMAL
2026-01-01T13:06:30,tank01,high_temp,96.0,1.88,42.7,60.54,79.06,1.65,13.69,81.34,CRITICAL
2026-01-01T13:06:35,tank01,low_flow,82.75,2.19,27.87,59.42,74.99,1.62,13.38,87.23,CRITICAL
2026-01-01T13:06:40,tank01,normal,82.51,1.84,42.69,61.48,71.13,1.59,12.63,91.23,NORMAL
2026-01-01T13:06:45,tank01,normal,82.97,1.91,42.83,63.46,72.1,1.87,12.76,91.28,NORMAL
2026-01-01T13:06:50,tank01,normal,81.46,1.91,42.37,60.41,75.59,1.76,13.0,92.28,NORMAL
2026-01-01T13:06:55,tank01,normal,81.75,1.88,43.23,62.38,76.35,1.64,13.04,92.13,NORMAL
2026-01-01T13:07:00,tank01,low_flow,81.69,2.14,25.65,60.94,75.97,1.86,13.43,87.69,CRITICAL
2026-01-01T13:07:05,tank01,normal,82.91,1.93,42.87,63.4,73.66,1.88,12.9,91.45,NORMAL
2026-01-01T13:07:10,tank01,normal,79.88,1.84,41.31,61.4,75.09,1.53,12.89,92.85,NORMAL
2026-01-01T13:07:15,tank01,normal,77.88,1.95,41.44,63.74,74.75,1.77,12.86,94.77,NORMAL
2026-01-01T13:07:20,tank01,normal,79.66,1.86,43.37,63.89,75.9,1.65,12.93,93.63,NORMAL
2026-01-01T13:07:25,tank01,normal,80.6,1.76,42.98,61.51,76.87,1.6,12.98,92.36,NORMAL
2026-01-01T13:07:30,tank01,normal,80.28,1.83,42.57,63.61,74.75,1.41,12.85,92.81,NORMAL
2026-01-01T13:07:35,tank01,overpressure,79.85,2.83,43.44,62.08,73.62,1.61,13.33,90.07,CRITICAL
2026-01-01T13:07:40,tank01,overpressure,79.35,2.84,44.83,64.19,76.07,1.03,13.5,90.74,CRITICAL
2026-01-01T13:07:45,tank01,normal,77.35,1.76,44.44,64.02,73.97,1.56,12.63,94.17,NORMAL
2026-01-01T13:07:50,tank01,overpressure,77.33,2.85,45.73,63.92,76.38,1.35,13.45,91.07,CRITICAL
2026-01-01T13:07:55,tank01,high_vibration,76.98,1.83,45.52,63.45,76.85,4.26,12.87,85.22,CRITICAL
2026-01-01T13:08:00,tank01,low_flow,77.38,2.17,31.28,64.84,74.83,1.29,13.14,91.26,CRITICAL
2026-01-01T13:08:05,tank01,low_flow,75.37,2.02,31.8,65.74,73.49,1.52,12.88,90.62,CRITICAL
2026-01-01T13:08:10,tank01,normal,76.29,1.93,48.1,66.09,73.6,1.12,12.61,93.61,NORMAL
2026-01-01T13:08:15,tank01,low_flow,75.9,2.19,31.81,66.51,75.04,1.27,13.12,90.19,CRITICAL
2026-01-01T13:08:20,tank01,normal,75.0,1.98,47.02,68.38,72.24,1.45,12.51,93.17,NORMAL
2026-01-01T13:08:25,tank01,low_flow,74.44,2.29,33.16,68.27,71.54,1.15,12.83,88.92,WARNING
2026-01-01T13:08:30,tank01,overpressure,75.12,2.91,48.42,70.89,72.12,1.72,13.05,88.41,CRITICAL
2026-01-01T13:08:35,tank01,high_temp,88.63,1.98,48.59,67.02,79.58,1.5,13.49,87.04,WARNING
2026-01-01T13:08:40,tank01,normal,74.94,1.95,47.82,69.36,69.51,1.3,12.26,92.77,NORMAL
2026-01-01T13:08:45,tank01,normal,74.72,2.01,47.97,69.3,70.61,1.56,12.38,92.76,NORMAL
2026-01-01T13:08:50,tank01,normal,74.03,2.04,48.0,69.51,68.36,1.58,12.19,92.08,NORMAL
2026-01-01T13:08:55,tank01,normal,73.62,2.03,45.49,69.38,66.4,1.61,12.06,92.42,NORMAL
2026-01-01T13:09:00,tank01,high_vibration,75.11,2.05,48.32,69.58,66.09,4.58,12.04,82.44,CRITICAL
2026-01-01T13:09:05,tank01,normal,74.39,2.0,46.54,68.65,64.08,1.63,11.86,92.88,NORMAL
2026-01-01T13:09:10,tank01,high_temp,89.23,2.08,47.17,69.54,75.58,1.69,13.26,86.64,WARNING
2026-01-01T13:09:15,tank01,overpressure,74.53,3.08,45.35,71.31,65.73,1.57,12.66,87.91,CRITICAL
2026-01-01T13:09:20,tank01,normal,75.27,2.06,45.92,68.55,65.26,1.57,12.02,93.43,NORMAL
2026-01-01T13:09:25,tank01,normal,75.09,2.16,44.9,70.16,64.15,1.47,12.01,92.99,NORMAL
2026-01-01T13:09:30,tank01,normal,75.48,2.06,45.56,68.83,60.82,1.54,11.68,93.66,NORMAL
2026-01-01T13:09:35,tank01,high_temp,90.24,2.04,43.78,70.51,74.24,1.21,13.22,86.29,CRITICAL
2026-01-01T13:09:40,tank01,high_temp,89.7,2.08,43.53,70.09,73.3,1.54,13.15,86.44,WARNING
2026-01-01T13:09:45,tank01,normal,76.38,2.17,42.02,68.99,65.21,1.67,12.18,93.19,NORMAL
2026-01-01T13:09:50,tank01,normal,77.38,2.17,41.53,68.47,63.38,1.69,12.07,93.81,NORMAL
2026-01-01T13:09:55,tank01,overpressure,78.95,3.13,42.87,69.27,61.97,1.72,12.56,89.11,CRITICAL
2026-01-01T13:10:00,tank01,high_temp,91.77,2.13,41.65,69.74,75.31,1.59,13.43,84.19,CRITICAL
2026-01-01T13:10:05,tank01,high_vibration,79.32,2.24,41.59,69.4,63.3,4.53,12.16,82.87,CRITICAL
2026-01-01T13:10:10,tank01,high_temp,93.39,2.14,41.18,69.19,73.88,1.4,13.38,82.83,CRITICAL
2026-01-01T13:10:15,tank01,normal,79.4,2.25,41.61,68.75,64.75,1.32,12.29,92.84,NORMAL
2026-01-01T13:10:20,tank01,normal,80.65,2.16,43.77,68.46,68.49,1.59,12.54,92.88,NORMAL
2026-01-01T13:10:25,tank01,normal,81.47,2.17,41.15,67.33,65.66,1.19,12.38,91.61,NORMAL
2026-01-01T13:10:30,tank01,normal,81.45,2.23,43.35,66.1,64.97,1.36,12.33,91.87,NORMAL
2026-01-01T13:10:35,tank01,overpressure,81.29,3.1,42.46,67.89,69.95,1.15,13.26,87.4,CRITICAL
2026-01-01T13:10:40,tank01,normal,82.89,2.2,43.44,66.21,69.15,1.39,12.69,90.94,NORMAL
2026-01-01T13:10:45,tank01,normal,81.98,2.18,43.17,65.56,68.64,1.45,12.61,91.65,NORMAL
2026-01-01T13:10:50,tank01,normal,81.99,2.05,44.89,64.35,70.26,1.18,12.64,92.75,NORMAL
2026-01-01T13:10:55,tank01,normal,81.56,2.11,43.88,67.75,71.77,1.02,12.8,92.48,NORMAL
2026-01-01T13:11:00,tank01,low_flow,80.89,2.35,31.34,62.74,69.44,1.19,12.92,88.68,CRITICAL
2026-01-01T13:11:05,tank01,normal,81.97,2.1,45.06,63.65,72.33,1.13,12.83,92.53,NORMAL
2026-01-01T13:11:10,tank01,normal,81.79,1.99,49.23,63.36,70.43,1.59,12.54,92.06,NORMAL
2026-01-01T13:11:15,tank01,normal,81.37,2.1,47.51,63.72,73.58,1.29,12.87,92.36,NORMAL
2026-01-01T13:11:20,tank01,low_flow,81.86,2.22,33.04,62.99,74.84,1.21,13.28,89.01,WARNING
2026-01-01T13:11:25,tank01,normal,82.02,2.03,48.57,60.62,72.34,1.63,12.74,91.95,NORMAL
2026-01-01T13:11:30,tank01,overpressure,80.91,2.94,48.03,62.7,69.39,1.57,13.02,88.34,CRITICAL
2026-01-01T13:11:35,tank01,normal,79.94,2.03,47.52,63.89,73.11,1.64,12.75,93.77,NORMAL
2026-01-01T13:11:40,tank01,normal,79.93,1.94,47.09,62.68,74.58,1.73,12.82,93.7,NORMAL
2026-01-01T13:11:45,tank01,high_vibration,78.79,1.87,46.91,60.57,75.2,4.86,12.8,82.86,CRITICAL
2026-01-01T13:11:50,tank01,normal,78.4,1.98,48.41,60.11,73.88,1.55,12.72,94.73,NORMAL
2026-01-01T13:11:55,tank01,high_vibration,79.61,1.9,47.24,61.3,76.84,4.79,12.97,82.56,CRITICAL
2026-01-01T13:12:00,tank01,normal,79.23,1.93,46.63,61.08,73.99,1.75,12.75,94.31,NORMAL
2026-01-01T13:12:05,tank01,normal,77.41,1.86,45.7,59.55,76.65,1.78,12.89,94.71,NORMAL
2026-01-01T13:12:10,tank01,normal,77.44,1.96,46.93,58.99,75.68,1.64,12.85,94.91,NORMAL
2026-01-01T13:12:15,tank01,high_vibration,76.57,1.73,47.28,61.23,75.05,4.74,12.63,82.06,CRITICAL
2026-01-01T13:12:20,tank01,low_flow,74.25,2.19,30.7,59.48,76.07,1.78,13.17,88.65,CRITICAL
2026-01-01T13:12:25,tank01,high_temp,89.61,1.85,46.3,61.32,84.55,1.6,13.87,86.2,WARNING
2026-01-01T13:12:30,tank01,normal,75.54,1.77,46.34,58.54,76.61,1.58,12.76,92.66,NORMAL
2026-01-01T13:12:35,tank01,low_quality,82.83,1.89,37.32,59.41,84.41,1.65,13.81,89.91,WARNING
2026-01-01T13:12:40,tank01,normal,73.8,1.84,44.26,58.47,75.94,1.64,12.73,91.86,NORMAL
2026-01-01T13:12:45,tank01,normal,74.29,1.83,43.98,57.82,73.79,1.69,12.57,92.14,NORMAL
2026-01-01T13:12:50,tank01,low_flow,73.66,2.15,28.32,59.19,76.44,1.71,13.19,87.81,CRITICAL
2026-01-01T13:12:55,tank01,normal,74.15,1.79,43.34,60.46,72.11,1.53,12.42,91.66,NORMAL
2026-01-01T13:13:00,tank01,normal,74.23,1.81,43.41,60.4,76.25,1.38,12.76,91.84,NORMAL
2026-01-01T13:13:05,tank01,normal,74.3,1.81,43.66,58.54,69.61,1.3,12.23,91.92,NORMAL
2026-01-01T13:13:10,tank01,normal,73.12,1.91,43.48,61.56,71.86,1.31,12.44,91.53,NORMAL
2026-01-01T13:13:15,tank01,normal,75.03,1.9,42.33,61.02,73.51,1.25,12.64,92.61,NORMAL
2026-01-01T13:13:20,tank01,normal,76.17,1.86,43.5,61.0,68.67,1.15,12.24,93.55,NORMAL
2026-01-01T13:13:25,tank01,normal,73.75,1.88,43.05,61.23,69.78,1.56,12.28,91.75,NORMAL
2026-01-01T13:13:30,tank01,normal,75.42,1.82,40.79,61.4,69.62,1.55,12.31,92.11,NORMAL
2026-01-01T13:13:35,tank01,normal,74.91,1.87,42.2,63.84,67.96,1.57,12.18,92.35,NORMAL
2026-01-01T13:13:40,tank01,normal,74.79,1.93,43.17,63.07,68.89,1.38,12.26,92.77,NORMAL
2026-01-01T13:13:45,tank01,normal,75.94,1.92,44.53,63.64,66.28,1.14,12.06,93.92,NORMAL
2026-01-01T13:13:50,tank01,normal,76.42,1.9,42.96,66.58,67.13,1.44,12.16,93.8,NORMAL
2026-01-01T13:13:55,tank01,normal,78.09,2.05,45.71,65.21,65.37,1.58,12.12,95.51,NORMAL
2026-01-01T13:14:00,tank01,overpressure,76.99,3.06,44.7,63.52,63.25,1.59,12.54,89.87,CRITICAL
2026-01-01T13:14:05,tank01,normal,77.8,2.09,45.23,66.94,66.52,1.57,12.23,95.33,NORMAL
2026-01-01T13:14:10,tank01,low_flow,78.28,2.33,31.08,65.16,68.39,1.58,12.75,90.68,CRITICAL
2026-01-01T13:14:15,tank01,normal,77.31,2.04,45.79,65.09,62.15,1.53,11.83,95.11,NORMAL
2026-01-01T13:14:20,tank01,normal,79.96,1.95,45.2,69.12,64.56,1.68,12.06,94.23,NORMAL
2026-01-01T13:14:25,tank01,normal,79.82,2.13,46.12,68.24,62.81,1.53,12.01,93.69,NORMAL
2026-01-01T13:14:30,tank01,normal,80.74,2.08,46.13,67.74,64.99,1.53,12.18,93.26,NORMAL
2026-01-01T13:14:35,tank01,normal,80.21,2.05,47.3,67.27,64.57,1.62,12.1,93.5,NORMAL
2026-01-01T13:14:40,tank01,high_temp,94.74,2.13,47.11,64.74,72.08,1.7,13.18,82.28,CRITICAL
2026-01-01T13:14:45,tank01,normal,81.07,2.08,47.11,68.28,66.15,1.98,12.27,92.76,NORMAL
2026-01-01T13:14:50,tank01,normal,82.73,2.1,47.44,69.2,65.82,1.81,12.3,91.33,NORMAL
2026-01-01T13:14:55,tank01,normal,81.12,2.09,47.87,69.43,67.66,1.71,12.38,92.47,NORMAL
2026-01-01T13:15:00,tank01,normal,82.56,2.12,49.74,65.97,68.68,1.58,12.5,90.81,NORMAL
2026-01-01T13:15:05,tank01,normal,82.55,2.05,47.25,68.88,67.29,1.78,12.38,91.76,NORMAL
2026-01-01T13:15:10,tank01,normal,80.81,2.12,48.03,71.0,70.18,1.48,12.59,92.52,NORMAL
2026-01-01T13:15:15,tank01,high_vibration,81.85,2.11,47.99,69.02,67.39,4.4,12.39,82.22,CRITICAL
2026-01-01T13:15:20,tank01,overpressure,81.78,3.18,46.32,71.35,66.86,1.63,13.02,86.92,CRITICAL
2026-01-01T13:15:25,tank01,overpressure,81.14,3.15,47.2,69.68,66.84,1.5,12.96,87.36,CRITICAL
2026-01-01T13:15:30,tank01,normal,81.21,2.11,47.29,68.46,67.13,1.22,12.36,92.48,NORMAL
2026-01-01T13:15:35,tank01,normal,79.86,2.11,45.68,72.71,68.2,1.24,12.43,93.89,NORMAL
2026-01-01T13:15:40,tank01,normal,79.17,2.16,46.11,69.59,69.81,1.18,12.56,94.05,NORMAL
2026-01-01T13:15:45,tank01,normal,81.49,2.17,43.36,70.12,72.97,1.57,12.93,92.14,NORMAL
2026-01-01T13:15:50,tank01,normal,79.22,2.0,44.14,69.37,71.41,1.41,12.63,94.85,NORMAL
2026-01-01T13:15:55,tank01,normal,78.56,2.16,44.9,70.48,71.88,1.19,12.73,94.77,NORMAL
2026-01-01T13:16:00,tank01,low_flow,80.75,2.34,27.83,69.08,72.91,1.66,13.24,87.93,CRITICAL
2026-01-01T13:16:05,tank01,normal,77.09,2.12,41.13,71.14,73.09,1.68,12.82,93.73,NORMAL
2026-01-01T13:16:10,tank01,normal,76.75,2.05,43.34,68.17,73.06,1.3,12.73,94.4,NORMAL
2026-01-01T13:16:15,tank01,normal,77.9,2.21,40.19,66.89,73.94,1.59,12.98,93.66,NORMAL
2026-01-01T13:16:20,tank01,normal,76.02,2.03,43.22,66.21,73.96,1.24,12.77,93.92,NORMAL
2026-01-01T13:16:25,tank01,normal,75.49,2.09,42.38,66.51,76.35,1.45,12.99,93.03,NORMAL
2026-01-01T13:16:30,tank01,overpressure,76.58,3.04,40.22,69.4,75.36,1.24,13.55,88.55,CRITICAL
2026-01-01T13:16:35,tank01,low_flow,75.58,2.27,27.04,67.31,73.88,1.37,13.14,88.33,CRITICAL
2026-01-01T13:16:40,tank01,high_temp,88.73,1.96,42.83,66.59,85.29,1.32,14.02,87.23,WARNING
2026-01-01T13:16:45,tank01,normal,74.06,2.01,43.36,65.68,75.06,1.73,12.78,92.6,NORMAL
2026-01-01T13:16:50,tank01,normal,75.08,1.96,42.92,68.09,75.17,1.57,12.8,93.09,NORMAL
2026-01-01T13:16:55,tank01,high_temp,89.19,1.98,44.87,65.81,83.74,1.8,13.89,87.48,WARNING
2026-01-01T13:17:00,tank01,normal,74.01,1.98,42.67,65.36,75.34,1.92,12.8,92.33,NORMAL
2026-01-01T13:17:05,tank01,high_temp,87.33,1.84,44.56,63.9,84.42,1.81,13.81,88.12,WARNING
2026-01-01T13:17:10,tank01,high_temp,87.74,1.95,45.48,63.27,84.25,1.74,13.86,88.31,WARNING
2026-01-01T13:17:15,tank01,normal,73.36,1.91,45.21,67.4,74.85,1.65,12.66,92.03,NORMAL
2026-01-01T13:17:20,tank01,low_quality,81.73,1.91,38.01,65.32,83.54,1.72,13.71,90.99,NORMAL
2026-01-01T13:17:25,tank01,normal,73.67,1.88,46.38,63.37,74.3,1.84,12.58,91.8,NORMAL
2026-01-01T13:17:30,tank01,normal,74.58,1.88,46.61,64.25,74.02,1.71,12.59,92.45,NORMAL
2026-01-01T13:17:35,tank01,high_temp,88.09,1.9,45.97,62.91,82.43,1.32,13.69,87.71,WARNING
2026-01-01T13:17:40,tank01,normal,75.14,1.86,48.45,64.91,73.53,1.44,12.53,92.3,NORMAL
2026-01-01T13:17:45,tank01,high_vibration,74.97,1.87,47.19,62.07,73.12,4.34,12.51,83.16,CRITICAL
2026-01-01T13:17:50,tank01,normal,75.75,1.94,48.84,62.42,69.36,1.56,12.25,93.06,NORMAL
2026-01-01T13:17:55,tank01,overpressure,76.58,2.78,49.42,60.08,69.24,1.74,12.76,89.94,WARNING
2026-01-01T13:18:00,tank01,high_temp,89.7,1.97,50.21,60.12,75.75,1.3,13.18,85.76,WARNING
2026-01-01T13:18:05,tank01,normal,76.36,1.76,47.55,62.48,71.87,1.7,12.38,92.93,NORMAL
2026-01-01T13:18:10,tank01,normal,77.66,1.98,47.52,60.47,68.51,1.53,12.28,95.01,NORMAL
2026-01-01T13:18:15,tank01,low_flow,76.71,2.14,33.81,62.46,66.61,1.12,12.41,91.53,WARNING
2026-01-01T13:18:20,tank01,normal,79.4,1.81,47.41,61.14,67.48,1.35,12.16,93.41,NORMAL
2026-01-01T13:18:25,tank01,normal,79.11,1.87,47.47,61.2,65.49,1.28,12.03,93.92,NORMAL
2026-01-01T13:18:30,tank01,low_flow,78.97,2.08,29.9,61.03,65.52,1.53,12.41,91.1,CRITICAL
2026-01-01T13:18:35,tank01,high_temp,92.28,1.94,44.71,60.04,73.2,1.26,13.12,84.9,CRITICAL
2026-01-01T13:18:40,tank01,normal,79.98,1.98,45.53,57.71,65.14,1.1,12.11,94.27,NORMAL
2026-01-01T13:18:45,tank01,normal,79.72,1.9,46.22,60.94,67.57,1.37,12.25,93.91,NORMAL
2026-01-01T13:18:50,tank01,overpressure,80.57,2.88,44.78,61.46,63.14,1.42,12.52,89.63,CRITICAL
2026-01-01T13:18:55,tank01,high_temp,95.28,1.91,44.58,59.02,70.6,1.43,12.98,82.48,CRITICAL
2026-01-01T13:19:00,tank01,low_quality,88.75,1.89,33.67,62.68,74.28,1.18,13.23,84.56,WARNING
2026-01-01T13:19:05,tank01,normal,80.8,1.97,45.52,60.44,63.86,1.31,12.03,93.61,NORMAL
2026-01-01T13:19:10,tank01,normal,81.25,1.93,41.94,57.8,63.78,1.52,12.07,92.43,NORMAL
2026-01-01T13:19:15,tank01,normal,82.19,2.04,43.68,60.68,63.69,1.24,12.13,92.33,NORMAL
2026-01-01T13:19:20,tank01,normal,81.75,2.0,41.55,61.49,66.02,1.34,12.31,92.32,NORMAL
2026-01-01T13:19:25,tank01,normal,82.72,2.02,41.62,60.1,63.89,1.73,12.18,91.54,NORMAL
2026-01-01T13:19:30,tank01,normal,82.32,2.01,40.88,61.4,65.91,1.54,12.33,91.68,NORMAL
2026-01-01T13:19:35,tank01,normal,81.0,2.07,42.55,60.7,64.15,1.62,12.17,92.78,NORMAL
2026-01-01T13:19:40,tank01,normal,81.3,2.07,41.27,59.94,65.66,1.56,12.32,92.22,NORMAL
2026-01-01T13:19:45,tank01,normal,81.48,2.07,43.39,62.65,63.79,1.75,12.14,92.66,NORMAL
2026-01-01T13:19:50,tank01,normal,80.76,2.06,40.14,61.93,63.85,1.8,12.17,92.41,NORMAL
2026-01-01T13:19:55,tank01,normal,80.62,2.02,42.01,62.96,66.36,1.64,12.31,93.17,NORMAL
2026-01-01T13:20:00,tank01,normal,79.69,2.1,43.38,61.0,68.19,1.78,12.46,93.82,NORMAL
2026-01-01T13:20:05,tank01,normal,80.5,2.2,44.25,65.03,68.78,1.8,12.57,92.94,NORMAL
2026-01-01T13:20:10,tank01,low_flow,79.05,2.39,29.64,64.43,68.16,1.66,12.81,89.44,CRITICAL
2026-01-01T13:20:15,tank01,low_quality,86.43,2.06,35.37,63.67,79.87,1.94,13.69,86.96,WARNING
2026-01-01T13:20:20,tank01,normal,77.22,2.16,44.08,65.01,70.65,1.69,12.6,94.4,NORMAL
2026-01-01T13:20:25,tank01,normal,77.83,2.11,43.82,64.95,70.8,1.61,12.61,95.05,NORMAL
2026-01-01T13:20:30,tank01,normal,77.24,2.18,45.09,68.34,72.86,1.54,12.78,94.52,NORMAL
2026-01-01T13:20:35,tank01,low_quality,84.53,2.2,36.21,64.84,77.87,1.76,13.54,87.89,WARNING
2026-01-01T13:20:40,tank01,normal,75.49,2.19,46.14,66.53,74.05,1.6,12.81,92.89,NORMAL
2026-01-01T13:20:45,tank01,normal,76.07,2.17,47.34,65.23,73.84,1.47,12.78,93.11,NORMAL
2026-01-01T13:20:50,tank01,normal,76.56,2.22,47.24,68.41,73.48,1.24,12.8,93.25,NORMAL
2026-01-01T13:20:55,tank01,overpressure,75.52,3.13,48.45,68.19,73.65,1.35,13.31,87.62,CRITICAL
2026-01-01T13:21:00,tank01,normal,76.1,2.09,48.78,70.05,74.7,1.33,12.78,93.18,NORMAL
2026-01-01T13:21:05,tank01,normal,74.27,2.14,47.55,68.16,75.78,1.5,12.86,91.88,NORMAL
2026-01-01T13:21:10,tank01,normal,72.96,2.09,46.76,68.76,74.01,1.23,12.66,91.32,NORMAL
2026-01-01T13:21:15,tank01,normal,74.49,2.12,47.32,69.56,72.97,1.21,12.64,92.17,NORMAL
2026-01-01T13:21:20,tank01,overpressure,73.87,3.13,48.78,70.83,75.67,1.49,13.41,86.33,CRITICAL
2026-01-01T13:21:25,tank01,normal,73.23,2.07,47.46,68.47,74.3,1.35,12.67,91.44,NORMAL
2026-01-01T13:21:30,tank01,normal,75.89,2.1,48.23,67.47,76.32,1.31,12.92,93.09,NORMAL
2026-01-01T13:21:35,tank01,normal,73.65,2.0,47.69,67.21,76.47,1.15,12.81,92.05,NORMAL
2026-01-01T13:21:40,tank01,normal,74.22,2.04,47.11,70.31,78.31,1.27,13.01,92.42,NORMAL
2026-01-01T13:21:45,tank01,overpressure,73.32,3.0,46.86,67.99,76.45,1.22,13.41,87.03,CRITICAL
2026-01-01T13:21:50,tank01,high_temp,89.24,1.98,44.91,68.62,85.38,1.3,14.02,87.43,WARNING
2026-01-01T13:21:55,tank01,normal,73.8,1.97,44.5,73.06,75.36,1.55,12.76,92.6,NORMAL
2026-01-01T13:22:00,tank01,normal,75.52,1.93,45.94,71.51,76.2,1.37,12.83,93.54,NORMAL
2026-01-01T13:22:05,tank01,normal,76.59,1.96,45.3,70.9,75.66,1.75,12.85,94.65,NORMAL
2026-01-01T13:22:10,tank01,normal,76.29,1.96,43.54,70.17,73.96,1.61,12.73,94.13,NORMAL
2026-01-01T13:22:15,tank01,high_temp,91.18,1.86,44.02,68.99,80.7,1.9,13.65,85.15,CRITICAL
2026-01-01T13:22:20,tank01,normal,77.32,1.94,44.13,70.93,70.93,1.93,12.5,94.98,NORMAL
2026-01-01T13:22:25,tank01,normal,75.87,1.94,42.98,70.29,74.33,1.65,12.74,93.58,NORMAL
2026-01-01T13:22:30,tank01,low_flow,77.67,2.17,27.58,71.54,72.79,1.65,13.04,90.57,CRITICAL
2026-01-01T13:22:35,tank01,normal,77.2,1.84,42.03,68.95,72.11,1.66,12.56,93.85,NORMAL
2026-01-01T13:22:40,tank01,normal,79.43,1.97,42.76,68.7,71.22,1.89,12.62,94.2,NORMAL
2026-01-01T13:22:45,tank01,low_quality,89.09,1.92,34.55,68.49,79.82,1.52,13.69,84.65,WARNING
2026-01-01T13:22:50,tank01,normal,81.21,1.9,43.08,68.49,70.12,1.63,12.54,92.59,NORMAL
2026-01-01T13:22:55,tank01,high_temp,94.74,1.86,41.34,67.5,75.65,1.77,13.39,81.85,CRITICAL
2026-01-01T13:23:00,tank01,normal,80.57,1.9,41.91,68.04,69.28,1.67,12.47,92.8,NORMAL
2026-01-01T13:23:05,tank01,low_quality,88.37,1.89,35.4,66.21,75.86,1.42,13.32,85.29,WARNING
2026-01-01T13:23:10,tank01,normal,81.43,1.89,43.27,66.72,65.7,1.41,12.18,92.44,NORMAL
2026-01-01T13:23:15,tank01,normal,83.52,1.84,42.58,66.61,66.11,1.33,12.26,90.46,NORMAL
2026-01-01T13:23:20,tank01,high_vibration,81.93,1.82,42.85,66.02,65.23,4.55,12.12,81.4,CRITICAL
2026-01-01T13:23:25,tank01,normal,82.19,1.85,44.07,65.32,66.39,1.31,12.23,91.89,NORMAL
2026-01-01T13:23:30,tank01,normal,82.08,1.76,45.72,64.96,68.16,1.43,12.29,91.57,NORMAL
2026-01-01T13:23:35,tank01,normal,81.45,1.98,45.79,63.58,63.14,1.26,11.99,93.11,NORMAL
2026-01-01T13:23:40,tank01,normal,82.0,1.94,45.6,65.64,62.33,1.46,11.93,92.56,NORMAL
2026-01-01T13:23:45,tank01,normal,82.26,1.86,47.46,63.64,62.92,1.06,11.91,91.51,NORMAL
2026-01-01T13:23:50,tank01,high_temp,94.4,1.97,47.93,61.95,71.15,1.52,12.99,82.82,CRITICAL
2026-01-01T13:23:55,tank01,normal,81.72,1.96,47.84,62.87,63.45,1.35,11.99,92.3,NORMAL
2026-01-01T13:24:00,tank01,high_temp,93.43,1.92,47.79,66.46,72.47,1.5,13.04,83.33,CRITICAL
2026-01-01T13:24:05,tank01,normal,78.98,1.97,47.6,63.64,63.6,0.98,11.93,94.46,NORMAL
2026-01-01T13:24:10,tank01,normal,80.14,1.87,47.27,63.1,66.88,1.03,12.17,93.17,NORMAL
2026-01-01T13:24:15,tank01,normal,78.57,1.88,47.51,60.59,64.03,1.39,11.89,94.33,NORMAL
2026-01-01T13:24:20,tank01,high_temp,95.28,1.95,47.9,62.1,74.82,1.58,13.3,82.09,CRITICAL
2026-01-01T13:24:25,tank01,high_vibration,77.33,2.05,47.12,61.52,64.76,4.41,12.02,85.06,CRITICAL
2026-01-01T13:24:30,tank01,overpressure,78.69,2.94,49.04,62.55,66.44,1.53,12.71,89.76,CRITICAL
2026-01-01T13:24:35,tank01,normal,77.44,1.94,45.89,58.77,65.56,1.6,12.05,95.08,NORMAL
2026-01-01T13:24:40,tank01,normal,77.57,2.09,46.83,59.18,67.93,1.63,12.31,94.79,NORMAL
2026-01-01T13:24:45,tank01,low_quality,84.35,2.0,40.63,60.33,76.61,1.53,13.25,90.14,NORMAL
2026-01-01T13:24:50,tank01,normal,74.83,2.07,47.29,61.01,65.19,1.85,11.99,92.72,NORMAL
2026-01-01T13:24:55,tank01,normal,76.31,2.1,44.52,58.63,69.08,1.67,12.41,94.11,NORMAL
2026-01-01T13:25:00,tank01,high_vibration,75.29,2.09,45.78,60.16,72.11,4.61,12.59,82.91,CRITICAL
2026-01-01T13:25:05,tank01,normal,75.12,2.07,44.77,60.42,71.89,1.78,12.58,93.44,NORMAL
2026-01-01T13:25:10,tank01,normal,74.77,2.14,44.6,58.36,69.94,1.69,12.45,92.78,NORMAL
2026-01-01T13:25:15,tank01,normal,74.55,2.13,43.88,58.64,70.86,1.62,12.52,92.5,NORMAL
2026-01-01T13:25:20,tank01,overpressure,73.91,3.08,43.24,60.0,70.5,1.36,13.06,87.1,CRITICAL
2026-01-01T13:25:25,tank01,high_vibration,74.81,2.04,42.5,60.4,73.2,4.65,12.69,82.18,CRITICAL
2026-01-01T13:25:30,tank01,normal,74.01,2.16,41.77,57.88,71.18,1.7,12.59,91.39,NORMAL
2026-01-01T13:25:35,tank01,normal,72.53,2.2,41.93,61.44,72.0,1.72,12.63,90.14,NORMAL
2026-01-01T13:25:40,tank01,normal,76.24,2.21,40.45,60.14,75.31,1.6,13.03,92.48,NORMAL
2026-01-01T13:25:45,tank01,normal,73.99,2.1,41.83,62.44,76.67,1.63,12.99,91.71,NORMAL
2026-01-01T13:25:50,tank01,low_quality,82.29,2.16,34.26,62.25,86.67,1.65,14.19,89.29,WARNING
2026-01-01T13:25:55,tank01,normal,74.0,2.16,43.08,60.83,78.08,1.59,13.12,91.69,NORMAL
2026-01-01T13:26:00,tank01,normal,75.31,2.15,42.3,63.56,77.45,1.51,13.11,92.55,NORMAL
2026-01-01T13:26:05,tank01,normal,75.34,2.19,42.57,60.91,77.46,1.26,13.13,92.47,NORMAL
2026-01-01T13:26:10,tank01,normal,75.03,2.15,41.66,63.82,74.83,1.39,12.9,92.2,NORMAL
2026-01-01T13:26:15,tank01,overpressure,74.37,3.09,43.17,63.75,76.82,1.53,13.59,87.35,CRITICAL
2026-01-01T13:26:20,tank01,low_flow,76.15,2.45,27.85,66.49,76.75,1.08,13.48,88.07,CRITICAL
2026-01-01T13:26:25,tank01,normal,76.38,2.06,41.87,63.77,76.29,1.27,13.0,93.72,NORMAL
2026-01-01T13:26:30,tank01,low_flow,77.19,2.37,29.1,65.92,74.36,1.28,13.25,89.56,CRITICAL
2026-01-01T13:26:35,tank01,normal,78.27,2.12,44.29,63.17,74.18,1.11,12.89,95.03,NORMAL
2026-01-01T13:26:40,tank01,low_flow,79.19,2.29,30.66,66.31,73.06,1.34,13.14,90.06,CRITICAL
2026-01-01T13:26:45,tank01,normal,78.42,2.09,46.46,67.09,74.56,1.48,12.87,94.87,NORMAL
2026-01-01T13:26:50,tank01,normal,79.54,2.1,47.89,63.9,74.02,1.38,12.85,93.61,NORMAL
2026-01-01T13:26:55,tank01,normal,79.3,2.08,46.46,66.32,72.79,1.29,12.75,94.25,NORMAL
2026-01-01T13:27:00,tank01,normal,79.2,2.01,47.14,64.85,75.87,1.37,12.94,94.54,NORMAL
2026-01-01T13:27:05,tank01,normal,81.52,1.89,47.79,66.3,71.56,1.62,12.59,92.14,NORMAL
2026-01-01T13:27:10,tank01,normal,81.61,2.06,47.55,68.01,74.11,1.59,12.9,92.34,NORMAL
2026-01-01T13:27:15,tank01,low_quality,90.02,1.97,40.03,69.3,82.25,1.65,13.86,85.6,CRITICAL
2026-01-01T13:27:20,tank01,low_quality,88.62,1.98,40.63,68.88,78.47,1.5,13.52,86.86,WARNING
2026-01-01T13:27:25,tank01,normal,82.04,2.04,47.18,68.19,70.46,1.6,12.62,92.22,NORMAL
2026-01-01T13:27:30,tank01,high_vibration,81.51,1.88,48.31,69.57,68.89,4.58,12.36,81.61,CRITICAL
2026-01-01T13:27:35,tank01,normal,83.43,1.91,48.06,69.55,70.5,1.52,12.56,90.69,NORMAL
2026-01-01T13:27:40,tank01,normal,82.14,1.94,46.33,69.96,70.65,1.66,12.59,92.28,NORMAL
2026-01-01T13:27:45,tank01,normal,81.69,1.93,47.3,69.5,65.35,1.5,12.13,92.31,NORMAL
2026-01-01T13:27:50,tank01,normal,82.49,1.94,47.23,69.24,66.54,1.62,12.25,91.75,NORMAL
2026-01-01T13:27:55,tank01,normal,80.26,1.93,46.13,69.01,67.7,1.9,12.29,93.66,NORMAL
2026-01-01T13:28:00,tank01,normal,80.98,1.94,48.48,70.25,66.14,1.66,12.16,92.6,NORMAL
2026-01-01T13:28:05,tank01,normal,80.99,1.92,45.75,70.59,64.56,1.7,12.06,93.19,NORMAL
2026-01-01T13:28:10,tank01,high_temp,95.85,1.86,45.76,69.98,73.02,1.68,13.15,81.74,CRITICAL
2026-01-01T13:28:15,tank01,high_temp,94.61,1.85,45.88,68.99,71.4,1.32,12.98,82.6,CRITICAL
2026-01-01T13:28:20,tank01,normal,80.56,1.9,44.7,68.49,66.93,1.54,12.24,93.53,NORMAL
2026-01-01T13:28:25,tank01,normal,80.04,1.85,42.38,68.39,63.92,1.43,11.99,93.05,NORMAL
2026-01-01T13:28:30,tank01,normal,80.07,1.82,42.51,70.81,63.87,1.36,11.97,92.92,NORMAL
2026-01-01T13:28:35,tank01,normal,79.3,1.82,42.85,70.56,65.4,1.4,12.06,93.6,NORMAL
2026-01-01T13:28:40,tank01,normal,78.34,1.91,43.75,69.78,63.41,1.65,11.91,94.98,NORMAL
2026-01-01T13:28:45,tank01,normal,78.97,1.91,43.12,69.99,66.37,1.66,12.17,94.33,NORMAL
2026-01-01T13:28:50,tank01,low_flow,77.45,2.12,27.44,69.46,63.45,1.45,12.26,90.61,CRITICAL
2026-01-01T13:28:55,tank01,normal,75.82,1.81,40.18,66.61,62.41,1.45,11.75,92.22,NORMAL
2026-01-01T13:29:00,tank01,low_flow,77.56,2.19,26.78,67.41,64.07,1.09,12.37,90.14,CRITICAL
2026-01-01T13:29:05,tank01,normal,76.28,1.83,43.06,68.64,61.06,1.17,11.62,93.36,NORMAL
2026-01-01T13:29:10,tank01,normal,75.21,1.87,43.47,66.96,68.41,1.22,12.2,92.88,NORMAL
2026-01-01T13:29:15,tank01,normal,75.71,1.91,41.4,69.59,66.53,1.44,12.12,92.93,NORMAL
2026-01-01T13:29:20,tank01,low_flow,76.4,2.23,27.92,65.0,65.65,1.53,12.46,89.37,CRITICAL
2026-01-01T13:29:25,tank01,low_flow,73.38,2.2,27.46,66.55,67.78,1.36,12.53,87.13,CRITICAL
2026-01-01T13:29:30,tank01,normal,74.2,1.95,43.44,67.32,70.41,1.31,12.38,92.5,NORMAL
2026-01-01T13:29:35,tank01,normal,74.21,1.96,43.89,64.64,69.24,1.27,12.28,92.67,NORMAL
2026-01-01T13:29:40,tank01,low_flow,74.46,2.19,29.76,65.15,70.12,1.44,12.71,88.57,CRITICAL
2026-01-01T13:29:45,tank01,low_quality,81.42,2.06,36.39,67.04,78.95,1.43,13.45,90.97,WARNING
2026-01-01T13:29:50,tank01,normal,74.29,1.95,44.38,65.21,66.94,1.27,12.09,92.8,NORMAL
2026-01-01T13:29:55,tank01,normal,73.49,1.94,47.39,64.2,71.45,1.79,12.38,91.74,NORMAL
2026-01-01T13:30:00,tank01,high_temp,86.12,2.07,45.62,64.25,79.95,1.37,13.53,89.43,WARNING
2026-01-01T13:30:05,tank01,normal,73.62,2.09,48.43,63.22,74.24,1.59,12.68,91.39,NORMAL
2026-01-01T13:30:10,tank01,high_vibration,75.95,2.09,48.03,61.91,73.86,4.64,12.72,82.72,CRITICAL
2026-01-01T13:30:15,tank01,low_flow,75.32,2.4,31.69,62.1,75.29,1.69,13.25,88.64,CRITICAL
2026-01-01T13:30:20,tank01,normal,74.07,2.13,48.41,63.43,72.42,1.61,12.57,91.57,NORMAL
2026-01-01T13:30:25,tank01,normal,75.84,2.18,48.5,61.58,76.5,1.56,12.97,92.61,NORMAL
2026-01-01T13:30:30,tank01,high_temp,89.97,2.05,48.0,60.35,85.06,1.5,14.01,86.03,WARNING
2026-01-01T13:30:35,tank01,normal,77.92,2.19,47.57,62.47,77.75,1.77,13.16,94.35,NORMAL
2026-01-01T13:30:40,tank01,overpressure,77.31,3.2,47.92,58.66,74.16,1.39,13.46,88.74,CRITICAL
2026-01-01T13:30:45,tank01,normal,76.75,2.19,49.48,60.06,73.97,1.63,12.79,92.99,NORMAL
2026-01-01T13:30:50,tank01,normal,78.1,2.1,47.7,62.23,75.02,1.68,12.89,94.72,NORMAL
2026-01-01T13:30:55,tank01,high_temp,92.6,2.14,47.97,60.49,82.22,1.47,13.92,83.6,CRITICAL
2026-01-01T13:31:00,tank01,low_quality,88.12,2.05,38.52,59.48,85.71,1.71,14.15,86.53,WARNING
2026-01-01T13:31:05,tank01,high_vibration,78.61,2.06,46.39,60.72,77.52,4.47,13.1,85.01,CRITICAL
2026-01-01T13:31:10,tank01,normal,80.55,2.08,46.95,61.38,76.88,1.41,13.11,93.21,NORMAL
2026-01-01T13:31:15,tank01,normal,80.53,2.05,46.06,60.0,72.83,1.65,12.78,93.57,NORMAL
2026-01-01T13:31:20,tank01,high_temp,94.74,2.21,45.67,59.6,82.25,1.3,14.06,82.23,CRITICAL
2026-01-01T13:31:25,tank01,normal,80.83,2.08,46.18,60.74,74.37,1.17,12.93,93.21,NORMAL
2026-01-01T13:31:30,tank01,normal,80.68,2.13,43.5,60.01,73.89,1.22,12.96,92.96,NORMAL
2026-01-01T13:31:35,tank01,normal,81.71,2.11,42.91,60.28,76.12,0.9,13.16,92.17,NORMAL
2026-01-01T13:31:40,tank01,normal,79.81,2.12,43.98,64.11,73.15,1.25,12.86,93.76,NORMAL
2026-01-01T13:31:45,tank01,high_temp,93.96,2.13,44.55,61.89,80.34,1.23,13.86,83.25,CRITICAL
2026-01-01T13:31:50,tank01,normal,81.95,2.09,41.92,60.52,71.65,1.26,12.82,91.8,NORMAL
2026-01-01T13:31:55,tank01,normal,81.82,2.04,44.24,60.99,70.08,1.42,12.62,92.74,NORMAL
2026-01-01T13:32:00,tank01,normal,82.62,2.06,42.26,59.08,71.53,1.59,12.8,91.56,NORMAL
2026-01-01T13:32:05,tank01,low_quality,90.91,2.02,33.56,61.76,79.2,1.4,13.77,83.34,CRITICAL
2026-01-01T13:32:10,tank01,normal,81.44,2.06,41.63,61.07,69.37,1.37,12.61,92.26,NORMAL
2026-01-01T13:32:15,tank01,normal,81.83,2.06,41.33,61.95,69.48,1.3,12.63,91.93,NORMAL
2026-01-01T13:32:20,tank01,normal,81.14,2.06,41.28,63.57,68.91,1.46,12.56,92.42,NORMAL
2026-01-01T13:32:25,tank01,low_quality,89.57,2.01,34.1,62.65,76.71,1.57,13.52,84.55,WARNING
2026-01-01T13:32:30,tank01,high_vibration,80.66,1.92,43.24,60.89,67.91,4.6,12.36,82.75,CRITICAL
2026-01-01T13:32:35,tank01,normal,79.97,2.04,44.17,64.26,64.25,1.62,12.1,94.11,NORMAL
2026-01-01T13:32:40,tank01,low_flow,79.9,2.17,27.67,64.19,66.88,1.57,12.63,89.41,CRITICAL
2026-01-01T13:32:45,tank01,normal,80.19,1.93,43.26,62.72,64.81,1.74,12.1,93.57,NORMAL
2026-01-01T13:32:50,tank01,normal,78.35,1.89,45.14,64.57,63.34,1.87,11.87,95.16,NORMAL
2026-01-01T13:32:55,tank01,normal,77.85,1.94,43.77,65.98,63.25,1.77,11.9,95.25,NORMAL
2026-01-01T13:33:00,tank01,normal,76.16,1.88,44.84,67.35,64.62,1.78,11.91,93.98,NORMAL
2026-01-01T13:33:05,tank01,normal,78.11,1.88,45.36,65.23,64.47,1.66,11.95,95.25,NORMAL
2026-01-01T13:33:10,tank01,normal,76.07,1.79,45.68,66.88,62.64,1.46,11.68,93.35,NORMAL
2026-01-01T13:33:15,tank01,normal,77.76,1.85,46.28,66.3,63.69,1.6,11.84,94.73,NORMAL
2026-01-01T13:33:20,tank01,normal,75.19,1.9,47.6,67.07,64.06,1.62,11.8,92.73,NORMAL
2026-01-01T13:33:25,tank01,normal,75.46,1.85,47.09,64.41,63.65,1.55,11.76,92.84,NORMAL
2026-01-01T13:33:30,tank01,normal,74.49,1.84,47.65,68.01,62.61,1.66,11.63,91.89,NORMAL
2026-01-01T13:33:35,tank01,normal,75.04,1.87,49.07,68.83,63.38,1.33,11.71,92.13,NORMAL
2026-01-01T13:33:40,tank01,low_flow,73.45,2.06,33.77,66.71,66.49,1.8,12.25,89.46,WARNING
2026-01-01T13:33:45,tank01,low_flow,73.92,2.08,33.37,67.98,64.09,1.49,12.09,89.61,WARNING
2026-01-01T13:33:50,tank01,high_vibration,74.35,1.86,46.17,68.03,63.19,4.43,11.71,82.54,CRITICAL
2026-01-01T13:33:55,tank01,normal,73.85,1.91,48.45,69.51,64.19,1.34,11.77,91.57,NORMAL
2026-01-01T13:34:00,tank01,normal,75.09,1.8,49.13,67.62,67.22,1.41,11.97,91.79,NORMAL
2026-01-01T13:34:05,tank01,normal,73.25,1.79,47.2,69.31,71.33,1.59,12.27,90.81,NORMAL
2026-01-01T13:34:10,tank01,normal,73.93,1.86,46.6,70.93,65.9,1.41,11.91,91.87,NORMAL
2026-01-01T13:34:15,tank01,normal,74.3,1.84,44.96,71.11,66.07,1.42,11.94,92.42,NORMAL
2026-01-01T13:34:20,tank01,normal,73.22,1.93,45.91,70.63,66.38,1.06,11.98,91.85,NORMAL
2026-01-01T13:34:25,tank01,low_quality,83.25,1.95,36.51,70.37,79.36,1.48,13.47,89.69,WARNING
2026-01-01T13:34:30,tank01,high_vibration,75.13,1.97,45.49,68.27,69.84,4.44,12.34,83.79,CRITICAL
2026-01-01T13:34:35,tank01,normal,75.61,1.91,44.02,70.25,69.37,1.21,12.3,93.5,NORMAL
2026-01-01T13:34:40,tank01,normal,76.86,1.91,44.61,71.13,71.58,1.27,12.51,94.59,NORMAL
2026-01-01T13:34:45,tank01,low_flow,76.91,2.24,28.27,67.99,72.03,1.26,12.99,89.79,CRITICAL
2026-01-01T13:34:50,tank01,normal,77.42,1.97,41.83,69.8,72.97,1.4,12.71,94.61,NORMAL
2026-01-01T13:34:55,tank01,normal,77.18,1.92,43.37,69.62,71.77,1.09,12.56,94.58,NORMAL
2026-01-01T13:35:00,tank01,normal,77.57,2.05,43.64,67.71,73.18,1.43,12.76,95.09,NORMAL
2026-01-01T13:35:05,tank01,normal,78.53,2.04,42.93,70.97,74.08,1.72,12.86,94.91,NORMAL
2026-01-01T13:35:10,tank01,normal,80.06,2.02,41.86,71.19,74.84,1.51,12.97,93.58,NORMAL
2026-01-01T13:35:15,tank01,normal,80.36,2.03,41.99,68.88,71.84,1.73,12.75,93.32,NORMAL
2026-01-01T13:35:20,tank01,normal,80.77,2.06,41.87,67.15,75.88,1.59,13.1,92.86,NORMAL
2026-01-01T13:35:25,tank01,normal,79.09,2.08,42.06,67.63,75.89,1.62,13.06,94.05,NORMAL
2026-01-01T13:35:30,tank01,normal,79.74,2.11,41.6,68.61,74.15,1.84,12.97,93.29,NORMAL
2026-01-01T13:35:35,tank01,normal,80.9,2.11,44.83,68.4,78.83,1.88,13.33,93.21,NORMAL
2026-01-01T13:35:40,tank01,normal,82.5,2.11,43.25,67.13,74.66,1.65,13.06,91.66,NORMAL
2026-01-01T13:35:45,tank01,high_temp,95.81,2.12,42.79,67.37,81.72,1.73,14.04,81.51,CRITICAL
2026-01-01T13:35:50,tank01,high_vibration,81.91,2.2,43.82,66.6,76.79,4.68,13.26,81.05,CRITICAL
2026-01-01T13:35:55,tank01,high_vibration,80.19,2.15,44.37,64.43,74.35,4.49,12.98,83.49,CRITICAL
2026-01-01T13:36:00,tank01,normal,82.44,2.1,44.75,66.95,74.14,1.91,13.0,92.09,NORMAL
2026-01-01T13:36:05,tank01,low_quality,89.99,2.11,37.15,63.81,83.45,1.76,14.08,84.52,WARNING
2026-01-01T13:36:10,tank01,normal,81.9,2.07,45.96,65.34,74.15,1.62,12.94,92.47,NORMAL
2026-01-01T13:36:15,tank01,low_flow,82.01,2.44,32.55,63.33,74.71,1.48,13.41,87.68,WARNING
2026-01-01T13:36:20,tank01,overpressure,82.02,3.2,46.76,62.06,74.04,1.66,13.6,86.54,CRITICAL
2026-01-01T13:36:25,tank01,normal,81.48,2.07,47.11,61.48,71.54,1.52,12.7,92.53,NORMAL
2026-01-01T13:36:30,tank01,high_temp,96.29,2.1,48.39,62.95,79.3,1.63,13.76,80.95,CRITICAL
2026-01-01T13:36:35,tank01,low_flow,79.82,2.41,33.39,62.86,71.39,1.61,13.05,89.68,WARNING
2026-01-01T13:36:40,tank01,normal,81.05,2.16,46.97,61.24,72.14,1.62,12.79,92.44,NORMAL
2026-01-01T13:36:45,tank01,normal,79.55,2.16,48.75,62.16,70.77,1.46,12.61,93.13,NORMAL
2026-01-01T13:36:50,tank01,normal,78.88,2.1,48.36,62.59,70.19,1.4,12.51,94.01,NORMAL
2026-01-01T13:36:55,tank01,normal,78.86,2.1,49.0,62.48,71.67,1.38,12.63,93.84,NORMAL
2026-01-01T13:37:00,tank01,normal,78.57,2.09,46.97,60.72,67.23,1.38,12.28,94.65,NORMAL
2026-01-01T13:37:05,tank01,normal,78.89,2.09,47.78,61.46,68.31,1.59,12.37,94.18,NORMAL
2026-01-01T13:37:10,tank01,normal,77.14,2.08,47.84,59.35,66.82,1.11,12.19,94.24,NORMAL
2026-01-01T13:37:15,tank01,high_temp,91.25,2.06,47.21,57.88,76.74,1.58,13.41,85.2,CRITICAL
2026-01-01T13:37:20,tank01,normal,75.52,2.16,44.63,60.31,69.34,1.38,12.44,93.24,NORMAL
2026-01-01T13:37:25,tank01,normal,76.93,1.96,44.43,59.86,63.26,1.42,11.88,94.84,NORMAL
2026-01-01T13:37:30,tank01,overpressure,75.73,3.0,47.21,60.84,64.64,1.83,12.53,88.75,CRITICAL
2026-01-01T13:37:35,tank01,normal,75.33,1.97,45.3,60.12,65.55,1.57,12.01,93.77,NORMAL
2026-01-01T13:37:40,tank01,normal,76.07,2.04,46.02,59.12,67.77,1.49,12.24,94.08,NORMAL
2026-01-01T13:37:45,tank01,normal,73.94,2.0,43.22,60.04,64.91,1.42,11.96,92.49,NORMAL
2026-01-01T13:37:50,tank01,normal,74.72,1.94,41.83,61.05,61.18,1.74,11.67,92.44,NORMAL
2026-01-01T13:37:55,tank01,normal,73.48,1.91,42.45,59.85,62.84,1.65,11.74,91.5,NORMAL
2026-01-01T13:38:00,tank01,normal,74.07,1.99,42.92,60.76,63.88,1.73,11.88,92.49,NORMAL
2026-01-01T13:38:05,tank01,normal,75.31,1.92,41.46,59.59,65.13,2.15,12.0,92.11,NORMAL
2026-01-01T13:38:10,tank01,high_vibration,73.26,1.79,41.11,61.42,61.81,5.09,11.6,78.07,CRITICAL
2026-01-01T13:38:15,tank01,low_quality,81.5,1.88,35.04,60.03,75.11,1.71,13.06,90.29,WARNING
2026-01-01T13:38:20,tank01,normal,74.78,1.88,41.71,62.73,62.15,1.82,11.72,92.18,NORMAL
2026-01-01T13:38:25,tank01,normal,75.52,1.95,42.92,61.3,65.04,1.61,12.0,93.37,NORMAL
2026-01-01T13:38:30,tank01,normal,75.92,1.82,44.02,62.83,62.99,1.72,11.75,93.31,NORMAL
2026-01-01T13:38:35,tank01,normal,74.77,1.88,41.89,62.87,64.98,1.71,11.94,92.18,NORMAL
2026-01-01T13:38:40,tank01,normal,74.65,1.83,42.36,63.25,63.94,1.71,11.82,91.96,NORMAL
2026-01-01T13:38:45,tank01,low_flow,76.55,2.06,27.9,62.54,64.7,1.7,12.29,90.32,CRITICAL
2026-01-01T13:38:50,tank01,normal,74.3,1.88,41.39,64.34,67.34,1.49,12.12,91.71,NORMAL
2026-01-01T13:38:55,tank01,normal,76.61,1.93,41.6,63.68,66.1,1.45,12.12,93.74,NORMAL
2026-01-01T13:39:00,tank01,high_temp,91.54,1.87,45.01,64.83,75.72,1.67,13.25,85.17,CRITICAL
2026-01-01T13:39:05,tank01,normal,76.48,1.85,43.77,65.22,69.31,1.38,12.29,93.79,NORMAL
2026-01-01T13:39:10,tank01,high_vibration,78.55,1.94,44.51,64.11,71.93,4.67,12.61,84.48,CRITICAL
2026-01-01T13:39:15,tank01,high_vibration,77.26,1.85,45.01,65.35,72.87,4.24,12.58,85.74,CRITICAL
2026-01-01T13:39:20,tank01,normal,77.35,1.94,44.54,64.37,71.79,1.5,12.56,95.09,NORMAL
2026-01-01T13:39:25,tank01,normal,78.88,1.82,45.79,68.46,71.43,1.36,12.48,94.22,NORMAL
2026-01-01T13:39:30,tank01,normal,79.92,1.96,47.09,65.06,73.39,1.18,12.74,93.82,NORMAL
2026-01-01T13:39:35,tank01,low_flow,80.15,2.11,31.99,64.15,73.29,1.45,13.05,90.58,CRITICAL
2026-01-01T13:39:40,tank01,normal,79.92,1.92,47.87,64.52,73.43,1.11,12.71,93.44,NORMAL
2026-01-01T13:39:45,tank01,normal,82.07,1.89,47.75,66.82,75.0,1.44,12.88,91.7,NORMAL
2026-01-01T13:39:50,tank01,normal,81.81,1.93,50.72,68.08,72.53,1.35,12.66,91.38,NORMAL
2026-01-01T13:39:55,tank01,low_flow,81.19,2.2,32.93,67.03,74.32,1.26,13.21,89.6,WARNING
2026-01-01T13:40:00,tank01,normal,81.23,1.92,49.04,67.09,77.47,1.32,13.05,92.17,NORMAL
2026-01-01T13:40:05,tank01,normal,81.41,2.01,48.41,70.47,77.37,1.19,13.11,92.53,NORMAL
2026-01-01T13:40:10,tank01,normal,81.12,1.92,48.58,69.46,74.99,1.58,12.85,92.35,NORMAL
2026-01-01T13:40:15,tank01,normal,82.38,2.12,47.72,68.48,74.06,1.29,12.95,91.46,NORMAL
2026-01-01T13:40:20,tank01,normal,80.96,2.11,45.46,70.36,75.64,1.62,13.06,93.13,NORMAL
2026-01-01T13:40:25,tank01,normal,82.06,1.9,46.59,70.63,77.52,1.48,13.1,92.04,NORMAL
2026-01-01T13:40:30,tank01,high_temp,95.56,2.01,45.73,69.18,85.36,1.53,14.22,82.6,CRITICAL
2026-01-01T13:40:35,tank01,normal,82.18,2.09,47.25,69.63,77.15,1.6,13.18,91.85,NORMAL
2026-01-01T13:40:40,tank01,normal,80.23,1.99,44.62,70.99,75.75,1.82,12.99,94.21,NORMAL
2026-01-01T13:40:45,tank01,low_flow,81.5,2.3,32.49,70.2,74.91,1.91,13.33,88.75,WARNING
2026-01-01T13:40:50,tank01,overpressure,80.57,3.04,44.66,69.18,74.47,1.49,13.53,88.77,CRITICAL
2026-01-01T13:40:55,tank01,normal,79.95,2.07,43.52,69.28,72.32,1.75,12.77,93.82,NORMAL
2026-01-01T13:41:00,tank01,normal,79.3,2.07,44.43,71.41,74.01,1.82,12.88,94.52,NORMAL
2026-01-01T13:41:05,tank01,overpressure,79.01,3.09,43.67,70.58,73.26,1.69,13.43,89.46,CRITICAL
2026-01-01T13:41:10,tank01,normal,78.69,2.15,43.89,71.01,73.61,2.03,12.88,94.33,NORMAL
2026-01-01T13:41:15,tank01,normal,78.71,2.14,42.38,68.06,74.57,1.77,12.98,94.09,NORMAL
2026-01-01T13:41:20,tank01,normal,77.94,2.19,42.03,69.13,73.29,1.49,12.89,94.26,NORMAL
2026-01-01T13:41:25,tank01,low_quality,86.48,2.17,34.94,68.64,81.5,1.73,13.89,86.29,WARNING
2026-01-01T13:41:30,tank01,low_flow,77.1,2.45,28.29,68.98,69.66,1.56,12.93,88.91,CRITICAL
2026-01-01T13:41:35,tank01,low_flow,77.0,2.42,26.1,69.59,69.08,1.37,12.9,88.43,CRITICAL
2026-01-01T13:41:40,tank01,high_temp,88.43,2.1,41.43,69.27,75.31,1.37,13.31,86.8,WARNING
2026-01-01T13:41:45,tank01,normal,74.38,2.22,41.62,69.37,67.97,1.28,12.38,91.32,NORMAL
2026-01-01T13:41:50,tank01,normal,74.56,2.1,42.16,68.56,70.11,1.2,12.47,92.19,NORMAL
2026-01-01T13:41:55,tank01,overpressure,73.77,3.11,44.0,66.45,69.29,1.57,12.96,87.02,CRITICAL
2026-01-01T13:42:00,tank01,overpressure,75.69,3.22,44.85,65.82,67.03,1.11,12.89,88.13,CRITICAL
2026-01-01T13:42:05,tank01,normal,74.37,2.1,43.24,65.88,68.1,1.4,12.29,92.32,NORMAL
2026-01-01T13:42:10,tank01,normal,73.62,2.22,42.51,66.01,65.46,1.35,12.14,91.01,NORMAL
2026-01-01T13:42:15,tank01,normal,74.34,2.03,43.53,65.7,64.41,1.22,11.95,92.73,NORMAL
2026-01-01T13:42:20,tank01,normal,72.62,2.08,46.29,67.37,65.79,1.53,12.0,91.23,NORMAL
2026-01-01T13:42:25,tank01,high_temp,88.08,2.16,45.86,65.06,75.63,1.31,13.3,87.43,WARNING
2026-01-01T13:42:30,tank01,normal,74.06,2.03,46.36,66.22,64.53,1.56,11.91,92.53,NORMAL
2026-01-01T13:42:35,tank01,low_flow,74.84,2.31,31.99,65.55,65.56,1.08,12.39,88.85,CRITICAL
2026-01-01T13:42:40,tank01,normal,74.67,2.01,46.0,63.59,61.89,1.31,11.71,93.2,NORMAL
2026-01-01T13:42:45,tank01,normal,75.15,1.96,47.14,63.7,64.93,1.38,11.92,93.12,NORMAL
2026-01-01T13:42:50,tank01,normal,74.97,2.01,46.33,62.14,66.56,1.41,12.09,93.33,NORMAL
2026-01-01T13:42:55,tank01,normal,74.69,2.11,48.41,62.18,62.73,1.52,11.8,92.1,NORMAL
2026-01-01T13:43:00,tank01,normal,76.06,2.06,46.9,60.69,65.59,1.46,12.06,93.76,NORMAL
2026-01-01T13:43:05,tank01,normal,76.42,2.0,48.17,61.11,64.86,1.62,11.96,94.0,NORMAL
2026-01-01T13:43:10,tank01,normal,77.7,1.99,48.1,61.84,65.04,1.69,12.01,94.94,NORMAL
2026-01-01T13:43:15,tank01,normal,77.05,1.95,46.29,59.09,67.11,1.72,12.15,94.7,NORMAL
2026-01-01T13:43:20,tank01,normal,78.32,1.94,46.37,61.98,66.17,1.74,12.11,95.13,NORMAL
2026-01-01T13:43:25,tank01,normal,77.39,1.82,48.05,60.78,65.79,1.61,11.96,93.88,NORMAL
2026-01-01T13:43:30,tank01,normal,77.25,1.86,47.5,61.69,68.28,1.91,12.18,94.13,NORMAL
2026-01-01T13:43:35,tank01,overpressure,78.45,2.85,49.3,60.11,66.83,1.47,12.67,90.36,CRITICAL
2026-01-01T13:43:40,tank01,normal,79.45,1.88,45.69,58.64,68.54,1.65,12.31,94.13,NORMAL
2026-01-01T13:43:45,tank01,normal,78.66,1.87,45.81,61.09,69.13,1.62,12.32,94.63,NORMAL
2026-01-01T13:43:50,tank01,high_temp,94.47,1.85,46.04,59.43,78.42,1.61,13.53,82.65,CRITICAL
2026-01-01T13:43:55,tank01,normal,81.73,1.87,44.98,61.45,70.14,1.48,12.51,92.54,NORMAL
2026-01-01T13:44:00,tank01,low_flow,80.4,2.1,29.28,58.93,71.69,1.46,12.97,89.74,CRITICAL
2026-01-01T13:44:05,tank01,normal,82.04,1.78,44.27,61.23,72.42,1.36,12.66,91.67,NORMAL
2026-01-01T13:44:10,tank01,low_quality,89.34,1.85,34.57,58.23,81.84,1.25,13.82,84.14,WARNING
2026-01-01T13:44:15,tank01,normal,82.86,1.8,45.54,59.8,74.98,1.4,12.88,91.21,NORMAL
2026-01-01T13:44:20,tank01,normal,80.95,1.91,43.64,60.87,72.89,1.44,12.75,93.01,NORMAL
2026-01-01T13:44:25,tank01,normal,81.65,1.96,44.02,58.21,72.05,1.52,12.73,92.84,NORMAL
2026-01-01T13:44:30,tank01,overpressure,82.88,2.93,42.45,62.12,74.89,1.38,13.6,87.08,CRITICAL
2026-01-01T13:44:35,tank01,high_temp,95.81,1.87,43.13,61.29,83.66,1.27,14.04,81.51,CRITICAL
2026-01-01T13:44:40,tank01,normal,81.25,1.89,42.14,62.14,77.49,1.36,13.14,92.31,NORMAL
2026-01-01T13:44:45,tank01,normal,80.68,1.87,41.71,63.43,74.7,1.13,12.89,92.52,NORMAL
2026-01-01T13:44:50,tank01,normal,80.99,1.86,41.35,63.62,76.57,1.15,13.05,92.16,NORMAL
2026-01-01T13:44:55,tank01,normal,81.46,1.87,40.93,61.8,75.08,1.13,12.96,91.73,NORMAL
2026-01-01T13:45:00,tank01,normal,80.58,1.96,42.93,62.04,76.33,1.0,13.06,93.34,NORMAL
2026-01-01T13:45:05,tank01,low_quality,88.71,1.8,35.77,62.31,87.27,1.55,14.19,84.68,WARNING
2026-01-01T13:45:10,tank01,normal,78.19,1.91,42.19,62.99,74.44,1.48,12.82,94.73,NORMAL
2026-01-01T13:45:15,tank01,normal,79.78,1.99,44.3,63.9,75.98,1.51,13.0,94.42,NORMAL
2026-01-01T13:45:20,tank01,normal,78.63,2.02,44.4,62.83,75.44,1.07,12.94,95.28,NORMAL
2026-01-01T13:45:25,tank01,normal,77.72,2.02,44.77,64.8,75.7,1.63,12.93,95.62,NORMAL
2026-01-01T13:45:30,tank01,normal,78.37,2.05,44.68,65.4,74.36,1.6,12.86,95.4,NORMAL
2026-01-01T13:45:35,tank01,normal,78.51,2.07,45.54,65.94,73.05,1.61,12.76,95.12,NORMAL
2026-01-01T13:45:40,tank01,high_temp,90.66,1.96,46.3,65.58,81.63,1.56,13.73,85.96,CRITICAL
2026-01-01T13:45:45,tank01,normal,77.87,2.0,46.74,65.94,72.98,1.61,12.67,95.45,NORMAL
2026-01-01T13:45:50,tank01,high_temp,90.75,2.07,46.21,68.11,80.34,1.74,13.7,85.8,CRITICAL
2026-01-01T13:45:55,tank01,normal,75.57,2.01,47.27,68.49,72.67,1.96,12.58,93.54,NORMAL
2026-01-01T13:46:00,tank01,low_flow,75.57,2.31,29.98,68.5,72.52,1.59,13.0,88.89,CRITICAL
2026-01-01T13:46:05,tank01,overpressure,74.4,3.03,46.67,71.21,72.34,1.58,13.14,87.71,CRITICAL
2026-01-01T13:46:10,tank01,normal,74.51,2.11,49.68,68.01,74.0,1.91,12.68,91.66,NORMAL
2026-01-01T13:46:15,tank01,normal,74.98,2.16,48.37,69.12,67.55,1.66,12.23,92.08,NORMAL
2026-01-01T13:46:20,tank01,normal,74.14,2.15,49.42,70.11,71.14,1.65,12.47,91.24,NORMAL
2026-01-01T13:46:25,tank01,overpressure,74.44,3.22,47.98,70.13,69.0,1.61,12.97,86.48,CRITICAL
2026-01-01T13:46:30,tank01,normal,74.6,2.08,49.28,69.51,68.37,1.67,12.22,91.98,NORMAL
2026-01-01T13:46:35,tank01,high_temp,87.28,2.12,48.2,68.88,75.07,1.58,13.17,87.63,WARNING
2026-01-01T13:46:40,tank01,normal,73.86,2.11,48.34,68.31,68.22,1.58,12.22,91.5,NORMAL
2026-01-01T13:46:45,tank01,normal,74.19,2.19,48.34,67.55,66.62,1.49,12.14,91.36,NORMAL
2026-01-01T13:46:50,tank01,high_temp,88.81,2.2,45.04,69.06,71.23,1.34,13.01,86.87,WARNING
2026-01-01T13:46:55,tank01,normal,75.03,2.09,45.41,70.72,65.47,1.29,12.06,93.24,NORMAL
2026-01-01T13:47:00,tank01,normal,75.14,2.16,45.3,68.14,66.35,1.21,12.18,92.97,NORMAL
2026-01-01T13:47:05,tank01,normal,74.43,2.16,44.93,70.13,66.27,1.39,12.16,92.48,NORMAL
2026-01-01T13:47:10,tank01,high_vibration,76.93,2.07,44.31,69.54,65.45,4.34,12.12,85.32,CRITICAL
2026-01-01T13:47:15,tank01,normal,74.84,2.09,43.64,68.92,64.75,1.44,12.02,92.86,NORMAL
2026-01-01T13:47:20,tank01,normal,76.05,2.14,43.53,70.53,63.65,1.55,12.0,93.48,NORMAL
2026-01-01T13:47:25,tank01,normal,76.75,2.04,42.94,69.35,64.21,1.31,12.02,94.37,NORMAL
2026-01-01T13:47:30,tank01,normal,77.87,2.09,42.52,68.58,63.1,1.17,12.0,94.83,NORMAL
2026-01-01T13:47:35,tank01,low_quality,85.94,2.05,35.55,67.42,74.71,0.96,13.25,87.43,WARNING
2026-01-01T13:47:40,tank01,normal,78.23,2.15,42.53,68.52,63.65,1.12,12.09,94.45,NORMAL
2026-01-01T13:47:45,tank01,overpressure,79.01,3.14,42.29,66.78,66.86,1.14,12.97,88.86,CRITICAL
2026-01-01T13:47:50,tank01,normal,79.56,2.08,41.01,68.29,63.78,1.5,12.12,93.44,NORMAL
2026-01-01T13:47:55,tank01,normal,80.31,2.03,42.55,70.88,63.96,1.48,12.11,93.48,NORMAL
2026-01-01T13:48:00,tank01,normal,79.11,2.04,42.45,68.24,64.73,1.44,12.14,94.32,NORMAL
2026-01-01T13:48:05,tank01,high_temp,96.23,2.0,43.84,65.33,76.16,1.43,13.52,82.02,CRITICAL
2026-01-01T13:48:10,tank01,normal,80.8,1.98,42.58,67.17,66.4,1.45,12.28,93.19,NORMAL
2026-01-01T13:48:15,tank01,low_quality,89.85,2.0,34.36,67.41,76.92,1.51,13.54,84.43,WARNING
2026-01-01T13:48:20,tank01,normal,80.78,1.93,44.4,67.06,66.83,1.7,12.26,93.42,NORMAL
2026-01-01T13:48:25,tank01,high_temp,95.22,2.05,44.08,67.97,76.51,1.45,13.55,82.6,CRITICAL
2026-01-01T13:48:30,tank01,normal,81.5,1.9,44.04,64.8,71.17,1.66,12.62,92.61,NORMAL
2026-01-01T13:48:35,tank01,low_quality,88.57,1.88,36.56,63.93,81.4,1.75,13.75,85.39,WARNING
2026-01-01T13:48:40,tank01,overpressure,81.5,2.87,46.17,67.29,71.65,1.9,13.21,88.71,CRITICAL
2026-01-01T13:48:45,tank01,high_temp,95.75,1.89,47.17,64.03,77.3,1.81,13.48,81.6,CRITICAL
2026-01-01T13:48:50,tank01,normal,80.93,1.84,46.02,64.13,70.21,1.66,12.46,92.73,NORMAL
2026-01-01T13:48:55,tank01,high_temp,96.37,2.03,47.23,62.08,79.86,1.73,13.79,81.53,CRITICAL
2026-01-01T13:49:00,tank01,normal,81.47,1.79,47.3,63.64,72.24,1.39,12.59,91.8,NORMAL
2026-01-01T13:49:05,tank01,normal,82.03,1.86,48.09,61.09,73.56,1.62,12.74,91.51,NORMAL
2026-01-01T13:49:10,tank01,normal,80.81,1.92,48.81,63.09,73.93,1.46,12.76,92.53,NORMAL
2026-01-01T13:49:15,tank01,high_temp,94.52,1.77,48.43,61.79,85.02,1.64,13.97,81.6,CRITICAL
2026-01-01T13:49:20,tank01,low_flow,79.71,2.04,33.79,60.85,74.65,1.66,13.08,91.72,WARNING
2026-01-01T13:49:25,tank01,normal,79.25,1.8,47.81,60.0,77.5,1.24,12.94,93.36,NORMAL
2026-01-01T13:49:30,tank01,normal,78.83,1.86,47.23,61.35,77.28,1.25,12.96,94.12,NORMAL
2026-01-01T13:49:35,tank01,normal,77.79,1.87,46.77,62.04,77.44,1.53,12.95,94.76,NORMAL
2026-01-01T13:49:40,tank01,normal,80.33,1.96,47.5,62.06,74.14,1.63,12.81,93.44,NORMAL
2026-01-01T13:49:45,tank01,low_flow,77.83,2.15,32.71,61.01,77.58,1.73,13.34,92.03,WARNING
2026-01-01T13:49:50,tank01,normal,77.66,1.87,47.39,62.61,73.16,1.57,12.59,94.48,NORMAL
2026-01-01T13:49:55,tank01,normal,77.48,1.98,47.24,59.95,79.23,1.33,13.14,94.93,NORMAL
2026-01-01T13:50:00,tank01,high_temp,91.05,1.88,46.3,59.19,83.97,1.06,13.89,85.31,CRITICAL
2026-01-01T13:50:05,tank01,normal,76.55,1.93,46.03,60.58,73.19,1.35,12.62,94.29,NORMAL
2026-01-01T13:50:10,tank01,normal,76.22,1.96,45.69,61.93,71.51,1.11,12.5,94.3,NORMAL
2026-01-01T13:50:15,tank01,normal,75.44,1.83,45.39,59.17,76.37,1.25,12.79,93.12,NORMAL
2026-01-01T13:50:20,tank01,high_vibration,75.0,1.99,44.58,63.79,75.88,4.47,12.84,83.69,CRITICAL
2026-01-01T13:50:25,tank01,normal,73.31,2.0,43.85,59.25,75.83,1.57,12.81,92.17,NORMAL
2026-01-01T13:50:30,tank01,overpressure,74.46,3.03,43.91,62.06,73.75,1.43,13.29,87.91,CRITICAL
2026-01-01T13:50:35,tank01,low_flow,73.79,2.13,27.79,58.47,74.87,1.49,13.07,87.88,CRITICAL
2026-01-01T13:50:40,tank01,normal,74.36,2.02,42.82,60.4,72.49,1.45,12.6,92.65,NORMAL
2026-01-01T13:50:45,tank01,normal,74.14,2.09,41.82,59.18,69.22,1.45,12.39,91.87,NORMAL
2026-01-01T13:50:50,tank01,normal,73.89,2.07,42.18,60.46,70.14,1.68,12.44,91.87,NORMAL
2026-01-01T13:50:55,tank01,normal,74.72,2.02,42.11,61.76,68.25,1.55,12.28,92.74,NORMAL
2026-01-01T13:51:00,tank01,normal,74.35,1.97,43.66,63.42,68.58,1.56,12.25,92.79,NORMAL
2026-01-01T13:51:05,tank01,normal,75.67,2.05,41.56,64.03,68.46,1.75,12.35,93.13,NORMAL
2026-01-01T13:51:10,tank01,low_flow,75.31,2.36,26.62,60.85,68.96,1.88,12.79,87.57,CRITICAL
2026-01-01T13:51:15,tank01,normal,74.99,2.13,42.11,60.85,65.9,1.76,12.17,92.37,NORMAL
2026-01-01T13:51:20,tank01,low_quality,82.76,2.06,34.29,63.48,77.22,1.62,13.38,89.43,WARNING
2026-01-01T13:51:25,tank01,low_quality,84.28,2.2,36.22,63.63,75.22,1.57,13.32,88.1,WARNING
2026-01-01T13:51:30,tank01,high_vibration,75.97,2.07,43.56,64.45,66.11,4.66,12.15,83.14,CRITICAL
2026-01-01T13:51:35,tank01,normal,76.22,2.1,42.7,63.17,68.34,1.62,12.37,93.59,NORMAL
2026-01-01T13:51:40,tank01,low_flow,76.81,2.31,29.45,64.59,62.47,1.78,12.25,89.66,CRITICAL
2026-01-01T13:51:45,tank01,high_temp,90.72,2.13,44.95,63.66,68.49,1.75,12.81,85.79,CRITICAL
2026-01-01T13:51:50,tank01,normal,76.76,2.16,45.91,63.91,63.48,1.57,11.99,94.02,NORMAL
2026-01-01T13:51:55,tank01,normal,78.15,2.2,45.87,65.67,63.39,1.54,12.05,94.66,NORMAL
2026-01-01T13:52:00,tank01,normal,78.85,2.16,46.97,66.79,64.22,1.41,12.09,94.09,NORMAL
2026-01-01T13:52:05,tank01,normal,79.49,2.21,47.38,66.44,62.39,1.35,11.99,93.22,NORMAL
2026-01-01T13:52:10,tank01,high_vibration,80.09,2.18,46.39,66.5,63.94,4.28,12.13,84.05,CRITICAL
2026-01-01T13:52:15,tank01,normal,80.21,2.1,47.72,67.47,63.66,1.4,12.05,93.14,NORMAL
2026-01-01T13:52:20,tank01,normal,81.06,2.13,48.68,69.38,63.15,1.39,12.03,92.12,NORMAL
2026-01-01T13:52:25,tank01,normal,81.52,2.22,48.6,69.69,63.41,1.2,12.12,91.38,NORMAL
2026-01-01T13:52:30,tank01,high_temp,95.77,2.1,47.88,67.34,71.4,1.32,13.13,81.45,CRITICAL
2026-01-01T13:52:35,tank01,normal,82.58,2.11,46.75,69.97,64.56,1.29,12.21,91.57,NORMAL
2026-01-01T13:52:40,tank01,normal,81.08,2.09,47.66,66.99,65.27,1.2,12.19,92.56,NORMAL
2026-01-01T13:52:45,tank01,overpressure,82.37,3.13,48.66,68.54,66.09,0.99,12.91,86.14,CRITICAL
2026-01-01T13:52:50,tank01,normal,82.29,2.14,47.03,70.25,66.82,1.29,12.39,91.58,NORMAL
2026-01-01T13:52:55,tank01,low_quality,90.35,1.99,39.13,69.37,76.97,1.39,13.47,85.21,CRITICAL
2026-01-01T13:53:00,tank01,normal,83.04,2.02,46.44,68.75,68.01,1.33,12.45,91.77,NORMAL
2026-01-01T13:53:05,tank01,normal,81.71,1.95,46.3,68.61,70.71,1.31,12.59,92.67,NORMAL
2026-01-01T13:53:10,tank01,normal,80.92,2.03,46.69,69.7,66.82,1.49,12.29,93.22,NORMAL
2026-01-01T13:53:15,tank01,normal,81.43,1.91,45.46,69.36,69.58,1.44,12.48,92.88,NORMAL
2026-01-01T13:53:20,tank01,normal,79.23,2.05,45.57,70.41,66.83,1.41,12.27,94.71,NORMAL
2026-01-01T13:53:25,tank01,high_temp,93.51,2.01,45.57,69.29,78.7,1.7,13.62,84.17,CRITICAL
2026-01-01T13:53:30,tank01,normal,80.08,1.99,44.54,68.65,69.92,1.45,12.52,94.26,NORMAL
2026-01-01T13:53:35,tank01,normal,79.66,1.94,43.7,71.29,70.06,1.52,12.5,94.13,NORMAL
2026-01-01T13:53:40,tank01,normal,78.92,2.03,43.72,69.53,73.63,1.59,12.82,94.83,NORMAL
2026-01-01T13:53:45,tank01,overpressure,78.1,2.98,42.37,69.18,75.2,1.84,13.51,90.38,CRITICAL
2026-01-01T13:53:50,tank01,high_temp,91.08,1.98,42.19,69.41,81.18,1.68,13.78,85.37,CRITICAL
2026-01-01T13:53:55,tank01,normal,77.3,1.97,42.25,69.24,73.31,1.95,12.73,94.64,NORMAL
2026-01-01T13:54:00,tank01,normal,76.52,1.93,40.68,69.46,72.69,1.59,12.66,93.43,NORMAL
2026-01-01T13:54:05,tank01,overpressure,76.28,2.9,42.62,69.43,76.09,1.69,13.48,89.62,CRITICAL
2026-01-01T13:54:10,tank01,normal,75.75,1.8,43.14,68.21,73.84,1.78,12.62,92.87,NORMAL
2026-01-01T13:54:15,tank01,high_vibration,76.77,1.89,41.91,67.82,75.97,4.6,12.89,83.39,CRITICAL
2026-01-01T13:54:20,tank01,normal,75.54,1.9,43.01,68.86,75.32,1.42,12.78,93.13,NORMAL
2026-01-01T13:54:25,tank01,normal,75.46,1.8,42.47,67.42,76.53,1.54,12.83,92.46,NORMAL
2026-01-01T13:54:30,tank01,normal,75.08,1.83,42.36,66.96,76.27,1.55,12.81,92.28,NORMAL
2026-01-01T13:54:35,tank01,normal,74.28,1.9,40.89,67.3,77.2,1.61,12.93,91.66,NORMAL
2026-01-01T13:54:40,tank01,normal,74.26,1.78,44.2,66.78,74.1,1.41,12.56,91.88,NORMAL
2026-01-01T13:54:45,tank01,normal,72.98,1.9,42.73,67.58,74.72,1.62,12.67,91.18,NORMAL
2026-01-01T13:54:50,tank01,normal,73.96,1.79,45.09,64.05,74.89,1.4,12.61,91.88,NORMAL
2026-01-01T13:54:55,tank01,normal,73.83,1.84,45.14,65.01,73.83,1.72,12.55,92.04,NORMAL
2026-01-01T13:55:00,tank01,normal,74.17,1.89,46.66,61.99,72.61,1.27,12.47,92.17,NORMAL
2026-01-01T13:55:05,tank01,low_flow,74.83,2.1,29.0,64.33,75.67,1.42,13.12,89.12,CRITICAL
2026-01-01T13:55:10,tank01,normal,73.82,1.86,47.41,65.33,73.67,1.45,12.51,91.56,NORMAL
2026-01-01T13:55:15,tank01,low_quality,84.05,1.91,39.89,61.68,83.88,1.31,13.78,89.75,NORMAL
2026-01-01T13:55:20,tank01,low_quality,83.13,2.0,41.08,64.2,81.01,1.3,13.56,91.15,NORMAL
2026-01-01T13:55:25,tank01,normal,75.57,1.95,46.66,62.3,74.03,1.45,12.66,93.53,NORMAL
2026-01-01T13:55:30,tank01,overpressure,77.16,2.91,48.12,60.33,71.2,1.11,13.03,90.05,CRITICAL
2026-01-01T13:55:35,tank01,high_vibration,76.91,1.93,48.96,59.39,69.37,4.42,12.28,84.19,CRITICAL
2026-01-01T13:55:40,tank01,normal,77.06,1.99,49.23,62.1,67.18,1.29,12.14,94.18,NORMAL
2026-01-01T13:55:45,tank01,normal,77.54,2.02,47.59,60.61,68.38,1.14,12.29,94.93,NORMAL
2026-01-01T13:55:50,tank01,high_vibration,77.39,2.01,46.75,62.94,67.2,4.43,12.2,85.35,CRITICAL
2026-01-01T13:55:55,tank01,high_temp,92.27,2.03,47.99,61.27,75.83,1.69,13.33,84.39,CRITICAL
2026-01-01T13:56:00,tank01,normal,77.07,1.98,46.57,56.74,68.84,1.25,12.31,94.81,NORMAL
2026-01-01T13:56:05,tank01,overpressure,78.39,2.95,46.34,59.88,63.34,1.44,12.5,90.6,CRITICAL
2026-01-01T13:56:10,tank01,normal,79.01,2.05,46.98,60.55,66.84,1.75,12.25,94.48,NORMAL
2026-01-01T13:56:15,tank01,normal,79.14,2.07,47.47,61.25,65.77,1.62,12.17,94.17,NORMAL
2026-01-01T13:56:20,tank01,normal,80.34,2.02,46.99,60.45,67.36,1.75,12.3,93.67,NORMAL
2026-01-01T13:56:25,tank01,high_vibration,80.45,2.17,44.8,59.73,63.92,4.74,12.16,82.32,CRITICAL
2026-01-01T13:56:30,tank01,normal,81.02,2.08,43.93,60.91,65.68,1.46,12.28,93.06,NORMAL
2026-01-01T13:56:35,tank01,low_flow,81.39,2.34,30.08,58.4,63.15,1.74,12.45,88.01,CRITICAL
2026-01-01T13:56:40,tank01,normal,80.34,2.09,42.65,58.05,62.98,1.88,12.06,93.23,NORMAL
2026-01-01T13:56:45,tank01,normal,83.13,2.23,43.94,60.49,63.89,1.67,12.29,90.72,NORMAL
2026-01-01T13:56:50,tank01,normal,80.34,2.16,41.94,58.17,65.27,1.94,12.3,92.69,NORMAL
2026-01-01T13:56:55,tank01,normal,81.5,2.11,41.98,61.12,65.75,1.75,12.34,92.09,NORMAL
2026-01-01T13:57:00,tank01,normal,82.76,2.16,42.89,59.87,66.78,1.94,12.48,91.12,NORMAL
2026-01-01T13:57:05,tank01,normal,81.32,2.15,41.77,58.41,62.82,1.88,12.13,91.93,NORMAL
2026-01-01T13:57:10,tank01,normal,82.14,2.07,43.19,62.69,65.04,1.53,12.26,92.07,NORMAL
2026-01-01T13:57:15,tank01,high_temp,94.71,2.21,41.07,61.06,72.86,1.38,13.38,81.46,CRITICAL
2026-01-01T13:57:20,tank01,normal,81.3,2.27,42.88,60.55,63.28,1.28,12.22,91.66,NORMAL
2026-01-01T13:57:25,tank01,normal,81.04,2.13,41.76,62.52,63.73,1.43,12.18,92.28,NORMAL
2026-01-01T13:57:30,tank01,high_temp,95.25,2.15,40.92,64.47,74.91,1.37,13.53,81.3,CRITICAL
2026-01-01T13:57:35,tank01,high_temp,94.89,2.16,42.82,63.44,76.08,1.59,13.59,81.98,CRITICAL
2026-01-01T13:57:40,tank01,normal,81.17,2.15,42.85,61.63,65.52,1.2,12.32,92.36,NORMAL
2026-01-01T13:57:45,tank01,overpressure,79.42,3.13,43.56,63.37,67.63,1.3,13.02,88.91,CRITICAL
2026-01-01T13:57:50,tank01,normal,79.26,2.08,43.82,64.37,67.88,1.13,12.4,94.35,NORMAL
2026-01-01T13:57:55,tank01,normal,78.23,2.13,45.38,63.88,68.67,1.38,12.44,95.08,NORMAL
2026-01-01T13:58:00,tank01,normal,78.16,2.02,45.03,64.73,71.39,1.55,12.59,95.78,NORMAL
2026-01-01T13:58:05,tank01,normal,77.78,2.17,44.91,63.02,69.81,1.54,12.54,94.98,NORMAL
2026-01-01T13:58:10,tank01,low_flow,77.31,2.33,32.33,63.98,69.8,1.34,12.82,90.65,WARNING
2026-01-01T13:58:15,tank01,high_temp,91.03,2.03,46.68,64.83,80.53,1.18,13.69,85.67,CRITICAL
2026-01-01T13:58:20,tank01,normal,76.14,2.0,46.58,65.82,74.75,1.62,12.77,94.19,NORMAL
2026-01-01T13:58:25,tank01,normal,76.73,2.06,48.65,65.87,74.23,1.32,12.75,93.83,NORMAL
2026-01-01T13:58:30,tank01,normal,74.38,1.91,47.71,65.67,74.09,1.57,12.59,92.16,NORMAL
2026-01-01T13:58:35,tank01,low_quality,82.67,2.05,39.81,65.51,82.9,1.54,13.74,90.97,NORMAL
2026-01-01T13:58:40,tank01,normal,73.96,1.98,47.38,70.68,73.9,1.6,12.61,92.29,NORMAL
2026-01-01T13:58:45,tank01,normal,74.28,1.91,48.42,67.98,74.75,1.11,12.63,91.92,NORMAL
2026-01-01T13:58:50,tank01,low_flow,74.74,2.24,32.99,67.87,74.57,1.73,13.06,89.35,WARNING
2026-01-01T13:58:55,tank01,normal,73.2,1.95,47.43,68.51,75.92,1.65,12.73,91.57,NORMAL
2026-01-01T13:59:00,tank01,normal,73.75,1.96,47.8,68.27,76.56,1.65,12.8,91.91,NORMAL
2026-01-01T13:59:05,tank01,low_quality,81.16,1.94,39.02,70.08,86.63,1.71,13.94,91.81,NORMAL
2026-01-01T13:59:10,tank01,normal,73.31,1.9,47.04,68.14,77.92,1.8,12.87,91.5,NORMAL
2026-01-01T13:59:15,tank01,normal,73.56,1.9,46.39,67.61,75.69,1.55,12.7,91.81,NORMAL
2026-01-01T13:59:20,tank01,normal,74.52,1.93,46.67,69.13,77.47,1.85,12.89,92.61,NORMAL
2026-01-01T13:59:25,tank01,normal,75.11,1.81,46.88,69.55,76.84,1.65,12.78,92.4,NORMAL
2026-01-01T13:59:30,tank01,normal,75.72,1.93,47.54,71.29,74.4,1.82,12.67,93.3,NORMAL
2026-01-01T13:59:35,tank01,overpressure,74.48,2.89,45.07,68.99,76.31,1.59,13.4,88.9,CRITICAL
2026-01-01T13:59:40,tank01,normal,74.64,1.82,45.28,68.31,74.34,1.68,12.6,92.5,NORMAL
2026-01-01T13:59:45,tank01,normal,75.55,1.92,43.08,70.47,75.57,1.43,12.82,93.27,NORMAL
2026-01-01T13:59:50,tank01,normal,76.16,1.77,44.01,68.91,73.64,1.72,12.58,93.21,NORMAL
2026-01-01T13:59:55,tank01,normal,76.54,1.79,42.66,70.99,73.21,1.52,12.59,93.26,NORMAL
2026-01-01T14:00:00,tank01,normal,75.57,1.85,42.07,69.84,77.87,1.29,12.97,92.68,NORMAL
2026-01-01T14:00:05,tank01,low_flow,78.11,2.14,26.74,68.73,72.51,1.58,13.03,90.66,CRITICAL
2026-01-01T14:00:10,tank01,low_quality,86.16,1.88,35.34,68.39,85.18,1.47,14.0,86.88,WARNING
2026-01-01T14:00:15,tank01,normal,78.86,1.89,42.71,68.3,68.07,1.23,12.31,94.24,NORMAL
2026-01-01T14:00:20,tank01,normal,78.94,1.9,42.61,69.51,72.94,1.24,12.71,94.22,NORMAL
2026-01-01T14:00:25,tank01,high_vibration,79.7,1.93,41.03,68.83,69.69,4.14,12.51,84.83,CRITICAL
2026-01-01T14:00:30,tank01,normal,80.8,1.89,39.35,70.46,69.43,1.15,12.52,91.96,NORMAL
2026-01-01T14:00:35,tank01,normal,81.17,1.89,42.06,67.19,71.59,1.29,12.66,92.33,NORMAL
2026-01-01T14:00:40,tank01,normal,82.17,1.89,42.09,67.05,65.02,1.14,12.17,91.61,NORMAL
2026-01-01T14:00:45,tank01,overpressure,79.52,2.92,41.65,66.86,68.04,1.08,12.96,89.42,CRITICAL
2026-01-01T14:00:50,tank01,normal,81.31,2.02,42.51,66.33,68.08,1.35,12.46,92.77,NORMAL
2026-01-01T14:00:55,tank01,low_flow,79.88,2.06,27.9,66.7,66.49,1.05,12.53,90.02,CRITICAL
2026-01-01T14:01:00,tank01,normal,82.02,1.96,43.71,67.1,65.89,1.5,12.25,92.47,NORMAL
2026-01-01T14:01:05,tank01,normal,82.4,1.96,43.43,67.43,64.81,1.75,12.18,92.11,NORMAL
2026-01-01T14:01:10,tank01,normal,82.73,2.03,44.15,67.38,64.32,1.51,12.19,92.07,NORMAL
2026-01-01T14:01:15,tank01,low_quality,90.07,2.02,36.8,65.31,74.01,1.5,13.28,84.8,CRITICAL
2026-01-01T14:01:20,tank01,high_temp,96.94,2.03,45.69,63.49,70.86,1.71,13.11,81.47,CRITICAL
2026-01-01T14:01:25,tank01,normal,82.5,2.06,45.82,64.87,61.37,1.93,11.94,92.1,NORMAL
2026-01-01T14:01:30,tank01,normal,81.06,2.02,47.19,63.22,62.78,1.51,11.96,93.07,NORMAL
2026-01-01T14:01:35,tank01,high_temp,95.84,2.05,47.44,62.5,71.5,1.53,13.11,81.76,CRITICAL
2026-01-01T14:01:40,tank01,normal,80.17,2.08,46.4,62.58,63.34,1.76,12.03,93.6,NORMAL
2026-01-01T14:01:45,tank01,low_flow,80.23,2.36,32.74,61.87,64.05,1.9,12.45,89.48,WARNING
2026-01-01T14:01:50,tank01,normal,80.6,2.19,45.72,61.0,62.76,1.48,12.07,92.9,NORMAL
2026-01-01T14:01:55,tank01,normal,80.26,2.02,48.41,63.25,67.28,1.72,12.28,93.36,NORMAL
2026-01-01T14:02:00,tank01,overpressure,80.65,3.19,48.35,61.51,64.98,1.76,12.81,87.23,CRITICAL
2026-01-01T14:02:05,tank01,normal,79.64,2.12,48.19,61.87,66.98,1.64,12.3,93.36,NORMAL
2026-01-01T14:02:10,tank01,normal,80.72,2.21,47.5,60.57,66.87,1.51,12.38,92.29,NORMAL
2026-01-01T14:02:15,tank01,normal,78.23,2.1,48.3,58.64,67.23,1.41,12.26,94.53,NORMAL
2026-01-01T14:02:20,tank01,normal,78.68,2.03,46.67,59.16,70.27,1.81,12.5,94.94,NORMAL
2026-01-01T14:02:25,tank01,normal,75.22,2.13,46.04,61.43,65.77,1.47,12.1,93.02,NORMAL
2026-01-01T14:02:30,tank01,normal,74.41,2.19,45.77,59.58,68.79,1.53,12.36,92.16,NORMAL
2026-01-01T14:02:35,tank01,normal,76.35,2.19,45.96,59.72,67.04,1.46,12.28,93.58,NORMAL
2026-01-01T14:02:40,tank01,normal,77.33,2.13,46.68,59.14,67.0,1.47,12.26,94.41,NORMAL
2026-01-01T14:02:45,tank01,high_temp,88.09,2.23,44.57,60.27,78.03,1.22,13.55,87.18,WARNING
2026-01-01T14:02:50,tank01,normal,75.46,2.17,44.45,59.53,72.7,1.31,12.71,93.11,NORMAL
2026-01-01T14:02:55,tank01,normal,75.09,2.06,44.19,59.96,72.7,1.3,12.64,93.33,NORMAL
2026-01-01T14:03:00,tank01,normal,73.16,2.12,44.59,58.78,71.33,1.34,12.51,91.67,NORMAL
2026-01-01T14:03:05,tank01,high_vibration,73.01,2.1,41.13,60.7,68.04,4.3,12.28,81.57,CRITICAL
2026-01-01T14:03:10,tank01,normal,74.94,2.01,41.44,59.16,76.19,1.19,12.93,92.78,NORMAL
2026-01-01T14:03:15,tank01,low_quality,81.47,2.12,34.0,60.58,84.11,1.47,13.93,90.07,WARNING
2026-01-01T14:03:20,tank01,low_flow,73.1,2.25,27.37,59.66,71.7,1.5,12.87,86.69,CRITICAL
2026-01-01T14:03:25,tank01,normal,73.63,2.12,42.07,59.83,74.44,1.53,12.8,91.41,NORMAL
2026-01-01T14:03:30,tank01,normal,73.89,2.06,41.25,62.62,74.87,1.24,12.83,91.66,NORMAL
2026-01-01T14:03:35,tank01,normal,74.36,2.09,43.26,61.95,75.25,1.65,12.85,92.4,NORMAL
2026-01-01T14:03:40,tank01,normal,73.52,2.03,43.52,61.94,74.51,1.2,12.73,92.13,NORMAL
2026-01-01T14:03:45,tank01,normal,74.67,2.05,41.65,61.46,77.39,1.49,13.03,92.44,NORMAL
2026-01-01T14:03:50,tank01,low_flow,74.94,2.35,29.76,63.21,74.49,1.48,13.17,88.17,CRITICAL
2026-01-01T14:03:55,tank01,normal,75.93,2.04,43.8,62.22,76.79,1.74,12.99,93.95,NORMAL
2026-01-01T14:04:00,tank01,normal,75.49,1.94,43.09,62.97,78.38,1.45,13.05,93.35,NORMAL
2026-01-01T14:04:05,tank01,normal,76.59,1.99,45.32,63.23,75.97,1.62,12.89,94.79,NORMAL
2026-01-01T14:04:10,tank01,overpressure,77.25,3.03,43.51,61.92,75.57,1.69,13.53,89.92,CRITICAL
2026-01-01T14:04:15,tank01,high_temp,91.93,1.96,44.59,66.01,82.44,1.55,13.86,85.26,CRITICAL
2026-01-01T14:04:20,tank01,normal,77.75,1.96,44.77,66.2,73.35,1.2,12.71,95.56,NORMAL
2026-01-01T14:04:25,tank01,low_quality,85.78,1.93,38.06,65.57,85.38,1.63,13.99,88.1,WARNING
2026-01-01T14:04:30,tank01,normal,79.4,1.83,45.5,65.88,72.28,1.55,12.58,93.99,NORMAL
2026-01-01T14:04:35,tank01,high_temp,93.45,1.84,46.52,65.83,82.78,1.74,13.83,83.23,CRITICAL
2026-01-01T14:04:40,tank01,normal,81.26,1.9,48.23,68.16,72.75,1.81,12.67,92.23,NORMAL
2026-01-01T14:04:45,tank01,low_quality,88.17,1.97,37.93,67.24,83.18,1.75,13.91,86.44,WARNING
2026-01-01T14:04:50,tank01,normal,81.12,1.81,47.44,68.19,70.99,1.9,12.49,92.12,NORMAL
2026-01-01T14:04:55,tank01,normal,80.79,1.8,46.25,66.46,74.36,1.64,12.76,92.6,NORMAL
2026-01-01T14:05:00,tank01,normal,81.39,1.78,48.0,68.34,71.03,1.52,12.47,91.61,NORMAL
2026-01-01T14:05:05,tank01,normal,80.88,1.84,48.0,67.96,72.84,1.67,12.64,92.3,NORMAL
2026-01-01T14:05:10,tank01,high_temp,95.61,1.83,48.3,69.32,78.8,1.38,13.54,81.11,CRITICAL
2026-01-01T14:05:15,tank01,normal,81.99,1.88,48.29,70.18,67.6,1.6,12.27,91.56,NORMAL
2026-01-01T14:05:20,tank01,normal,81.63,1.93,47.02,66.22,69.32,1.34,12.45,92.4,NORMAL
2026-01-01T14:05:25,tank01,normal,81.89,1.86,48.43,68.69,69.46,1.35,12.4,91.52,NORMAL
2026-01-01T14:05:30,tank01,normal,83.33,1.89,46.14,70.55,67.41,1.37,12.33,91.17,NORMAL
2026-01-01T14:05:35,tank01,normal,82.04,1.88,46.25,69.96,64.47,1.27,12.05,92.04,NORMAL
2026-01-01T14:05:40,tank01,normal,81.54,1.82,46.46,70.02,65.97,1.6,12.12,92.08,NORMAL
2026-01-01T14:05:45,tank01,normal,81.85,2.0,45.61,70.8,64.26,1.03,12.11,92.95,NORMAL
2026-01-01T14:05:50,tank01,overpressure,80.48,2.86,44.23,69.84,66.27,1.58,12.77,89.64,CRITICAL
2026-01-01T14:05:55,tank01,normal,81.06,1.88,44.51,68.98,65.91,1.3,12.16,92.97,NORMAL
2026-01-01T14:06:00,tank01,high_vibration,79.24,1.96,43.9,71.47,66.22,4.01,12.19,86.58,CRITICAL
2026-01-01T14:06:05,tank01,low_quality,88.79,1.9,34.95,67.76,76.26,1.35,13.38,84.88,WARNING
2026-01-01T14:06:10,tank01,normal,81.71,1.95,44.77,70.19,64.0,1.39,12.07,92.91,NORMAL
2026-01-01T14:06:15,tank01,high_temp,92.64,2.01,42.91,69.43,71.98,1.33,13.1,84.44,CRITICAL
2026-01-01T14:06:20,tank01,low_flow,77.6,2.15,26.81,68.55,62.95,1.35,12.25,90.42,CRITICAL
2026-01-01T14:06:25,tank01,normal,79.55,1.97,42.8,70.15,64.95,1.37,12.12,94.15,NORMAL
2026-01-01T14:06:30,tank01,normal,78.21,2.01,41.03,69.79,65.24,1.62,12.16,94.78,NORMAL
2026-01-01T14:06:35,tank01,low_flow,77.91,2.2,26.83,68.17,64.8,1.63,12.44,90.38,CRITICAL
2026-01-01T14:06:40,tank01,overpressure,76.12,3.01,44.06,70.46,64.54,1.63,12.59,89.32,CRITICAL
2026-01-01T14:06:45,tank01,normal,77.89,2.11,42.18,68.61,67.97,1.63,12.41,94.65,NORMAL
2026-01-01T14:06:50,tank01,high_vibration,76.98,2.15,41.53,70.35,65.51,4.63,12.21,83.13,CRITICAL
2026-01-01T14:06:55,tank01,normal,77.08,2.06,41.65,68.9,65.62,1.58,12.17,94.17,NORMAL
2026-01-01T14:07:00,tank01,normal,73.61,2.13,41.02,65.86,64.83,1.6,12.06,91.08,NORMAL
2026-01-01T14:07:05,tank01,high_temp,88.53,2.18,42.33,66.13,74.25,1.69,13.27,86.51,WARNING
2026-01-01T14:07:10,tank01,overpressure,73.54,3.1,43.59,65.96,66.73,1.69,12.75,86.79,CRITICAL
2026-01-01T14:07:15,tank01,high_vibration,74.88,2.07,43.93,65.75,66.49,4.94,12.15,81.28,CRITICAL
2026-01-01T14:07:20,tank01,normal,73.28,2.14,43.03,65.49,68.59,1.53,12.33,91.26,NORMAL
2026-01-01T14:07:25,tank01,normal,74.28,2.14,43.43,65.2,69.06,1.35,12.39,92.1,NORMAL
2026-01-01T14:07:30,tank01,normal,74.35,2.11,44.21,64.9,69.52,1.49,12.4,92.51,NORMAL
2026-01-01T14:07:35,tank01,low_flow,74.12,2.34,30.31,66.43,72.97,1.38,13.01,87.73,CRITICAL
2026-01-01T14:07:40,tank01,high_temp,87.72,2.15,46.05,65.31,79.18,1.64,13.56,87.71,WARNING
2026-01-01T14:07:45,tank01,normal,72.85,2.18,45.82,63.04,72.52,1.3,12.61,91.01,NORMAL
2026-01-01T14:07:50,tank01,low_flow,75.24,2.38,31.4,64.53,73.83,1.32,13.12,88.63,CRITICAL
2026-01-01T14:07:55,tank01,high_temp,88.37,2.1,47.41,61.9,81.46,1.26,13.72,87.12,WARNING
2026-01-01T14:08:00,tank01,normal,74.37,2.15,48.19,61.71,74.36,1.33,12.74,91.76,NORMAL
2026-01-01T14:08:05,tank01,normal,74.04,2.17,47.66,59.99,74.33,1.56,12.75,91.52,NORMAL
2026-01-01T14:08:10,tank01,normal,76.21,2.13,47.76,62.89,71.92,1.65,12.6,93.3,NORMAL
2026-01-01T14:08:15,tank01,normal,75.91,2.19,46.34,62.82,77.68,1.18,13.11,93.13,NORMAL
2026-01-01T14:08:20,tank01,normal,76.36,2.13,46.51,60.42,74.5,1.16,12.83,93.75,NORMAL
2026-01-01T14:08:25,tank01,normal,76.95,2.13,49.56,59.38,75.95,1.14,12.92,93.42,NORMAL
2026-01-01T14:08:30,tank01,normal,77.8,2.08,47.19,62.74,79.57,1.07,13.24,94.89,NORMAL
2026-01-01T14:08:35,tank01,normal,77.97,2.03,47.53,60.95,75.67,1.46,12.9,95.17,NORMAL
2026-01-01T14:08:40,tank01,normal,78.37,2.04,45.03,60.43,76.21,1.29,13.0,95.53,NORMAL
2026-01-01T14:08:45,tank01,normal,78.62,2.1,46.92,59.14,74.98,1.27,12.91,94.54,NORMAL
2026-01-01T14:08:50,tank01,low_flow,81.03,2.25,32.19,59.79,72.14,1.26,13.07,89.29,WARNING
2026-01-01T14:08:55,tank01,normal,78.71,2.12,45.05,58.49,76.65,1.32,13.09,94.86,NORMAL
2026-01-01T14:09:00,tank01,normal,79.29,1.98,45.25,60.13,77.87,1.46,13.12,94.85,NORMAL
2026-01-01T14:09:05,tank01,normal,79.6,1.99,45.4,60.25,73.65,1.54,12.8,94.67,NORMAL
2026-01-01T14:09:10,tank01,normal,80.57,1.99,45.01,61.44,72.94,1.46,12.77,94.01,NORMAL
2026-01-01T14:09:15,tank01,normal,79.96,1.93,44.07,58.46,77.2,1.53,13.07,93.94,NORMAL
2026-01-01T14:09:20,tank01,normal,80.88,1.98,45.2,59.51,75.62,1.6,12.99,93.69,NORMAL
2026-01-01T14:09:25,tank01,normal,82.22,1.94,41.93,61.88,71.29,1.59,12.7,91.77,NORMAL
2026-01-01T14:09:30,tank01,normal,81.6,1.95,43.55,60.82,74.59,1.74,12.93,92.68,NORMAL
2026-01-01T14:09:35,tank01,normal,81.74,1.88,42.62,62.21,72.1,1.89,12.71,91.99,NORMAL
2026-01-01T14:09:40,tank01,normal,83.15,1.9,42.28,62.44,70.5,1.73,12.64,90.96,NORMAL
2026-01-01T14:09:45,tank01,normal,82.85,1.87,41.22,60.19,69.97,2.05,12.59,90.59,NORMAL
2026-01-01T14:09:50,tank01,normal,81.72,1.83,41.12,61.8,70.03,1.57,12.53,91.38,NORMAL
2026-01-01T14:09:55,tank01,overpressure,81.56,2.88,42.15,63.18,70.43,1.74,13.17,88.24,CRITICAL
2026-01-01T14:10:00,tank01,high_temp,94.67,1.89,41.9,63.98,75.7,1.72,13.4,82.16,CRITICAL
2026-01-01T14:10:05,tank01,normal,79.91,1.87,42.51,60.39,68.23,1.42,12.34,93.31,NORMAL
2026-01-01T14:10:10,tank01,normal,80.61,1.92,41.99,61.61,66.69,1.42,12.28,92.9,NORMAL
2026-01-01T14:10:15,tank01,normal,80.52,1.82,42.25,62.75,64.69,1.52,12.05,92.52,NORMAL
2026-01-01T14:10:20,tank01,normal,80.44,1.83,41.37,61.39,64.21,1.42,12.03,92.44,NORMAL
2026-01-01T14:10:25,tank01,normal,79.49,1.81,43.07,64.37,67.1,1.64,12.19,93.44,NORMAL
2026-01-01T14:10:30,tank01,normal,79.19,1.89,44.67,62.43,67.4,1.14,12.23,94.48,NORMAL
2026-01-01T14:10:35,tank01,low_flow,78.02,2.23,29.04,65.6,66.79,1.39,12.59,90.85,CRITICAL
2026-01-01T14:10:40,tank01,low_quality,87.44,1.96,37.46,65.81,74.81,1.28,13.22,86.84,WARNING
2026-01-01T14:10:45,tank01,normal,75.98,1.76,45.31,64.88,63.62,1.31,11.74,93.18,NORMAL
2026-01-01T14:10:50,tank01,high_vibration,76.85,1.91,45.07,66.17,63.65,4.74,11.87,83.7,CRITICAL
2026-01-01T14:10:55,tank01,normal,77.19,1.91,45.89,66.49,65.41,1.18,12.0,94.7,NORMAL
2026-01-01T14:11:00,tank01,normal,75.6,1.89,46.97,67.9,62.03,1.18,11.66,93.17,NORMAL
2026-01-01T14:11:05,tank01,high_vibration,74.83,1.98,46.7,65.73,62.69,4.07,11.75,84.8,CRITICAL
2026-01-01T14:11:10,tank01,normal,75.39,1.86,47.6,67.55,65.15,1.22,11.87,92.69,NORMAL
2026-01-01T14:11:15,tank01,overpressure,75.32,2.96,47.84,66.18,64.21,1.45,12.46,88.46,CRITICAL
2026-01-01T14:11:20,tank01,normal,74.69,1.99,48.13,69.58,64.04,1.41,11.84,92.69,NORMAL
2026-01-01T14:11:25,tank01,low_quality,81.27,2.04,40.17,67.84,75.63,1.42,13.11,92.16,NORMAL
2026-01-01T14:11:30,tank01,low_quality,81.27,1.97,39.55,68.99,74.87,1.46,13.01,92.02,NORMAL
2026-01-01T14:11:35,tank01,normal,73.8,1.97,48.64,68.89,65.92,1.45,11.94,91.78,NORMAL
2026-01-01T14:11:40,tank01,normal,73.74,2.02,47.92,71.75,65.65,1.48,11.96,92.0,NORMAL
2026-01-01T14:11:45,tank01,normal,73.99,2.05,47.56,70.22,63.85,1.42,11.84,92.12,NORMAL
2026-01-01T14:11:50,tank01,normal,73.0,2.07,47.48,71.94,66.13,1.37,12.01,91.3,NORMAL
2026-01-01T14:11:55,tank01,normal,74.17,2.08,46.54,69.79,71.93,1.72,12.53,92.36,NORMAL
2026-01-01T14:12:00,tank01,low_flow,74.23,2.29,31.26,69.59,67.94,1.7,12.57,88.27,CRITICAL
2026-01-01T14:12:05,tank01,normal,74.64,2.13,46.49,68.2,70.83,1.57,12.48,92.48,NORMAL
2026-01-01T14:12:10,tank01,low_flow,74.35,2.39,29.93,70.55,70.71,1.7,12.87,87.57,CRITICAL
2026-01-01T14:12:15,tank01,normal,73.6,2.15,44.87,69.2,71.9,1.6,12.58,91.92,NORMAL
2026-01-01T14:12:20,tank01,normal,75.2,2.2,43.47,68.97,73.0,1.56,12.76,92.52,NORMAL
2026-01-01T14:12:25,tank01,normal,76.56,2.12,43.29,69.49,72.38,1.64,12.71,93.88,NORMAL
2026-01-01T14:12:30,tank01,normal,76.15,2.1,43.48,69.01,71.19,1.71,12.59,93.71,NORMAL
2026-01-01T14:12:35,tank01,normal,77.65,2.13,42.82,70.12,73.82,1.75,12.87,94.55,NORMAL
2026-01-01T14:12:40,tank01,low_flow,78.05,2.44,26.52,71.35,73.98,1.73,13.32,89.16,CRITICAL
2026-01-01T14:12:45,tank01,normal,77.54,2.17,41.38,69.17,75.05,1.74,13.01,93.91,NORMAL
2026-01-01T14:12:50,tank01,normal,79.2,2.19,42.32,69.32,74.62,1.78,13.03,93.47,NORMAL
2026-01-01T14:12:55,tank01,normal,79.99,2.17,41.98,68.89,76.0,1.44,13.15,92.91,NORMAL
2026-01-01T14:13:00,tank01,high_temp,94.3,2.09,41.04,69.0,83.17,1.5,14.12,82.35,CRITICAL
2026-01-01T14:13:05,tank01,normal,80.35,2.16,42.67,69.82,76.79,1.53,13.21,92.87,NORMAL
2026-01-01T14:13:10,tank01,overpressure,79.3,3.09,43.05,67.62,76.33,1.23,13.7,89.07,CRITICAL
2026-01-01T14:13:15,tank01,normal,80.67,2.11,41.83,66.63,73.52,1.33,12.94,92.67,NORMAL
2026-01-01T14:13:20,tank01,high_temp,96.77,2.12,41.83,67.76,85.51,1.41,14.39,80.54,CRITICAL
2026-01-01T14:13:25,tank01,normal,81.7,2.15,42.84,66.66,75.79,1.48,13.16,91.94,NORMAL
2026-01-01T14:13:30,tank01,normal,81.68,2.03,42.53,65.0,75.78,1.12,13.1,92.45,NORMAL
2026-01-01T14:13:35,tank01,normal,82.15,2.12,44.23,63.33,75.2,1.42,13.09,92.12,NORMAL
2026-01-01T14:13:40,tank01,normal,82.02,2.08,43.95,65.01,74.44,1.39,13.0,92.32,NORMAL
2026-01-01T14:13:45,tank01,normal,82.53,2.09,44.96,66.12,74.89,1.17,13.04,92.16,NORMAL
2026-01-01T14:13:50,tank01,normal,80.4,2.1,47.07,64.7,75.52,1.28,13.01,93.18,NORMAL
2026-01-01T14:13:55,tank01,low_flow,81.82,2.37,29.67,64.79,76.09,1.55,13.52,87.45,CRITICAL
2026-01-01T14:14:00,tank01,normal,82.38,2.04,47.89,64.68,72.77,1.57,12.8,91.78,NORMAL
2026-01-01T14:14:05,tank01,normal,80.41,2.01,47.39,61.19,75.36,1.3,12.94,93.53,NORMAL
2026-01-01T14:14:10,tank01,normal,80.44,2.03,47.76,61.79,72.42,1.49,12.71,93.32,NORMAL
2026-01-01T14:14:15,tank01,normal,80.79,2.01,46.64,61.82,72.09,1.09,12.7,93.44,NORMAL
2026-01-01T14:14:20,tank01,low_flow,80.73,2.33,33.0,62.49,70.9,1.64,13.0,89.32,WARNING
2026-01-01T14:14:25,tank01,low_flow,80.92,2.25,32.96,61.2,70.95,1.5,12.96,89.54,WARNING
2026-01-01T14:14:30,tank01,normal,80.59,1.96,47.85,61.43,68.2,1.43,12.33,93.15,NORMAL
2026-01-01T14:14:35,tank01,high_temp,94.07,1.96,47.74,59.7,80.47,1.5,13.72,83.07,CRITICAL
2026-01-01T14:14:40,tank01,low_flow,79.59,2.18,33.43,63.28,66.91,1.7,12.55,91.02,WARNING
2026-01-01T14:14:45,tank01,overpressure,79.98,2.92,48.47,60.88,68.53,1.7,12.9,89.07,CRITICAL
2026-01-01T14:14:50,tank01,normal,77.38,1.87,46.71,59.05,65.92,1.75,12.01,94.44,NORMAL
2026-01-01T14:14:55,tank01,low_flow,76.24,2.19,33.91,60.13,65.75,1.48,12.35,90.95,WARNING
2026-01-01T14:15:00,tank01,low_flow,77.84,2.16,30.08,60.09,66.6,1.66,12.51,91.33,CRITICAL
2026-01-01T14:15:05,tank01,normal,76.95,1.86,47.09,58.8,67.2,1.74,12.1,94.01,NORMAL
2026-01-01T14:15:10,tank01,normal,76.1,1.85,45.72,60.15,65.88,1.75,11.98,93.65,NORMAL
2026-01-01T14:15:15,tank01,high_temp,89.07,1.81,44.55,61.93,72.06,1.45,12.85,86.63,WARNING
2026-01-01T14:15:20,tank01,normal,75.88,1.77,45.1,59.51,64.02,1.47,11.78,93.24,NORMAL
2026-01-01T14:15:25,tank01,high_temp,87.21,1.85,45.46,60.93,70.55,1.68,12.69,88.23,WARNING
2026-01-01T14:15:30,tank01,high_temp,89.15,1.83,45.07,60.31,72.67,1.67,12.91,86.76,WARNING
2026-01-01T14:15:35,tank01,normal,73.24,1.91,42.5,56.78,64.46,1.43,11.86,91.34,NORMAL
2026-01-01T14:15:40,tank01,normal,74.79,1.76,44.01,60.06,64.23,1.81,11.78,92.16,NORMAL
2026-01-01T14:15:45,tank01,low_flow,75.13,2.07,28.22,58.56,64.42,1.23,12.23,89.29,CRITICAL
2026-01-01T14:15:50,tank01,normal,74.72,1.87,41.16,61.51,65.8,1.23,12.01,91.93,NORMAL
2026-01-01T14:15:55,tank01,normal,73.27,1.87,42.6,61.25,66.02,1.52,11.96,91.19,NORMAL
2026-01-01T14:16:00,tank01,normal,71.96,1.91,40.86,61.07,61.34,1.65,11.6,89.99,NORMAL
2026-01-01T14:16:05,tank01,high_vibration,73.26,1.77,41.57,60.48,63.24,4.28,11.7,81.31,CRITICAL
2026-01-01T14:16:10,tank01,normal,73.29,1.84,42.23,62.23,65.59,1.32,11.92,90.97,NORMAL
2026-01-01T14:16:15,tank01,normal,74.11,1.79,41.04,62.65,67.01,1.52,12.04,91.06,NORMAL
2026-01-01T14:16:20,tank01,normal,75.67,1.93,41.76,61.89,64.3,1.47,11.95,93.11,NORMAL
2026-01-01T14:16:25,tank01,normal,76.52,1.96,41.88,62.76,65.7,1.45,12.1,93.89,NORMAL
2026-01-01T14:16:30,tank01,normal,76.08,1.85,42.17,63.14,66.25,1.45,12.06,93.12,NORMAL
2026-01-01T14:16:35,tank01,normal,76.33,1.97,42.49,61.55,68.59,1.33,12.32,93.96,NORMAL
2026-01-01T14:16:40,tank01,normal,77.36,2.0,42.16,65.15,67.05,1.32,12.25,94.8,NORMAL
2026-01-01T14:16:45,tank01,normal,76.07,1.99,44.31,64.75,68.2,1.4,12.27,94.33,NORMAL
2026-01-01T14:16:50,tank01,normal,76.83,1.98,46.01,63.75,68.3,1.41,12.27,94.79,NORMAL
2026-01-01T14:16:55,tank01,high_temp,92.48,1.96,45.12,63.31,76.5,1.86,13.39,84.91,CRITICAL
2026-01-01T14:17:00,tank01,high_temp,91.63,2.02,45.76,65.06,78.55,1.6,13.56,85.49,CRITICAL
2026-01-01T14:17:05,tank01,normal,78.83,2.07,45.68,66.88,69.08,1.58,12.45,94.85,NORMAL
2026-01-01T14:17:10,tank01,normal,79.15,2.09,46.79,65.76,72.89,1.6,12.76,94.25,NORMAL
2026-01-01T14:17:15,tank01,normal,78.67,2.05,47.35,68.16,73.65,1.52,12.77,94.65,NORMAL
2026-01-01T14:17:20,tank01,normal,78.95,2.12,47.23,67.86,74.73,1.78,12.91,94.11,NORMAL
2026-01-01T14:17:25,tank01,overpressure,81.32,2.95,47.94,66.04,73.08,1.82,13.34,88.0,CRITICAL
2026-01-01T14:17:30,tank01,high_temp,95.36,2.21,47.33,67.04,82.43,1.65,14.07,81.35,CRITICAL
2026-01-01T14:17:35,tank01,high_temp,95.84,2.11,46.44,68.29,80.64,1.73,13.9,81.7,CRITICAL
2026-01-01T14:17:40,tank01,normal,81.88,2.09,48.04,68.41,76.68,1.48,13.13,91.86,NORMAL
2026-01-01T14:17:45,tank01,normal,82.61,2.08,46.36,66.91,74.75,1.6,13.01,91.81,NORMAL
2026-01-01T14:17:50,tank01,normal,82.58,2.08,47.91,70.3,76.65,1.63,13.14,91.45,NORMAL
2026-01-01T14:17:55,tank01,normal,80.86,2.14,48.35,69.86,72.9,1.63,12.82,92.32,NORMAL
2026-01-01T14:18:00,tank01,normal,81.81,2.16,49.53,71.26,73.51,1.75,12.89,91.23,NORMAL
2026-01-01T14:18:05,tank01,overpressure,82.2,3.18,47.53,68.67,75.31,1.7,13.68,86.34,CRITICAL
2026-01-01T14:18:10,tank01,normal,83.54,2.08,47.15,68.8,75.96,1.67,13.13,90.9,NORMAL
2026-01-01T14:18:15,tank01,high_temp,96.19,2.21,46.25,69.82,84.18,1.43,14.25,80.98,CRITICAL
2026-01-01T14:18:20,tank01,normal,81.08,2.12,44.37,71.7,78.03,1.31,13.28,92.94,NORMAL
2026-01-01T14:18:25,tank01,high_vibration,81.39,2.11,44.8,68.23,75.89,4.42,13.11,83.16,CRITICAL
2026-01-01T14:18:30,tank01,low_flow,81.61,2.36,30.16,69.96,72.83,1.25,13.24,87.76,CRITICAL
2026-01-01T14:18:35,tank01,normal,80.51,2.16,44.28,72.0,75.53,1.39,13.09,93.14,NORMAL
2026-01-01T14:18:40,tank01,high_vibration,80.5,2.19,42.99,70.01,73.96,4.35,13.0,83.26,CRITICAL
2026-01-01T14:18:45,tank01,normal,78.39,2.15,44.7,70.82,74.79,1.24,12.95,94.89,NORMAL
2026-01-01T14:18:50,tank01,normal,78.61,2.06,42.01,71.36,74.13,1.41,12.9,94.48,NORMAL
2026-01-01T14:18:55,tank01,high_vibration,78.6,2.08,43.84,68.48,74.06,4.17,12.87,86.16,CRITICAL
2026-01-01T14:19:00,tank01,normal,77.11,2.04,42.25,67.84,69.93,1.22,12.5,94.44,NORMAL
2026-01-01T14:19:05,tank01,normal,77.86,2.01,42.99,71.04,72.83,1.16,12.73,95.33,NORMAL
2026-01-01T14:19:10,tank01,normal,76.81,2.13,42.66,68.35,71.33,1.4,12.65,93.89,NORMAL
2026-01-01T14:19:15,tank01,normal,77.82,2.1,43.34,68.14,68.54,1.5,12.42,94.97,NORMAL
2026-01-01T14:19:20,tank01,normal,77.23,2.1,41.59,68.65,71.78,1.25,12.7,94.06,NORMAL
2026-01-01T14:19:25,tank01,low_flow,76.53,2.28,27.54,67.52,67.48,1.33,12.65,89.13,CRITICAL
2026-01-01T14:19:30,tank01,normal,74.89,2.07,40.04,67.55,67.04,1.58,12.25,92.08,NORMAL
2026-01-01T14:19:35,tank01,normal,75.83,2.02,40.52,67.9,66.61,1.46,12.21,93.16,NORMAL
2026-01-01T14:19:40,tank01,normal,75.18,1.95,42.59,66.52,63.68,1.75,11.88,93.01,NORMAL
2026-01-01T14:19:45,tank01,high_temp,86.03,1.88,43.88,66.31,74.81,1.66,13.04,89.11,WARNING
2026-01-01T14:19:50,tank01,normal,74.49,1.93,44.47,66.47,66.32,1.69,12.03,92.89,NORMAL
2026-01-01T14:19:55,tank01,normal,75.06,1.87,44.71,65.09,65.88,1.77,11.98,93.09,NORMAL
2026-01-01T14:20:00,tank01,high_temp,88.42,1.92,46.06,63.58,74.33,1.61,13.06,87.52,WARNING
2026-01-01T14:20:05,tank01,high_vibration,73.68,1.91,45.28,66.92,65.49,4.7,11.92,81.44,CRITICAL
2026-01-01T14:20:10,tank01,normal,74.75,1.82,45.68,65.31,62.01,1.82,11.61,92.51,NORMAL
2026-01-01T14:20:15,tank01,low_flow,73.99,2.14,31.35,62.35,63.95,1.48,12.15,88.89,CRITICAL
2026-01-01T14:20:20,tank01,normal,73.79,1.82,45.36,63.22,65.4,1.6,11.86,91.85,NORMAL
2026-01-01T14:20:25,tank01,normal,74.34,1.87,45.23,62.61,65.15,1.54,11.89,92.55,NORMAL
2026-01-01T14:20:30,tank01,normal,76.0,1.88,47.68,63.72,63.9,1.62,11.81,93.23,NORMAL
2026-01-01T14:20:35,tank01,low_flow,74.69,2.01,32.39,62.8,63.06,1.36,12.0,90.32,WARNING
2026-01-01T14:20:40,tank01,high_temp,89.39,1.8,48.47,61.62,68.32,1.67,12.5,85.57,WARNING
2026-01-01T14:20:45,tank01,normal,76.32,1.89,48.68,60.93,66.18,1.12,11.99,93.28,NORMAL
2026-01-01T14:20:50,tank01,normal,76.59,1.88,48.96,61.45,64.39,1.25,11.84,93.36,NORMAL
2026-01-01T14:20:55,tank01,high_temp,90.32,1.83,48.41,62.59,74.67,1.58,13.05,85.05,CRITICAL
2026-01-01T14:21:00,tank01,low_flow,76.9,2.1,32.41,61.46,65.15,1.34,12.29,91.53,WARNING
2026-01-01T14:21:05,tank01,low_flow,77.12,2.09,34.49,61.04,66.03,1.35,12.33,92.26,WARNING
2026-01-01T14:21:10,tank01,normal,78.95,1.83,48.69,59.44,66.81,1.54,12.08,93.51,NORMAL
2026-01-01T14:21:15,tank01,normal,78.64,1.86,47.85,60.95,66.31,1.29,12.06,94.1,NORMAL
2026-01-01T14:21:20,tank01,normal,79.61,1.91,46.25,58.36,66.19,1.54,12.14,94.04,NORMAL
2026-01-01T14:21:25,tank01,low_quality,87.91,1.89,38.09,60.12,75.26,1.18,13.22,86.26,WARNING
2026-01-01T14:21:30,tank01,high_vibration,79.2,1.87,44.48,58.69,66.93,4.45,12.18,84.48,CRITICAL
2026-01-01T14:21:35,tank01,normal,79.42,1.9,43.9,61.05,69.98,1.65,12.46,94.18,NORMAL
2026-01-01T14:21:40,tank01,low_flow,81.66,2.14,28.44,58.57,68.04,1.24,12.75,88.39,CRITICAL
2026-01-01T14:21:45,tank01,normal,82.14,2.03,43.52,59.5,72.0,1.61,12.79,92.4,NORMAL
2026-01-01T14:21:50,tank01,normal,82.27,1.96,44.44,60.52,70.79,1.31,12.64,92.43,NORMAL
2026-01-01T14:21:55,tank01,high_temp,96.79,2.01,43.69,59.97,78.86,1.3,13.77,81.51,CRITICAL
2026-01-01T14:22:00,tank01,normal,80.88,1.85,43.27,59.17,71.76,1.51,12.63,92.67,NORMAL
2026-01-01T14:22:05,tank01,normal,82.66,1.97,42.93,60.61,73.72,1.78,12.92,91.85,NORMAL
2026-01-01T14:22:10,tank01,high_vibration,82.39,2.03,41.11,61.63,75.45,4.29,13.11,82.4,CRITICAL
2026-01-01T14:22:15,tank01,normal,82.17,2.02,41.67,58.55,74.89,1.47,13.04,91.96,NORMAL
2026-01-01T14:22:20,tank01,normal,81.42,2.03,42.32,61.43,75.37,1.41,13.05,92.63,NORMAL
2026-01-01T14:22:25,tank01,normal,81.47,1.97,40.92,63.4,74.12,1.4,12.94,92.21,NORMAL
2026-01-01T14:22:30,tank01,overpressure,81.26,3.09,42.2,61.4,76.85,1.86,13.8,87.42,CRITICAL
2026-01-01T14:22:35,tank01,high_vibration,79.97,2.11,40.53,62.17,76.91,4.73,13.21,81.92,CRITICAL
2026-01-01T14:22:40,tank01,overpressure,81.5,3.23,42.53,62.63,74.42,1.66,13.7,86.58,CRITICAL
2026-01-01T14:22:45,tank01,low_quality,89.26,2.12,34.85,60.78,84.97,1.64,14.22,84.43,WARNING
2026-01-01T14:22:50,tank01,low_flow,81.49,2.38,26.98,62.96,78.32,1.73,13.73,87.0,CRITICAL
2026-01-01T14:22:55,tank01,normal,80.81,2.1,42.55,61.24,77.14,1.82,13.22,92.8,NORMAL
2026-01-01T14:23:00,tank01,normal,79.08,2.12,44.12,64.24,71.79,1.63,12.72,94.38,NORMAL
2026-01-01T14:23:05,tank01,normal,78.04,2.09,42.86,65.18,76.48,1.89,13.07,94.96,NORMAL
2026-01-01T14:23:10,tank01,normal,77.43,2.11,44.97,64.79,73.33,1.3,12.78,95.04,NORMAL
2026-01-01T14:23:15,tank01,normal,76.92,2.09,45.3,67.22,74.67,1.67,12.85,94.68,NORMAL
2026-01-01T14:23:20,tank01,normal,76.11,2.23,46.1,64.77,74.1,1.59,12.86,93.18,NORMAL
2026-01-01T14:23:25,tank01,normal,76.99,2.17,45.89,67.05,74.01,1.32,12.84,94.19,NORMAL
2026-01-01T14:23:30,tank01,normal,75.96,2.07,48.11,66.5,74.32,1.56,12.74,93.36,NORMAL
2026-01-01T14:23:35,tank01,low_quality,82.37,2.19,38.95,66.32,84.26,1.51,13.94,90.24,NORMAL
2026-01-01T14:23:40,tank01,low_flow,75.03,2.31,31.21,66.1,74.19,1.33,13.1,88.79,CRITICAL
2026-01-01T14:23:45,tank01,high_temp,90.26,2.09,46.68,67.73,78.45,1.42,13.54,85.94,CRITICAL
2026-01-01T14:23:50,tank01,normal,73.82,2.13,49.29,68.97,70.64,1.3,12.41,91.12,NORMAL
2026-01-01T14:23:55,tank01,low_quality,82.6,2.18,39.63,67.78,80.18,1.49,13.61,90.3,NORMAL
2026-01-01T14:24:00,tank01,normal,73.57,2.17,47.38,70.4,68.3,1.4,12.26,91.23,NORMAL
2026-01-01T14:24:05,tank01,low_flow,73.24,2.29,33.23,68.14,70.59,1.43,12.72,88.04,WARNING
2026-01-01T14:24:10,tank01,high_temp,85.86,2.1,46.93,67.4,76.43,1.26,13.25,89.13,WARNING
2026-01-01T14:24:15,tank01,normal,74.21,2.04,46.78,69.46,67.38,1.4,12.14,92.5,NORMAL
2026-01-01T14:24:20,tank01,normal,74.15,2.01,46.66,71.12,67.18,1.29,12.11,92.64,NORMAL
2026-01-01T14:24:25,tank01,high_vibration,74.65,2.0,47.04,68.13,64.55,4.42,11.9,83.28,CRITICAL
2026-01-01T14:24:30,tank01,normal,75.11,2.06,44.76,69.59,66.3,1.37,12.12,93.49,NORMAL
2026-01-01T14:24:35,tank01,low_quality,82.38,1.9,38.8,70.43,73.54,1.47,12.91,90.68,NORMAL
2026-01-01T14:24:40,tank01,normal,74.51,1.97,45.22,68.97,64.68,1.55,11.92,93.2,NORMAL
2026-01-01T14:24:45,tank01,normal,74.85,2.08,46.55,70.45,66.9,1.38,12.15,92.83,NORMAL
2026-01-01T14:24:50,tank01,normal,74.3,2.01,43.47,69.96,66.51,1.5,12.1,92.8,NORMAL
2026-01-01T14:24:55,tank01,overpressure,74.85,2.89,45.68,72.37,66.99,1.78,12.65,89.02,CRITICAL
2026-01-01T14:25:00,tank01,high_temp,89.92,1.97,42.59,67.49,74.62,1.64,13.21,86.29,WARNING
2026-01-01T14:25:05,tank01,normal,76.82,1.92,43.59,70.27,62.15,1.77,11.78,94.39,NORMAL
2026-01-01T14:25:10,tank01,normal,76.06,1.93,43.4,68.99,64.3,1.65,11.94,93.82,NORMAL
2026-01-01T14:25:15,tank01,high_temp,91.47,1.97,41.43,69.57,72.0,1.8,13.06,84.83,CRITICAL
2026-01-01T14:25:20,tank01,low_quality,86.75,1.93,35.3,66.47,75.25,1.74,13.25,86.68,WARNING
2026-01-01T14:25:25,tank01,normal,78.39,1.9,42.55,69.02,61.83,1.76,11.8,94.58,NORMAL
2026-01-01T14:25:30,tank01,normal,79.76,1.93,42.72,68.98,63.91,1.95,12.02,93.76,NORMAL
2026-01-01T14:25:35,tank01,normal,79.75,1.92,41.34,69.29,60.38,1.6,11.75,93.36,NORMAL
2026-01-01T14:25:40,tank01,overpressure,79.83,2.84,42.6,66.41,65.41,1.45,12.69,89.85,CRITICAL
2026-01-01T14:25:45,tank01,normal,80.74,1.83,43.86,67.52,63.91,1.71,11.97,92.79,NORMAL
2026-01-01T14:25:50,tank01,high_temp,95.88,1.83,42.36,69.69,75.19,1.75,13.35,81.07,CRITICAL
2026-01-01T14:25:55,tank01,normal,80.87,1.85,43.32,66.71,68.16,1.66,12.34,92.67,NORMAL
2026-01-01T14:26:00,tank01,low_quality,89.53,1.89,35.95,64.14,76.4,1.28,13.39,84.53,WARNING
2026-01-01T14:26:05,tank01,normal,81.84,1.82,43.32,66.6,68.25,1.45,12.36,91.81,NORMAL
2026-01-01T14:26:10,tank01,normal,81.94,1.94,43.83,67.75,70.46,1.71,12.6,92.43,NORMAL
2026-01-01T14:26:15,tank01,low_flow,81.78,2.11,30.41,62.51,68.95,1.32,12.78,88.99,CRITICAL
2026-01-01T14:26:20,tank01,normal,82.97,1.9,45.26,65.51,70.51,1.28,12.59,91.69,NORMAL
2026-01-01T14:26:25,tank01,normal,83.12,1.92,46.55,63.58,70.9,1.36,12.62,91.4,NORMAL
2026-01-01T14:26:30,tank01,normal,81.78,1.8,46.44,66.18,70.82,1.39,12.5,91.79,NORMAL
2026-01-01T14:26:35,tank01,normal,81.44,1.84,45.87,62.76,73.93,1.22,12.78,92.42,NORMAL
2026-01-01T14:26:40,tank01,high_vibration,81.5,1.84,47.08,64.26,74.29,4.5,12.79,82.06,CRITICAL
2026-01-01T14:26:45,tank01,normal,81.43,1.88,46.7,61.34,71.45,1.14,12.58,92.38,NORMAL
2026-01-01T14:26:50,tank01,normal,80.84,1.86,47.2,61.18,74.51,1.2,12.79,92.6,NORMAL
2026-01-01T14:26:55,tank01,normal,80.78,1.75,46.78,65.16,73.58,1.37,12.66,92.23,NORMAL
2026-01-01T14:27:00,tank01,normal,79.49,1.98,47.76,63.54,75.56,1.14,12.9,94.09,NORMAL
2026-01-01T14:27:05,tank01,low_quality,87.93,1.98,40.38,63.03,82.72,1.21,13.84,87.28,WARNING
2026-01-01T14:27:10,tank01,normal,78.58,1.85,47.88,59.61,76.03,1.34,12.83,94.08,NORMAL
2026-01-01T14:27:15,tank01,normal,77.83,2.07,47.62,61.04,73.42,1.44,12.74,94.85,NORMAL
2026-01-01T14:27:20,tank01,normal,77.62,1.89,48.43,58.82,74.14,1.68,12.67,94.33,NORMAL
2026-01-01T14:27:25,tank01,low_flow,78.42,2.23,32.21,62.41,74.23,1.53,13.15,91.33,WARNING
2026-01-01T14:27:30,tank01,normal,78.15,1.99,47.06,61.99,77.55,1.59,13.03,95.3,NORMAL
2026-01-01T14:27:35,tank01,low_flow,76.9,2.29,30.13,59.24,77.3,1.53,13.41,90.01,CRITICAL
2026-01-01T14:27:40,tank01,normal,77.26,2.11,44.8,60.71,76.44,1.46,13.03,94.85,NORMAL
2026-01-01T14:27:45,tank01,normal,76.21,1.97,44.11,59.07,77.14,1.49,12.98,94.31,NORMAL
2026-01-01T14:27:50,tank01,normal,75.1,2.06,47.14,60.33,76.32,1.69,12.89,92.97,NORMAL
2026-01-01T14:27:55,tank01,normal,75.39,2.05,45.23,61.22,76.48,1.78,12.93,93.75,NORMAL
2026-01-01T14:28:00,tank01,normal,76.36,2.1,44.62,59.41,74.0,1.61,12.8,94.19,NORMAL
2026-01-01T14:28:05,tank01,normal,73.78,2.09,44.82,61.43,74.88,1.65,12.79,92.33,NORMAL
2026-01-01T14:28:10,tank01,normal,74.67,2.19,43.59,59.34,72.34,1.85,12.69,92.18,NORMAL
2026-01-01T14:28:15,tank01,normal,73.62,2.06,42.5,59.84,72.13,1.54,12.58,91.79,NORMAL
2026-01-01T14:28:20,tank01,normal,75.82,2.1,41.59,60.85,74.65,1.93,12.88,93.02,NORMAL
2026-01-01T14:28:25,tank01,normal,74.21,2.08,43.42,59.81,71.92,1.49,12.58,92.34,NORMAL
2026-01-01T14:28:30,tank01,low_flow,72.97,2.35,26.44,62.19,72.84,1.38,13.03,85.86,CRITICAL
2026-01-01T14:28:35,tank01,overpressure,74.71,3.22,41.91,59.73,72.43,1.39,13.34,86.66,CRITICAL
2026-01-01T14:28:40,tank01,overpressure,74.53,3.1,42.51,61.92,72.22,1.23,13.24,87.28,CRITICAL
2026-01-01T14:28:45,tank01,normal,75.01,2.15,42.9,61.43,69.11,1.4,12.43,92.46,NORMAL
2026-01-01T14:28:50,tank01,normal,72.98,2.17,42.1,62.31,66.76,1.07,12.2,90.64,NORMAL
2026-01-01T14:28:55,tank01,normal,75.67,2.12,42.06,62.72,67.17,1.36,12.29,92.9,NORMAL
2026-01-01T14:29:00,tank01,normal,75.49,2.15,43.05,62.74,68.12,1.31,12.36,92.9,NORMAL
2026-01-01T14:29:05,tank01,high_temp,90.27,2.18,42.09,61.63,74.24,1.46,13.33,85.16,CRITICAL
2026-01-01T14:29:10,tank01,low_flow,78.22,2.32,29.19,63.07,67.85,1.25,12.73,90.28,CRITICAL
2026-01-01T14:29:15,tank01,normal,76.6,2.15,44.04,65.69,66.43,1.55,12.24,93.96,NORMAL
2026-01-01T14:29:20,tank01,low_flow,78.04,2.36,29.11,63.66,61.86,1.44,12.27,90.22,CRITICAL
2026-01-01T14:29:25,tank01,normal,77.79,2.03,46.65,66.17,65.22,1.32,12.07,95.27,NORMAL
2026-01-01T14:29:30,tank01,normal,76.81,2.09,45.69,65.45,63.91,1.23,11.99,94.49,NORMAL
2026-01-01T14:29:35,tank01,low_quality,84.67,2.05,36.21,64.65,77.79,1.27,13.45,88.53,WARNING
2026-01-01T14:29:40,tank01,normal,79.35,2.04,46.96,65.17,64.48,1.38,12.06,94.27,NORMAL
2026-01-01T14:29:45,tank01,normal,78.66,2.02,47.48,66.89,66.76,1.44,12.2,94.79,NORMAL
2026-01-01T14:29:50,tank01,low_quality,89.11,2.05,39.52,65.63,75.92,1.16,13.38,86.04,WARNING
2026-01-01T14:29:55,tank01,normal,81.09,2.06,48.09,69.86,66.32,1.37,12.25,92.63,NORMAL
2026-01-01T14:30:00,tank01,normal,82.94,2.04,48.34,69.06,61.57,1.04,11.92,91.24,NORMAL
2026-01-01T14:30:05,tank01,normal,81.76,1.92,46.9,67.66,64.24,1.54,12.04,92.29,NORMAL
2026-01-01T14:30:10,tank01,normal,81.56,1.98,47.37,67.06,66.96,1.32,12.28,92.64,NORMAL
2026-01-01T14:30:15,tank01,normal,80.52,1.91,47.9,69.24,62.99,1.49,11.88,92.95,NORMAL
2026-01-01T14:30:20,tank01,normal,81.65,1.95,48.0,69.26,64.14,1.83,12.03,92.25,NORMAL
2026-01-01T14:30:25,tank01,low_flow,81.04,2.12,33.27,68.85,63.84,1.87,12.31,90.18,WARNING
2026-01-01T14:30:30,tank01,normal,82.06,1.92,48.67,68.7,67.51,1.74,12.29,91.65,NORMAL
2026-01-01T14:30:35,tank01,normal,80.49,1.83,47.26,69.52,68.88,1.63,12.31,92.72,NORMAL
2026-01-01T14:30:40,tank01,normal,81.94,1.9,45.88,70.23,65.18,1.8,12.13,92.34,NORMAL
2026-01-01T14:30:45,tank01,normal,81.91,1.84,46.33,68.79,69.69,1.68,12.44,91.93,NORMAL
2026-01-01T14:30:50,tank01,normal,82.16,1.9,45.74,72.05,65.35,1.8,12.15,92.19,NORMAL
2026-01-01T14:30:55,tank01,normal,80.45,1.81,46.15,70.5,67.75,1.72,12.23,92.94,NORMAL
2026-01-01T14:31:00,tank01,normal,81.98,1.92,45.78,70.77,70.69,1.61,12.58,92.42,NORMAL
2026-01-01T14:31:05,tank01,normal,80.73,1.81,46.91,70.85,70.22,1.75,12.42,92.53,NORMAL
2026-01-01T14:31:10,tank01,normal,80.71,1.82,44.54,70.91,73.0,1.35,12.69,92.98,NORMAL
2026-01-01T14:31:15,tank01,high_vibration,80.94,1.9,45.06,68.99,72.86,4.42,12.72,83.63,CRITICAL
2026-01-01T14:31:20,tank01,low_quality,85.8,1.89,33.65,68.89,80.68,1.57,13.66,86.75,WARNING
2026-01-01T14:31:25,tank01,low_flow,80.48,2.06,29.02,69.17,70.88,1.52,12.89,89.85,CRITICAL
2026-01-01T14:31:30,tank01,low_quality,87.1,1.88,34.99,68.3,80.8,1.09,13.68,86.07,WARNING
2026-01-01T14:31:35,tank01,normal,78.64,1.89,42.46,70.87,70.87,1.3,12.52,94.32,NORMAL
2026-01-01T14:31:40,tank01,normal,77.11,1.87,42.79,70.39,74.95,1.3,12.79,94.11,NORMAL
2026-01-01T14:31:45,tank01,high_temp,90.19,1.93,41.54,68.72,86.19,1.06,14.14,85.64,CRITICAL
2026-01-01T14:31:50,tank01,low_quality,84.33,1.88,33.3,68.89,83.22,1.33,13.82,87.74,WARNING
2026-01-01T14:31:55,tank01,normal,76.87,1.91,41.19,68.61,71.67,1.09,12.57,93.77,NORMAL
2026-01-01T14:32:00,tank01,overpressure,75.95,2.88,44.45,68.88,76.39,0.93,13.45,89.91,CRITICAL
2026-01-01T14:32:05,tank01,normal,75.66,1.9,44.59,66.63,76.02,1.23,12.82,93.65,NORMAL
2026-01-01T14:32:10,tank01,normal,76.76,1.83,43.17,67.12,75.98,1.36,12.83,93.75,NORMAL
2026-01-01T14:32:15,tank01,low_flow,73.67,2.2,26.59,65.82,76.82,1.42,13.28,87.14,CRITICAL
2026-01-01T14:32:20,tank01,high_temp,88.93,2.03,43.32,66.49,81.6,1.32,13.76,87.24,WARNING
2026-01-01T14:32:25,tank01,normal,75.42,1.88,44.07,65.22,75.54,1.37,12.78,93.25,NORMAL
2026-01-01T14:32:30,tank01,low_quality,83.75,2.0,36.12,67.79,88.35,1.4,14.24,89.47,WARNING
2026-01-01T14:32:35,tank01,normal,73.77,1.97,43.85,65.04,76.41,1.44,12.85,92.4,NORMAL
2026-01-01T14:32:40,tank01,overpressure,72.74,2.95,46.38,63.13,75.12,1.49,13.27,86.96,CRITICAL
2026-01-01T14:32:45,tank01,normal,74.31,2.03,43.67,64.35,75.56,1.63,12.84,92.76,NORMAL
2026-01-01T14:32:50,tank01,normal,74.35,2.03,46.95,64.22,72.08,1.47,12.51,92.63,NORMAL
2026-01-01T14:32:55,tank01,normal,76.09,2.05,46.51,64.68,71.57,1.72,12.54,93.95,NORMAL
2026-01-01T14:33:00,tank01,normal,75.1,2.03,45.68,63.08,70.24,1.78,12.4,93.52,NORMAL
2026-01-01T14:33:05,tank01,high_vibration,75.92,2.03,47.94,60.59,72.39,4.57,12.57,83.29,CRITICAL
2026-01-01T14:33:10,tank01,normal,74.44,2.09,46.94,62.24,70.13,1.65,12.39,92.39,NORMAL
2026-01-01T14:33:15,tank01,normal,76.13,2.16,48.8,60.9,71.19,1.94,12.54,92.87,NORMAL
2026-01-01T14:33:20,tank01,normal,75.61,2.11,48.16,62.61,69.98,1.67,12.41,92.85,NORMAL
2026-01-01T14:33:25,tank01,normal,76.71,2.16,49.16,59.75,67.03,1.64,12.22,93.21,NORMAL
2026-01-01T14:33:30,tank01,high_vibration,77.77,2.18,48.93,61.33,69.66,4.58,12.48,83.66,CRITICAL
2026-01-01T14:33:35,tank01,low_quality,85.47,2.13,39.37,58.02,78.42,1.91,13.53,88.32,WARNING
2026-01-01T14:33:40,tank01,normal,78.84,2.12,46.48,62.36,67.68,1.86,12.35,94.42,NORMAL
2026-01-01T14:33:45,tank01,normal,78.25,2.1,47.03,61.66,66.39,1.52,12.21,94.8,NORMAL
2026-01-01T14:33:50,tank01,normal,80.0,2.19,46.89,59.16,65.73,1.4,12.27,93.06,NORMAL
2026-01-01T14:33:55,tank01,low_flow,79.05,2.35,32.37,57.62,67.16,1.29,12.67,90.29,WARNING
2026-01-01T14:34:00,tank01,normal,80.53,2.11,45.18,61.04,66.95,1.59,12.36,93.53,NORMAL
2026-01-01T14:34:05,tank01,high_temp,93.73,2.21,44.95,59.49,75.77,1.19,13.52,83.15,CRITICAL
2026-01-01T14:34:10,tank01,normal,80.31,2.17,44.34,58.99,62.91,1.35,12.08,93.23,NORMAL
2026-01-01T14:34:15,tank01,normal,81.98,2.14,44.4,60.93,65.37,1.5,12.31,92.18,NORMAL
2026-01-01T14:34:20,tank01,high_temp,94.22,2.11,43.08,60.9,70.78,1.23,13.11,82.82,CRITICAL
2026-01-01T14:34:25,tank01,low_flow,81.73,2.44,28.83,59.19,66.63,1.42,12.81,86.98,CRITICAL
2026-01-01T14:34:30,tank01,normal,80.06,2.18,43.31,60.56,65.61,1.56,12.31,93.13,NORMAL
2026-01-01T14:34:35,tank01,normal,82.25,2.11,41.62,55.68,64.48,1.2,12.27,91.4,NORMAL
2026-01-01T14:34:40,tank01,low_flow,82.3,2.33,28.92,62.13,64.02,1.34,12.55,87.11,CRITICAL
2026-01-01T14:34:45,tank01,normal,81.29,2.08,41.51,60.62,64.98,1.41,12.26,92.25,NORMAL
2026-01-01T14:34:50,tank01,normal,81.36,2.1,41.96,62.23,63.24,1.37,12.13,92.23,NORMAL
2026-01-01T14:34:55,tank01,normal,82.34,2.05,42.91,61.86,62.9,1.28,12.09,91.99,NORMAL
2026-01-01T14:35:00,tank01,normal,79.87,2.07,41.56,60.67,68.59,1.32,12.5,93.37,NORMAL
2026-01-01T14:35:05,tank01,high_vibration,79.9,2.07,41.74,61.2,66.59,4.23,12.34,84.49,CRITICAL
2026-01-01T14:35:10,tank01,normal,80.77,1.93,41.59,62.56,63.94,1.51,12.07,92.73,NORMAL
2026-01-01T14:35:15,tank01,normal,81.5,1.98,42.89,62.75,64.75,1.38,12.17,92.75,NORMAL
2026-01-01T14:35:20,tank01,normal,80.95,1.91,43.98,64.67,67.96,1.5,12.35,93.08,NORMAL
2026-01-01T14:35:25,tank01,normal,79.82,1.94,43.65,65.36,66.62,1.41,12.23,93.99,NORMAL
2026-01-01T14:35:30,tank01,normal,78.76,1.95,45.26,65.82,66.44,1.66,12.17,95.09,NORMAL
2026-01-01T14:35:35,tank01,normal,79.91,1.85,45.55,64.79,70.81,1.65,12.49,93.68,NORMAL
2026-01-01T14:35:40,tank01,high_vibration,79.4,1.85,44.21,64.29,69.75,4.47,12.41,84.13,CRITICAL
2026-01-01T14:35:45,tank01,overpressure,77.96,2.81,45.26,64.3,71.53,1.64,13.07,91.84,CRITICAL
2026-01-01T14:35:50,tank01,normal,78.5,1.96,45.86,63.76,68.7,1.61,12.34,95.23,NORMAL
2026-01-01T14:35:55,tank01,overpressure,76.96,2.84,46.7,63.84,71.0,1.55,12.99,90.59,CRITICAL
2026-01-01T14:36:00,tank01,normal,77.35,1.89,45.84,66.58,72.44,1.5,12.56,94.76,NORMAL
2026-01-01T14:36:05,tank01,low_quality,83.54,1.92,38.48,68.49,81.54,1.77,13.6,89.82,NORMAL
2026-01-01T14:36:10,tank01,normal,76.24,1.89,47.31,68.71,71.71,1.99,12.45,93.53,NORMAL
2026-01-01T14:36:15,tank01,normal,74.66,1.85,46.61,65.12,76.55,1.75,12.78,92.36,NORMAL
2026-01-01T14:36:20,tank01,normal,75.68,1.97,48.44,68.02,77.89,1.63,12.96,93.24,NORMAL
2026-01-01T14:36:25,tank01,normal,74.61,1.81,48.03,68.43,71.55,1.38,12.33,91.77,NORMAL
2026-01-01T14:36:30,tank01,normal,74.46,1.84,47.98,68.49,75.92,1.48,12.69,91.79,NORMAL
2026-01-01T14:36:35,tank01,normal,73.56,1.81,48.94,69.55,75.47,1.61,12.6,90.75,NORMAL
2026-01-01T14:36:40,tank01,high_temp,88.48,1.84,48.61,67.95,82.54,1.31,13.63,86.45,WARNING
2026-01-01T14:36:45,tank01,normal,73.98,1.9,46.85,69.68,74.76,1.42,12.64,92.05,NORMAL
2026-01-01T14:36:50,tank01,normal,73.65,1.85,47.11,69.51,77.23,1.29,12.79,91.46,NORMAL
2026-01-01T14:36:55,tank01,normal,74.52,1.84,47.52,71.6,75.97,1.27,12.71,91.97,NORMAL
2026-01-01T14:37:00,tank01,normal,73.92,1.88,47.05,70.08,77.98,1.4,12.88,91.81,NORMAL
2026-01-01T14:37:05,tank01,normal,74.3,1.98,45.65,68.67,74.32,1.37,12.68,92.95,NORMAL
2026-01-01T14:37:10,tank01,overpressure,73.51,2.87,46.75,69.0,77.85,1.13,13.46,87.83,CRITICAL
2026-01-01T14:37:15,tank01,normal,75.22,2.0,43.91,69.09,73.85,1.18,12.71,93.63,NORMAL
2026-01-01T14:37:20,tank01,normal,74.82,1.92,44.56,69.6,73.28,1.38,12.59,93.11,NORMAL
2026-01-01T14:37:25,tank01,normal,75.73,1.88,44.28,69.53,74.58,1.42,12.7,93.54,NORMAL
2026-01-01T14:37:30,tank01,low_flow,77.59,2.25,29.21,70.62,75.55,1.15,13.28,90.49,CRITICAL
2026-01-01T14:37:35,tank01,overpressure,76.31,2.91,43.6,69.89,73.71,1.49,13.28,89.84,CRITICAL
2026-01-01T14:37:40,tank01,normal,77.47,1.93,42.97,70.51,74.76,1.63,12.82,94.76,NORMAL
2026-01-01T14:37:45,tank01,low_flow,77.08,2.24,28.59,71.03,75.13,1.42,13.24,90.0,CRITICAL
2026-01-01T14:37:50,tank01,normal,77.45,2.0,44.44,67.92,70.77,1.6,12.52,95.43,NORMAL
2026-01-01T14:37:55,tank01,normal,78.15,2.02,40.88,67.3,74.52,1.37,12.9,94.78,NORMAL
2026-01-01T14:38:00,tank01,normal,78.61,2.03,42.58,68.52,70.91,1.46,12.61,94.79,NORMAL
2026-01-01T14:38:05,tank01,normal,77.9,1.98,41.69,67.93,71.6,1.58,12.63,95.02,NORMAL
2026-01-01T14:38:10,tank01,high_temp,92.03,2.11,43.72,67.31,77.27,1.78,13.55,84.59,CRITICAL
2026-01-01T14:38:15,tank01,normal,79.24,2.08,41.75,69.27,70.14,1.68,12.61,93.87,NORMAL
2026-01-01T14:38:20,tank01,low_flow,80.28,2.31,26.89,65.52,66.66,1.89,12.72,88.24,CRITICAL
2026-01-01T14:38:25,tank01,low_flow,79.63,2.4,27.17,69.5,68.8,1.75,12.92,88.34,CRITICAL
2026-01-01T14:38:30,tank01,normal,81.43,2.13,42.62,67.69,69.53,1.66,12.64,92.19,NORMAL
2026-01-01T14:38:35,tank01,low_flow,81.18,2.36,27.86,62.84,64.7,1.83,12.61,87.52,CRITICAL
2026-01-01T14:38:40,tank01,normal,82.07,2.08,42.95,65.64,65.59,1.71,12.31,92.03,NORMAL
2026-01-01T14:38:45,tank01,high_vibration,83.48,2.08,44.2,66.58,65.46,4.58,12.33,80.98,CRITICAL
2026-01-01T14:38:50,tank01,normal,81.48,2.16,44.59,65.99,65.97,1.65,12.35,92.47,NORMAL
2026-01-01T14:38:55,tank01,low_quality,90.24,2.16,37.02,66.03,76.58,1.51,13.57,84.03,CRITICAL
2026-01-01T14:39:00,tank01,low_flow,82.32,2.47,30.72,65.69,65.0,1.59,12.69,86.86,CRITICAL
2026-01-01T14:39:05,tank01,normal,81.35,2.16,46.77,66.21,64.81,1.55,12.22,92.23,NORMAL
2026-01-01T14:39:10,tank01,low_flow,82.28,2.46,31.63,63.85,64.34,1.36,12.61,87.17,CRITICAL
2026-01-01T14:39:15,tank01,high_temp,94.62,2.28,47.13,63.92,70.88,1.37,13.17,81.61,CRITICAL
2026-01-01T14:39:20,tank01,normal,82.36,2.14,48.36,62.28,65.54,1.3,12.27,91.18,NORMAL
2026-01-01T14:39:25,tank01,normal,81.26,2.07,46.77,60.63,64.24,1.43,12.12,92.75,NORMAL
2026-01-01T14:39:30,tank01,normal,79.94,2.13,48.55,62.16,62.57,1.36,11.95,93.01,NORMAL
2026-01-01T14:39:35,tank01,normal,82.16,2.17,47.16,61.8,61.05,1.58,11.95,91.47,NORMAL
2026-01-01T14:39:40,tank01,normal,79.26,2.18,46.76,62.29,68.66,1.32,12.48,93.7,NORMAL
2026-01-01T14:39:45,tank01,normal,79.36,2.16,48.71,62.77,63.59,1.49,12.04,93.23,NORMAL
2026-01-01T14:39:50,tank01,normal,78.42,2.13,48.09,59.75,63.1,1.19,11.96,94.26,NORMAL
2026-01-01T14:39:55,tank01,normal,76.75,2.05,48.17,63.32,66.99,1.43,12.17,94.0,NORMAL
2026-01-01T14:40:00,tank01,low_flow,76.55,2.34,31.86,62.66,64.89,1.42,12.41,89.95,CRITICAL
2026-01-01T14:40:05,tank01,high_temp,90.97,2.01,48.38,60.98,74.08,1.36,13.14,85.37,CRITICAL
2026-01-01T14:40:10,tank01,normal,76.77,2.12,48.47,57.89,67.03,1.4,12.21,93.58,NORMAL
2026-01-01T14:40:15,tank01,normal,76.86,2.02,46.16,58.94,64.24,1.28,11.97,94.74,NORMAL
2026-01-01T14:40:20,tank01,overpressure,75.06,3.06,44.36,59.44,68.86,1.2,12.93,88.33,CRITICAL
2026-01-01T14:40:25,tank01,low_quality,84.44,1.99,38.48,62.81,76.13,1.21,13.24,89.47,NORMAL
2026-01-01T14:40:30,tank01,overpressure,75.08,2.92,45.19,58.34,71.43,1.44,13.04,89.16,CRITICAL
2026-01-01T14:40:35,tank01,normal,73.61,2.01,43.99,60.29,70.31,1.45,12.38,92.38,NORMAL
2026-01-01T14:40:40,tank01,overpressure,75.04,2.96,42.84,58.09,69.75,1.54,12.96,88.44,CRITICAL
2026-01-01T14:40:45,tank01,normal,73.81,1.93,42.23,60.5,72.92,1.42,12.57,91.84,NORMAL
2026-01-01T14:40:50,tank01,low_flow,74.71,2.31,26.74,59.06,71.4,1.5,12.94,87.42,CRITICAL
2026-01-01T14:40:55,tank01,low_flow,75.03,2.21,28.8,62.81,74.83,1.7,13.13,88.66,CRITICAL
2026-01-01T14:41:00,tank01,normal,74.05,1.88,42.9,60.71,72.65,1.62,12.52,91.91,NORMAL
2026-01-01T14:41:05,tank01,normal,74.57,1.88,42.76,59.39,73.49,1.49,12.6,92.29,NORMAL
2026-01-01T14:41:10,tank01,normal,75.15,1.89,42.96,61.83,75.12,1.77,12.75,92.8,NORMAL
2026-01-01T14:41:15,tank01,normal,73.83,1.89,42.29,60.79,75.01,1.71,12.72,91.66,NORMAL
2026-01-01T14:41:20,tank01,overpressure,74.55,2.94,40.81,62.21,73.9,1.79,13.3,87.64,CRITICAL
2026-01-01T14:41:25,tank01,high_temp,88.87,1.86,43.09,63.05,86.21,1.65,14.03,86.7,WARNING
2026-01-01T14:41:30,tank01,low_quality,82.58,1.89,34.95,62.22,86.06,1.27,13.97,89.51,WARNING
2026-01-01T14:41:35,tank01,overpressure,74.86,2.85,42.97,65.14,77.43,1.5,13.5,88.9,CRITICAL
2026-01-01T14:41:40,tank01,normal,76.46,1.87,42.0,63.23,77.26,1.66,12.97,93.44,NORMAL
2026-01-01T14:41:45,tank01,normal,77.29,1.8,42.89,63.76,78.43,1.82,13.03,93.96,NORMAL
2026-01-01T14:41:50,tank01,high_vibration,76.92,1.84,42.85,62.74,75.62,4.29,12.82,84.67,CRITICAL
2026-01-01T14:41:55,tank01,overpressure,76.02,2.83,43.97,66.24,75.03,1.36,13.32,90.11,CRITICAL
2026-01-01T14:42:00,tank01,normal,78.65,1.9,45.63,64.89,73.44,1.26,12.69,94.87,NORMAL
2026-01-01T14:42:05,tank01,normal,77.93,1.8,46.2,66.71,73.62,1.56,12.62,94.65,NORMAL
2026-01-01T14:42:10,tank01,normal,78.0,1.92,46.27,65.82,74.75,1.41,12.78,95.29,NORMAL
2026-01-01T14:42:15,tank01,normal,78.86,1.91,44.3,65.57,74.85,1.63,12.83,94.72,NORMAL
2026-01-01T14:42:20,tank01,normal,81.01,1.9,47.5,67.1,75.74,1.48,12.91,92.59,NORMAL
2026-01-01T14:42:25,tank01,low_quality,86.66,1.91,37.62,66.38,83.28,1.29,13.84,87.21,WARNING
2026-01-01T14:42:30,tank01,normal,80.07,1.95,48.45,65.79,71.53,1.35,12.57,93.36,NORMAL
2026-01-01T14:42:35,tank01,normal,81.43,1.98,47.34,68.9,73.16,0.98,12.77,92.72,NORMAL
2026-01-01T14:42:40,tank01,normal,81.64,1.9,47.46,66.92,71.93,1.52,12.63,92.14,NORMAL
2026-01-01T14:42:45,tank01,normal,82.55,1.97,48.75,68.44,69.83,1.52,12.52,91.52,NORMAL
2026-01-01T14:42:50,tank01,normal,82.05,1.99,48.88,68.0,70.13,1.56,12.53,91.94,NORMAL
2026-01-01T14:42:55,tank01,normal,80.98,1.99,47.83,67.31,68.53,0.93,12.39,92.99,NORMAL
2026-01-01T14:43:00,tank01,normal,81.05,2.03,48.22,68.14,67.3,1.45,12.31,92.76,NORMAL
2026-01-01T14:43:05,tank01,high_temp,96.94,2.0,47.89,69.94,73.3,1.17,13.25,81.06,CRITICAL
2026-01-01T14:43:10,tank01,normal,81.81,1.95,46.92,69.28,66.15,1.23,12.21,92.42,NORMAL
2026-01-01T14:43:15,tank01,normal,81.66,2.05,47.91,71.56,66.73,1.73,12.3,92.3,NORMAL
2026-01-01T14:43:20,tank01,normal,81.58,2.05,47.5,68.74,65.63,1.68,12.22,92.43,NORMAL
2026-01-01T14:43:25,tank01,normal,81.41,2.07,44.74,70.27,65.21,2.01,12.23,92.98,NORMAL
2026-01-01T14:43:30,tank01,low_flow,81.09,2.27,30.31,69.14,63.67,1.89,12.43,88.68,CRITICAL
2026-01-01T14:43:35,tank01,normal,80.07,2.11,44.68,70.44,64.43,1.61,12.15,93.83,NORMAL
2026-01-01T14:43:40,tank01,low_quality,88.99,2.01,35.42,70.56,76.7,1.73,13.48,85.34,WARNING
2026-01-01T14:43:45,tank01,normal,80.71,2.13,45.26,69.79,61.41,1.54,11.93,93.28,NORMAL
2026-01-01T14:43:50,tank01,normal,79.78,2.02,44.06,68.9,61.93,1.84,11.9,94.33,NORMAL
2026-01-01T14:43:55,tank01,normal,77.69,2.17,42.57,69.22,63.87,1.83,12.1,94.33,NORMAL
2026-01-01T14:44:00,tank01,normal,77.77,2.14,43.14,68.36,63.79,1.72,12.07,94.67,NORMAL
2026-01-01T14:44:05,tank01,overpressure,78.92,3.1,42.71,68.85,64.62,1.72,12.76,89.24,CRITICAL
2026-01-01T14:44:10,tank01,normal,77.6,2.1,42.44,70.55,65.28,1.49,12.17,94.56,NORMAL
2026-01-01T14:44:15,tank01,normal,77.08,2.18,42.87,70.35,63.11,1.73,12.02,93.9,NORMAL
2026-01-01T14:44:20,tank01,high_temp,89.87,2.14,40.54,68.03,71.43,1.67,13.09,85.3,WARNING
2026-01-01T14:44:25,tank01,normal,75.89,2.16,40.29,66.63,65.41,1.73,12.2,92.45,NORMAL
2026-01-01T14:44:30,tank01,high_temp,90.79,2.1,43.07,70.36,75.97,1.5,13.42,85.4,CRITICAL
2026-01-01T14:44:35,tank01,normal,74.32,2.14,42.62,69.36,63.19,1.37,11.93,91.92,NORMAL
2026-01-01T14:44:40,tank01,normal,75.04,2.17,41.28,67.91,66.46,1.62,12.25,92.01,NORMAL
2026-01-01T14:44:45,tank01,normal,74.62,2.11,42.74,67.57,66.57,1.2,12.19,92.34,NORMAL
2026-01-01T14:44:50,tank01,normal,75.61,2.24,42.27,66.89,68.37,1.31,12.45,92.3,NORMAL
2026-01-01T14:44:55,tank01,normal,74.29,2.13,43.07,66.76,68.84,1.19,12.37,92.11,NORMAL
2026-01-01T14:45:00,tank01,normal,74.11,2.13,43.79,68.36,69.82,1.38,12.43,92.13,NORMAL
2026-01-01T14:45:05,tank01,normal,75.76,2.0,45.22,67.68,69.43,1.39,12.35,94.24,NORMAL
2026-01-01T14:45:10,tank01,overpressure,73.53,3.08,45.08,66.2,71.06,1.33,13.06,87.23,CRITICAL
2026-01-01T14:45:15,tank01,normal,74.14,2.05,46.5,63.71,70.13,1.43,12.37,92.46,NORMAL
2026-01-01T14:45:20,tank01,normal,74.3,2.08,45.2,64.44,70.09,1.29,12.41,92.77,NORMAL
2026-01-01T14:45:25,tank01,normal,73.59,2.06,46.39,63.35,69.59,1.29,12.31,92.06,NORMAL
2026-01-01T14:45:30,tank01,normal,73.97,2.01,46.82,64.01,71.87,1.47,12.47,92.49,NORMAL
2026-01-01T14:45:35,tank01,normal,75.51,2.02,47.18,61.33,73.59,1.54,12.65,93.52,NORMAL
2026-01-01T14:45:40,tank01,normal,75.48,2.07,46.5,62.66,73.56,1.72,12.69,93.4,NORMAL
2026-01-01T14:45:45,tank01,normal,74.72,1.94,46.68,62.06,74.3,1.33,12.65,92.79,NORMAL
2026-01-01T14:45:50,tank01,normal,75.76,1.98,46.29,62.45,74.28,1.98,12.71,93.9,NORMAL
2026-01-01T14:45:55,tank01,normal,76.36,1.93,47.66,64.1,75.99,1.8,12.81,93.75,NORMAL
2026-01-01T14:46:00,tank01,normal,76.17,2.0,48.42,60.88,74.87,1.72,12.75,93.75,NORMAL
2026-01-01T14:46:05,tank01,normal,77.07,1.91,47.9,64.43,76.51,1.59,12.86,94.14,NORMAL
2026-01-01T14:46:10,tank01,normal,76.67,1.85,47.36,61.32,75.93,1.72,12.77,93.66,NORMAL
2026-01-01T14:46:15,tank01,low_flow,78.69,2.18,31.72,61.26,75.76,1.49,13.25,91.28,CRITICAL
2026-01-01T14:46:20,tank01,normal,80.06,1.91,46.46,59.74,76.0,1.37,12.93,93.65,NORMAL
2026-01-01T14:46:25,tank01,normal,79.44,1.87,47.07,59.94,77.71,1.59,13.01,93.74,NORMAL
2026-01-01T14:46:30,tank01,high_temp,94.29,1.89,44.89,61.22,83.83,1.75,13.99,83.2,CRITICAL
2026-01-01T14:46:35,tank01,normal,81.4,1.93,45.79,60.67,76.35,1.67,13.02,92.92,NORMAL
2026-01-01T14:46:40,tank01,normal,81.58,1.82,46.5,63.18,77.26,1.94,13.02,92.03,NORMAL
2026-01-01T14:46:45,tank01,normal,78.57,1.94,46.48,57.64,74.74,1.56,12.8,94.9,NORMAL
2026-01-01T14:46:50,tank01,normal,79.57,1.82,44.39,61.88,74.06,1.56,12.74,93.76,NORMAL
2026-01-01T14:46:55,tank01,normal,80.65,1.86,43.14,61.18,71.89,1.25,12.64,92.86,NORMAL
2026-01-01T14:47:00,tank01,normal,81.65,1.86,43.89,60.32,76.41,1.65,13.02,92.3,NORMAL
2026-01-01T14:47:05,tank01,normal,80.94,1.9,43.34,61.64,73.48,1.76,12.79,92.86,NORMAL
2026-01-01T14:47:10,tank01,high_vibration,83.98,1.91,42.31,60.07,72.04,4.15,12.79,81.79,CRITICAL
2026-01-01T14:47:15,tank01,high_temp,95.72,1.79,41.72,60.89,78.67,1.42,13.61,80.84,CRITICAL
2026-01-01T14:47:20,tank01,overpressure,82.98,2.81,41.82,60.36,71.79,1.5,13.29,87.4,CRITICAL
2026-01-01T14:47:25,tank01,normal,80.86,1.83,41.19,60.18,71.7,1.21,12.64,92.07,NORMAL
2026-01-01T14:47:30,tank01,normal,80.53,1.89,42.71,62.01,70.54,1.43,12.55,92.98,NORMAL
2026-01-01T14:47:35,tank01,normal,81.64,1.89,41.68,63.91,65.95,1.13,12.23,91.87,NORMAL
2026-01-01T14:47:40,tank01,normal,81.81,1.82,42.88,60.9,69.21,1.09,12.44,91.7,NORMAL
2026-01-01T14:47:45,tank01,normal,81.85,1.89,43.51,62.44,68.64,1.43,12.43,92.2,NORMAL
2026-01-01T14:47:50,tank01,normal,80.81,1.91,40.78,62.85,67.89,1.25,12.39,92.39,NORMAL
2026-01-01T14:47:55,tank01,normal,80.09,1.98,42.36,62.02,67.75,1.23,12.37,93.66,NORMAL
2026-01-01T14:48:00,tank01,normal,81.25,1.96,43.7,62.54,66.06,1.53,12.24,93.01,NORMAL
2026-01-01T14:48:05,tank01,low_quality,86.95,1.93,35.06,64.31,76.68,1.49,13.38,86.47,WARNING
2026-01-01T14:48:10,tank01,normal,79.13,1.89,44.83,63.85,66.6,1.21,12.16,94.55,NORMAL
2026-01-01T14:48:15,tank01,normal,78.13,1.94,44.71,63.32,65.63,1.77,12.09,95.55,NORMAL
2026-01-01T14:48:20,tank01,normal,78.49,1.92,43.84,67.21,65.1,1.55,12.06,94.94,NORMAL
2026-01-01T14:48:25,tank01,normal,76.73,2.1,44.85,65.15,62.53,1.6,11.89,94.52,NORMAL
2026-01-01T14:48:30,tank01,normal,77.76,2.06,45.79,66.53,65.19,1.73,12.1,95.32,NORMAL
2026-01-01T14:48:35,tank01,high_temp,91.41,2.01,45.08,65.51,73.43,1.61,13.15,85.88,CRITICAL
2026-01-01T14:48:40,tank01,normal,76.22,2.01,46.85,69.12,65.85,1.59,12.06,94.15,NORMAL
2026-01-01T14:48:45,tank01,normal,76.14,2.09,46.55,66.97,63.52,1.69,11.92,93.79,NORMAL
2026-01-01T14:48:50,tank01,normal,76.11,2.12,47.97,67.75,65.27,1.84,12.06,93.24,NORMAL
2026-01-01T14:48:55,tank01,normal,75.33,2.08,47.5,66.76,63.94,1.6,11.91,92.99,NORMAL
2026-01-01T14:49:00,tank01,high_vibration,75.14,2.07,47.94,68.84,64.3,4.76,11.92,81.73,CRITICAL
2026-01-01T14:49:05,tank01,normal,73.92,2.13,47.85,69.87,65.66,1.81,12.03,91.57,NORMAL
2026-01-01T14:49:10,tank01,normal,74.12,2.18,49.08,69.41,64.09,1.66,11.92,91.18,NORMAL
2026-01-01T14:49:15,tank01,normal,74.4,2.18,47.17,70.32,66.52,1.47,12.15,91.87,NORMAL
2026-01-01T14:49:20,tank01,high_temp,88.37,2.15,48.02,69.11,76.6,1.79,13.35,86.74,WARNING
2026-01-01T14:49:25,tank01,normal,74.55,2.14,48.22,67.53,66.64,1.78,12.13,91.89,NORMAL
2026-01-01T14:49:30,tank01,normal,73.88,2.21,46.83,70.8,67.52,1.41,12.24,91.41,NORMAL
2026-01-01T14:49:35,tank01,normal,73.7,2.09,47.08,69.51,65.71,1.56,12.01,91.82,NORMAL
2026-01-01T14:49:40,tank01,normal,75.34,2.24,46.97,70.05,66.13,1.61,12.19,92.3,NORMAL
2026-01-01T14:49:45,tank01,high_temp,87.01,2.21,46.06,68.65,77.68,1.34,13.46,87.93,WARNING
2026-01-01T14:49:50,tank01,low_quality,82.38,2.18,36.99,71.58,80.57,1.45,13.67,89.82,WARNING
2026-01-01T14:49:55,tank01,low_quality,83.82,2.17,37.31,69.3,78.63,1.57,13.55,88.86,WARNING
2026-01-01T14:50:00,tank01,normal,76.01,2.12,43.54,68.87,70.08,1.43,12.51,93.54,NORMAL
2026-01-01T14:50:05,tank01,normal,75.09,2.07,44.14,70.76,69.73,1.07,12.41,93.24,NORMAL
2026-01-01T14:50:10,tank01,normal,75.53,1.99,42.95,71.44,71.14,1.54,12.51,93.6,NORMAL
2026-01-01T14:50:15,tank01,normal,77.77,2.12,43.53,69.76,72.81,1.28,12.78,94.87,NORMAL
2026-01-01T14:50:20,tank01,normal,77.35,2.06,44.18,69.51,72.51,1.56,12.69,95.02,NORMAL
2026-01-01T14:50:25,tank01,normal,79.01,2.19,43.18,68.63,72.89,1.73,12.87,93.86,NORMAL
2026-01-01T14:50:30,tank01,high_temp,92.48,2.1,41.64,66.96,81.34,1.27,13.92,83.79,CRITICAL
2026-01-01T14:50:35,tank01,normal,78.81,2.12,41.58,70.07,75.21,1.43,13.03,93.96,NORMAL
2026-01-01T14:50:40,tank01,normal,79.65,2.14,43.03,68.21,75.6,1.54,13.07,93.59,NORMAL
2026-01-01T14:50:45,tank01,normal,79.55,2.06,41.79,71.78,72.49,1.3,12.79,93.75,NORMAL
2026-01-01T14:50:50,tank01,normal,81.32,1.97,42.87,67.66,72.76,1.23,12.8,92.82,NORMAL
2026-01-01T14:50:55,tank01,normal,80.55,1.94,43.62,68.38,74.75,1.42,12.9,93.42,NORMAL
2026-01-01T14:51:00,tank01,low_flow,80.7,2.2,27.39,68.11,75.49,1.63,13.37,88.55,CRITICAL
2026-01-01T14:51:05,tank01,normal,81.67,1.98,42.4,67.61,77.7,1.82,13.22,92.49,NORMAL
2026-01-01T14:51:10,tank01,overpressure,80.68,2.95,42.85,67.16,77.99,1.44,13.79,88.7,CRITICAL
2026-01-01T14:51:15,tank01,normal,80.88,1.96,43.16,64.18,77.45,1.8,13.15,93.16,NORMAL
2026-01-01T14:51:20,tank01,normal,83.15,1.9,43.09,64.32,74.9,1.7,12.98,91.16,NORMAL
2026-01-01T14:51:25,tank01,normal,81.86,1.93,45.45,66.27,78.02,1.73,13.17,92.65,NORMAL
2026-01-01T14:51:30,tank01,normal,82.81,1.93,44.8,62.64,73.86,1.7,12.88,92.01,NORMAL
2026-01-01T14:51:35,tank01,overpressure,82.52,2.91,45.16,64.85,73.92,1.94,13.46,88.04,CRITICAL
2026-01-01T14:51:40,tank01,normal,82.67,1.94,47.77,65.31,73.43,1.8,12.8,91.51,NORMAL
2026-01-01T14:51:45,tank01,normal,80.99,1.94,46.33,61.74,73.21,1.6,12.75,93.1,NORMAL
2026-01-01T14:51:50,tank01,normal,80.66,1.85,46.61,61.89,76.5,1.49,12.95,92.85,NORMAL
2026-01-01T14:51:55,tank01,high_temp,93.65,1.91,46.29,62.63,79.16,1.85,13.59,83.49,CRITICAL
2026-01-01T14:52:00,tank01,normal,80.09,1.94,47.47,62.01,70.28,1.7,12.48,93.52,NORMAL
2026-01-01T14:52:05,tank01,normal,80.33,1.87,47.97,64.9,71.41,1.69,12.52,92.85,NORMAL
2026-01-01T14:52:10,tank01,normal,79.08,1.94,47.42,63.48,73.1,1.76,12.67,94.27,NORMAL
2026-01-01T14:52:15,tank01,normal,78.83,1.82,48.18,62.06,72.89,1.31,12.57,93.7,NORMAL
2026-01-01T14:52:20,tank01,normal,78.3,1.9,48.39,61.44,71.38,1.39,12.47,94.43,NORMAL
2026-01-01T14:52:25,tank01,normal,77.16,1.81,48.73,59.97,68.87,1.12,12.18,93.51,NORMAL
2026-01-01T14:52:30,tank01,normal,77.15,1.84,46.11,59.73,64.86,1.06,11.91,94.27,NORMAL
2026-01-01T14:52:35,tank01,high_temp,92.3,1.89,47.49,61.6,74.94,1.36,13.19,84.1,CRITICAL
2026-01-01T14:52:40,tank01,high_temp,89.83,1.93,47.59,60.29,73.73,1.49,13.04,86.15,WARNING
2026-01-01T14:52:45,tank01,normal,76.6,1.91,47.08,59.97,65.9,1.51,12.01,94.0,NORMAL
2026-01-01T14:52:50,tank01,high_temp,91.07,1.89,46.31,60.65,72.26,1.18,12.95,85.31,CRITICAL
2026-01-01T14:52:55,tank01,normal,74.92,1.92,45.64,59.83,63.15,1.27,11.77,93.13,NORMAL
2026-01-01T14:53:00,tank01,normal,74.69,1.94,45.56,60.64,63.77,1.38,11.82,93.08,NORMAL
2026-01-01T14:53:05,tank01,normal,74.51,1.88,43.86,60.34,64.52,1.23,11.87,92.51,NORMAL
2026-01-01T14:53:10,tank01,normal,74.57,1.95,44.79,57.69,65.6,1.14,11.98,93.12,NORMAL
2026-01-01T14:53:15,tank01,normal,74.39,1.89,45.25,60.35,63.51,1.54,11.77,92.68,NORMAL
2026-01-01T14:53:20,tank01,high_temp,87.81,2.03,42.22,61.57,71.02,1.6,12.9,87.78,WARNING
2026-01-01T14:53:25,tank01,normal,73.64,2.02,43.74,61.32,64.01,1.41,11.88,92.33,NORMAL
2026-01-01T14:53:30,tank01,normal,74.08,1.99,43.58,58.56,62.91,1.26,11.79,92.65,NORMAL
2026-01-01T14:53:35,tank01,normal,73.59,1.96,42.55,61.07,62.42,1.8,11.74,91.88,NORMAL
2026-01-01T14:53:40,tank01,low_quality,82.94,1.96,35.87,62.5,73.69,1.55,13.02,89.83,WARNING
2026-01-01T14:53:45,tank01,normal,73.0,1.98,42.26,62.38,63.73,1.66,11.84,91.46,NORMAL
2026-01-01T14:53:50,tank01,normal,74.96,2.03,42.16,61.92,64.89,1.78,12.03,92.85,NORMAL
2026-01-01T14:53:55,tank01,overpressure,73.99,3.04,42.66,61.87,64.39,1.46,12.56,87.2,CRITICAL
2026-01-01T14:54:00,tank01,high_temp,88.31,2.02,42.41,62.13,73.88,1.81,13.13,87.54,WARNING
2026-01-01T14:54:05,tank01,normal,74.73,2.02,42.87,63.0,65.54,1.45,12.05,92.91,NORMAL
2026-01-01T14:54:10,tank01,normal,74.81,1.99,42.21,64.02,68.41,1.82,12.27,92.84,NORMAL
2026-01-01T14:54:15,tank01,normal,76.44,2.03,43.04,64.41,65.34,1.7,12.09,94.2,NORMAL
2026-01-01T14:54:20,tank01,normal,77.54,2.15,43.55,62.59,67.23,1.98,12.34,94.53,NORMAL
2026-01-01T14:54:25,tank01,normal,76.57,2.12,42.89,65.75,67.05,1.57,12.29,93.79,NORMAL
2026-01-01T14:54:30,tank01,normal,78.78,2.07,44.66,64.21,70.6,1.79,12.58,94.98,NORMAL
2026-01-01T14:54:35,tank01,normal,76.96,2.18,44.89,66.81,68.64,1.7,12.43,94.32,NORMAL
2026-01-01T14:54:40,tank01,normal,77.82,2.19,47.63,65.21,69.69,1.33,12.51,94.23,NORMAL
2026-01-01T14:54:45,tank01,normal,79.48,2.09,45.06,64.14,68.6,1.45,12.45,94.44,NORMAL
2026-01-01T14:54:50,tank01,overpressure,80.32,3.13,45.66,65.77,71.96,1.42,13.36,88.43,CRITICAL
2026-01-01T14:54:55,tank01,overpressure,80.31,3.07,46.3,67.77,72.96,1.33,13.4,88.57,CRITICAL
2026-01-01T14:55:00,tank01,normal,80.12,2.11,45.45,66.31,72.25,1.55,12.77,93.74,NORMAL
2026-01-01T14:55:05,tank01,low_flow,82.33,2.37,32.13,65.76,74.77,1.48,13.39,87.71,WARNING
2026-01-01T14:55:10,tank01,normal,80.28,2.17,48.53,70.33,72.07,1.28,12.75,92.55,NORMAL
2026-01-01T14:55:15,tank01,high_temp,95.47,2.01,47.94,65.98,82.34,1.36,13.94,82.12,CRITICAL
2026-01-01T14:55:20,tank01,normal,81.61,2.11,47.83,68.09,73.52,1.45,12.88,92.05,NORMAL
2026-01-01T14:55:25,tank01,normal,81.78,2.13,46.9,68.33,76.9,1.3,13.18,92.03,NORMAL
2026-01-01T14:55:30,tank01,normal,82.99,2.19,49.62,67.33,75.12,1.12,13.07,90.14,NORMAL
2026-01-01T14:55:35,tank01,normal,82.42,2.09,47.85,67.57,73.15,1.43,12.86,91.54,NORMAL
2026-01-01T14:55:40,tank01,normal,82.09,2.12,48.85,69.55,76.35,1.57,13.11,91.39,NORMAL
2026-01-01T14:55:45,tank01,normal,82.73,2.07,47.23,69.57,74.74,1.18,12.99,91.55,NORMAL
2026-01-01T14:55:50,tank01,high_temp,95.18,2.12,46.16,71.64,85.53,1.11,14.28,82.22,CRITICAL
2026-01-01T14:55:55,tank01,normal,81.48,2.05,46.38,72.04,76.25,1.49,13.08,92.81,NORMAL
2026-01-01T14:56:00,tank01,normal,81.46,2.03,48.79,68.64,75.55,1.57,12.97,92.33,NORMAL
2026-01-01T14:56:05,tank01,normal,79.9,2.0,45.64,71.74,75.59,1.27,12.96,94.41,NORMAL
2026-01-01T14:56:10,tank01,normal,80.6,2.0,45.4,70.7,78.5,1.71,13.22,93.94,NORMAL
2026-01-01T14:56:15,tank01,low_flow,79.04,2.29,30.07,70.67,73.1,1.54,13.14,90.06,CRITICAL
2026-01-01T14:56:20,tank01,normal,80.8,1.98,44.23,70.0,75.52,1.64,12.99,93.62,NORMAL
2026-01-01T14:56:25,tank01,normal,79.09,2.04,43.64,69.67,77.29,1.66,13.12,94.65,NORMAL
2026-01-01T14:56:30,tank01,normal,80.97,1.92,42.16,70.18,74.55,1.6,12.91,92.66,NORMAL
2026-01-01T14:56:35,tank01,normal,78.73,1.89,42.44,70.9,72.97,1.82,12.7,94.28,NORMAL
